season,person_id,n,pps,xpps,pae,v,tau2,k,pae_shrunk,post_sd,player_name
2020,1713,304,0.9046052631578947,1.0257997318433936,-0.12119446868549888,0.005522175736048763,0.004123785332124418,0.42751420029372034,-0.05181235636010339,0.04858815229743022,Carter
2020,2037,4,1.25,0.9471642939888039,0.30283570601119614,0.37925379533257436,0.004123785332124418,0.010756459271756611,0.00325743993774309,0.06387040005475114,Crawford
2020,2199,18,1.5555555555555556,1.5586282148273212,-0.0030726592717655876,0.03257180254093541,0.004123785332124418,0.11237823321947396,-0.00034530002024645224,0.0605009224915116,Chandler
2020,2544,1302,1.1013824884792627,1.0687320208960278,0.032650467583234866,0.0009775476541062753,0.004123785332124418,0.8083740746301347,0.026393791518838694,0.028110926350709598,James
2020,2546,781,0.971830985915493,1.0002234456988495,-0.028392459783356472,0.001621511416454761,0.004123785332124418,0.7177671602679594,-0.020379175231722016,0.03411550446249931,Anthony
2020,2594,293,1.1979522184300342,1.0286845271697014,0.1692676912603328,0.006259756922816475,0.004123785332124418,0.39714629467243323,0.06722403639179858,0.049860197226311444,Korver
2020,2617,11,0.8181818181818182,1.128817840119873,-0.31063602193805473,0.10578139466497806,0.004123785332124418,0.037521300927155,-0.011655467657952074,0.06300044080574985,Haslem
2020,2730,277,1.4693140794223827,1.317917106986602,0.15139697243578065,0.002799890435919996,0.004123785332124418,0.5956063614586588,0.09017299988833216,0.04083665700104756,Howard
2020,2738,87,1.0344827586206897,1.127604390873095,-0.09312163225240533,0.01713712795185269,0.004123785332124418,0.19396087444805263,-0.01806195322170652,0.057653554296933966,Iguodala
2020,2747,22,0.6818181818181818,1.022364951611052,-0.34054676979287024,0.06968926053858676,0.004123785332124418,0.055867974061760334,-0.019025658101604344,0.06239709769014119,Smith
2020,2772,323,1.1176470588235294,1.1414865612308795,-0.02383950240735011,0.005020250051798058,0.004123785332124418,0.4509809027396235,-0.01075116031653018,0.047581896771130616,Ariza
2020,101107,266,1.105263157894737,1.0398299728099996,0.06543318508473739,0.005971838441995125,0.004123785332124418,0.4084725643893223,0.026727660907723834,0.04938959569100038,Williams
2020,101108,875,1.1154285714285714,0.9407435355086645,0.17468503591990692,0.0015152355998219603,0.004123785332124418,0.7312945601535552,0.12774621650845633,0.03328788896131458,Paul
2020,101133,209,1.0191387559808613,1.1218769298604878,-0.10273817387962647,0.004734828577898876,0.004123785332124418,0.46551135132534227,-0.0478257861554029,0.04694801859068766,Mahinmi
2020,101139,59,0.8305084745762712,1.0454491224572886,-0.2149406478810174,0.027067744490186552,0.004123785332124418,0.1322084987692626,-0.028416980380841998,0.05982128270204128,Miles
2020,101141,312,1.0961538461538463,1.0658717912508233,0.030282054903022937,0.004459160914924216,0.004123785332124418,0.4804626772004357,0.01454939716983698,0.046286719383123634,Ilyasova
2020,101150,934,0.9561027837259101,0.9829474519086044,-0.026844668182694376,0.0014148003034199748,0.004123785332124418,0.7445556688082312,-0.019987349872701055,0.032456087043002395,Williams
2020,200746,792,1.0643939393939394,0.9606824834780289,0.10371145591591058,0.0014467419394282336,0.004123785332124418,0.7402863555095766,0.07677617572458155,0.032726187032744644,Aldridge
2020,200752,595,1.0184873949579831,1.0025648603192086,0.015922534638774577,0.0022498008305020167,0.004123785332124418,0.6470117806370227,0.010302067488888213,0.03815295062536792,Gay
2020,200755,630,1.1936507936507936,1.0216373423364093,0.17201345131438428,0.002618171220049672,0.004123785332124418,0.6116600277992913,0.10521375241280832,0.040017879519520856,Redick
2020,200757,91,0.978021978021978,1.0583260280098796,-0.08030404998790164,0.017534948544083145,0.004123785332124418,0.19039826407648217,-0.01528975171600752,0.05778082522311246,Sefolosha
2020,200765,328,0.9603658536585366,1.005993460374232,-0.045627606715695435,0.0041631220530051315,0.004123785332124418,0.4976265741215293,-0.022705509615296,0.04551571338435476,Rondo
2020,200768,797,1.0439146800501882,1.0671786503000413,-0.02326397024985316,0.002002644751216681,0.004123785332124418,0.6731139139803058,-0.015659302069600055,0.03671522908553855,Lowry
2020,200782,426,1.0821596244131455,1.1023199607919596,-0.020160336378814092,0.004117738667729483,0.004123785332124418,0.5003668413994209,-0.010087563835417045,0.04539140767678461,Tucker
2020,200794,438,1.08675799086758,1.0703664557494994,0.016391535118080558,0.0027933243616717436,0.004123785332124418,0.5961717414750515,0.00977217003679555,0.04080810028906675,Millsap
2020,200826,206,0.9805825242718447,1.0466458099396354,-0.06606328566779074,0.006849860826614807,0.004123785332124418,0.3757898944864652,-0.02482591515052829,0.0507356726306112,Barea
2020,201143,709,1.0394922425952045,1.0043585049970327,0.03513373759817173,0.001933700952543259,0.004123785332124418,0.6807750176112294,0.023918170832143672,0.03628243790075976,Horford
2020,201144,562,0.9911032028469751,0.9875146399919305,0.003588562855044608,0.002574452635548406,0.004123785332124418,0.6156522584038843,0.002209306826132504,0.039811651299954995,Conley
2020,201145,337,1.1275964391691395,1.1176000024028354,0.009996436766304129,0.004366907145814892,0.004123785332124418,0.48568303973308663,0.004855099795158176,0.04605358549354777,Green
2020,201147,4,1.0,1.1266758676945297,-0.12667586769452965,0.30324232937508105,0.004123785332124418,0.013416525553093915,-0.0016995500158840011,0.06378446880581899,Brewer
2020,201149,8,1.0,1.084330568994639,-0.08433056899463898,0.11501471073272525,0.004123785332124418,0.034613374084223394,-0.0029189655313468497,0.0630955403160997,Noah
2020,201152,599,1.0300500834724542,1.0664692272266734,-0.036419143754219174,0.0022213913635264807,0.004123785332124418,0.6499086676263778,-0.023669117193398103,0.03799607218313805,Young
2020,201158,314,0.9968152866242038,1.013939090439871,-0.01712380381566725,0.004983547050547858,0.004123785332124418,0.4527983781475225,-0.007753630595450488,0.047503073815385245,Belinelli
2020,201162,60,1.1,1.0488632854195852,0.05113671458041491,0.028364229524028745,0.004123785332124418,0.1269325118934862,0.006490911631672325,0.06000285744369472,Dudley
2020,201163,183,1.010928961748634,1.0364951706701424,-0.025566208921508515,0.009169732661214566,0.004123785332124418,0.31021023435562606,-0.007930899661126055,0.05333427526285333,Chandler
2020,201188,279,1.0573476702508962,1.032415208977465,0.024932461273431183,0.00542121749792434,0.004123785332124418,0.43203605127724753,0.010771722117196103,0.048395882065712485,Gasol
2020,201229,182,0.9835164835164835,1.0793565963021672,-0.09584011278568372,0.009998249414004082,0.004123785332124418,0.29201070569911586,-0.02798633896883036,0.054033284807969095,Tolliver
2020,201565,751,1.0426098535286286,0.9682492288518206,0.07436062467680793,0.0015433358546737578,0.004123785332124418,0.7276684574402554,0.05410988105286662,0.03351174153461278,Rose
2020,201566,1280,0.984375,1.0554592991030725,-0.07108429910307246,0.0008603245005201041,0.004123785332124418,0.8273865285060094,-0.058814191466173955,0.026679971924160554,Westbrook
2020,201567,727,1.1004126547455295,1.0117709957681849,0.08864165897734466,0.0021014499285650183,0.004123785332124418,0.6624304398847273,0.05871893314847441,0.03731037926067026,Love
2020,201568,816,1.0955882352941178,1.026394954068297,0.06919328122582069,0.001862148259107969,0.004123785332124418,0.6889126431613838,0.04766812625828908,0.03581699986236201,Gallinari
2020,201569,461,0.9501084598698482,1.0401678637032856,-0.09005940383343747,0.003585329189962322,0.004123785332124418,0.5349233456462095,-0.04817487760548543,0.04379356443060623,Gordon
2020,201571,456,0.9605263157894737,0.9780924365643754,-0.017566120774901717,0.003097201871568983,0.004123785332124418,0.5710833180835965,-0.01003171853798807,0.04205663231394473,Augustin
2020,201572,671,1.022354694485842,1.0742169318969725,-0.05186223741113061,0.0021628022758335814,0.004123785332124418,0.655965619075163,-0.03401984467001537,0.0376659519168751,Lopez
2020,201577,299,1.100334448160535,1.0606110455326296,0.03972340262790541,0.004430097389560503,0.004123785332124418,0.48209514512868207,0.01915045955490513,0.046213942094938905,Lopez
2020,201580,305,1.2885245901639344,1.2882938893517053,0.0002307008122290899,0.0025016148636349657,0.004123785332124418,0.6224205648383119,0.00014359292985628746,0.039459555704944166,McGee
2020,201583,7,0.7142857142857143,1.0121826485365661,-0.29789693425085184,0.2451923968012024,0.004123785332124418,0.01654038376826716,-0.00492732961589934,0.06368340710226746,Anderson
2020,201584,82,1.2317073170731707,1.1058045541985642,0.12590276287460656,0.01909761787474012,0.004123785332124418,0.17758553586914053,0.022358509612492337,0.058236249055977164,Lee
2020,201586,670,1.128358208955224,1.0377393028405004,0.09061890611472356,0.0017820281217649162,0.004123785332124418,0.6982586504503722,0.06327543508895585,0.035274871386982855,Ibaka
2020,201587,81,0.8641975308641975,1.0902457250864155,-0.226048194222218,0.019986464065868847,0.004123785332124418,0.17103868417336435,-0.03866298569953327,0.05846758516566626,Batum
2020,201588,375,1.2506666666666666,1.0834336816758143,0.16723298499085226,0.00383079984956555,0.004123785332124418,0.5184161383571118,0.08669627828489046,0.04456398169857331,Hill
2020,201599,287,1.3310104529616724,1.386338522315966,-0.055328069354293685,0.002437933862050238,0.004123785332124418,0.628461110585991,-0.03477153991297814,0.03914264455142609,Jordan
2020,201601,5,0.8,1.0142181918620916,-0.21421819186209157,0.276255487956274,0.004123785332124418,0.01470788223308749,-0.003150695938092584,0.06374271082331688,Mbah a Moute
2020,201609,723,1.053941908713693,1.0062469640017824,0.0476949447119106,0.0020203474479492736,0.004123785332124418,0.671174513919759,0.03201163133344638,0.03682398289602008,Dragic
2020,201933,250,0.812,1.0219556999485735,-0.20995569994857344,0.005736350619654968,0.004123785332124418,0.41822803988622775,-0.08780936085243284,0.04898063572227749,Griffin
2020,201935,1513,1.0859220092531394,1.0884474708483003,-0.0025254615951608717,0.001035035241197571,0.004123785332124418,0.79936591581609,-0.0020187679208741338,0.028764072964060982,Harden
2020,201937,692,0.9421965317919075,1.0140992315372475,-0.07190269974533992,0.0018621873726929633,0.004123785332124418,0.6889081416635403,-0.049534355262153634,0.0358172590010908,Rubio
2020,201939,82,0.9512195121951219,1.0301838518144615,-0.07896433961933957,0.019251017287640095,0.004123785332124418,0.17642011353873682,-0.013930897761155261,0.05827749699173473,Curry
2020,201942,1047,1.072588347659981,0.9570650941830185,0.11552325347696235,0.0009223194635874629,0.004123785332124418,0.8172215003597946,0.09440808653288803,0.027454312882386755,DeRozan
2020,201949,212,1.1273584905660377,1.0992140095631335,0.02814448100290412,0.006295202478096442,0.004123785332124418,0.39579519692681187,0.011139450400947352,0.04991603854987228,Johnson
2020,201950,1004,1.0338645418326693,1.0391676465878887,-0.0053031047552194455,0.001309816691801349,0.004123785332124418,0.7589413641201846,-0.0040247455569984835,0.031528940147475676,Holiday
2020,201952,488,0.9610655737704918,1.0057484066885751,-0.04468283291808328,0.002434287022891473,0.004123785332124418,0.628810587759126,-0.02809703842996277,0.03912423102936082,Teague
2020,201959,286,1.1818181818181819,1.132270516304993,0.04954766551318879,0.0032134021663838518,0.004123785332124418,0.5620389737842775,0.027847719078439262,0.04249773236245146,Gibson
2020,201960,66,0.8787878787878788,1.0446212412566787,-0.16583336246879987,0.0226114341572815,0.004123785332124418,0.15424542647792763,-0.025579037718268794,0.059056839611237796,Carroll
2020,201961,174,0.9885057471264368,1.0601040431157147,-0.07159829598927792,0.010731219722599432,0.004123785332124418,0.2776024186415922,-0.01987586013724016,0.054580331163963804,Ellington
2020,201976,341,1.096774193548387,1.0697881499418818,0.02698604360650525,0.004788329514055929,0.004123785332124418,0.4627168077722692,0.012486895952005365,0.04707059110852232,Beverley
2020,201980,474,1.0843881856540085,1.1022080101498208,-0.01781982449581232,0.003671665539927886,0.004123785332124418,0.5289989507738058,-0.00942666846125808,0.04407161465403997,Green
2020,201988,595,1.1260504201680672,1.0682170933520045,0.05783332681606268,0.0028661276056411765,0.004123785332124418,0.5899623312679818,0.034119484313387426,0.041120643525309614,Mills
2020,202066,586,0.9744027303754266,1.0872820703328079,-0.11287933995738131,0.0028530610906061793,0.004123785332124418,0.5910672361497176,-0.06671927948701374,0.04106520343783643,Temple
2020,202083,422,1.04739336492891,1.0807498145689873,-0.033356449640077335,0.004111039880302708,0.004123785332124418,0.5007738750667394,-0.01670403854473007,0.045372914513100125,Matthews
2020,202323,67,0.746268656716418,0.9501567018254419,-0.20388804510902392,0.015257963222901873,0.004123785332124418,0.2127664240621361,-0.04338053026686652,0.056977032858937265,Turner
2020,202324,339,1.2359882005899705,1.20918167624728,0.026806524342690485,0.0025019390563786816,0.004123785332124418,0.622390110171195,0.01668411563895395,0.03946114703022637,Favors
2020,202329,86,0.686046511627907,1.0241025319530002,-0.3380560203250932,0.016297019476496238,0.004123785332124418,0.20194039220156293,-0.06826716533054884,0.057367469046491495,Aminu
2020,202330,699,1.1230329041487839,1.0163791748756812,0.10665372927310268,0.0018151973507308005,0.004123785332124418,0.6943588746316856,0.07405596343334403,0.03550208993408494,Hayward
2020,202331,780,1.0807692307692307,1.0321448485887206,0.04862438218051013,0.0019164988592717434,0.004123785332124418,0.6827137931686025,0.03319653639893587,0.036172091532239485,George
2020,202334,46,0.9565217391304348,1.0276106024696745,-0.0710888633392397,0.01968322438522265,0.004123785332124418,0.17321727428538017,-0.012313819139668988,0.05839070540039566,Davis
2020,202335,232,1.1077586206896552,1.0888467077402977,0.018911912949357568,0.00759933930693236,0.004123785332124418,0.35176503356328814,0.006652549693376748,0.05170282242162295,Patterson
2020,202339,703,1.0554765291607398,1.0334394052631797,0.022037123897560074,0.0018240051325303088,0.004123785332124418,0.69333063372531,0.015279013077378499,0.03556175803381291,Bledsoe
2020,202340,382,1.0549738219895288,1.0674675530963933,-0.01249373110686447,0.003823023886322334,0.004123785332124418,0.5189234092284443,-0.006483289539957575,0.044540505033645074,Bradley
2020,202355,702,1.2478632478632479,1.1406425157305085,0.10722073213273942,0.0012339527595158612,0.004123785332124418,0.7696877416532907,0.08252648317366061,0.03081814908099786,Whiteside
2020,202357,653,1.1669218989280246,1.036232829029314,0.13068906989871065,0.002238576374583289,0.004123785332124418,0.6481532365217143,0.08470654363286186,0.03809121319132805,Bjelica
2020,202397,689,0.9840348330914369,0.9728437913168703,0.011191041774566646,0.0017720722099035533,0.004123785332124418,0.6994377497638754,0.007827437076316422,0.035205883015684176,Smith
2020,202498,23,0.8695652173913043,1.0388493880718692,-0.1692841706805649,0.07024036252825785,0.004123785332124418,0.05545394455224272,-0.00938747501449244,0.06241077766677354,Thomas
2020,202681,415,1.0939759036144578,0.9896761218056013,0.10429978180885657,0.0032115358701024777,0.004123785332124418,0.5621819711006653,0.058635456922672295,0.0424907938936742,Irving
2020,202683,348,1.146551724137931,1.0876204687169766,0.058931255420954454,0.002702521951713505,0.004123785332124418,0.6041019193331597,0.035600484508511256,0.04040542906677425,Freedom
2020,202684,562,1.0409252669039146,1.1318065109612254,-0.0908812440573108,0.0015926699835684761,0.004123785332124418,0.7213885361447231,-0.06556068761351475,0.03389592701207777,Thompson
2020,202685,738,1.2140921409214092,1.0857082968172793,0.12838384410412984,0.0014002150327973046,0.004123785332124418,0.7465215531684444,0.09584130670235044,0.032330955770803436,Valančiūnas
2020,202687,278,1.0863309352517985,1.1862304047132919,-0.09989946946149342,0.002893093702010761,0.004123785332124418,0.587695086670775,-0.058710427363536814,0.04123417216278129,Biyombo
2020,202688,167,0.9760479041916168,1.0404294090567066,-0.06438150486508976,0.010878762784528529,0.004123785332124418,0.27487232835780634,-0.017696694145446657,0.05468336910099458,Knight
2020,202689,883,1.0566251415628538,1.0327015192633926,0.02392362229946121,0.0017457795863599721,0.004123785332124418,0.7025708701402763,0.01680804013583978,0.03502190575999623,Walker
2020,202692,765,0.9908496732026144,0.98983022179379,0.0010194514088244233,0.0017897322681291537,0.004123785332124418,0.6973489572344538,0.0007109133768949064,0.03532800490982642,Burks
2020,202693,454,1.0881057268722467,1.0465274931563602,0.04157823371588654,0.0032368544038008746,0.004123785332124418,0.5602482229903655,0.023294131554403533,0.042584526859036236,Morris
2020,202694,806,1.0570719602977667,0.970823285357319,0.08624867494044774,0.0017747242349411682,0.004123785332124418,0.6991232760135939,0.06029845617619739,0.03522429589293147,Morris Sr.
2020,202695,1133,1.0476610767872905,1.0008713900404314,0.04678968674685913,0.0010980958906582907,0.004123785332124418,0.7897125875120687,0.03695040458974127,0.02944792262873781,Leonard
2020,202696,1033,1.0493707647628268,0.9966081966571054,0.05276256810572133,0.0012013026953886642,0.004123785332124418,0.7744069789678771,0.040859700969338525,0.030500773615793803,Vučević
2020,202697,64,0.78125,1.0628659380975491,-0.28161593809754915,0.023705653637465775,0.004123785332124418,0.14818068508785118,-0.04173004263895272,0.059268203924659216,Shumpert
2020,202699,1173,1.0545609548167092,1.0241489399706114,0.03041201484609779,0.0010751893812672925,0.004123785332124418,0.7931920348645319,0.02412256794010666,0.029203281548348992,Harris
2020,202704,325,1.0,1.0063253504950818,-0.006325350495081761,0.004398665575370347,0.004123785332124418,0.4838731694538601,-0.0030606673919617547,0.04613454511883733,Jackson
2020,202709,410,0.9707317073170731,0.9874493331791491,-0.016717625862075924,0.003363671180491327,0.004123785332124418,0.5507591697095243,-0.009207385739311407,0.043041523515592,Joseph
2020,202710,753,0.9548472775564409,1.030947228647055,-0.07609995109061396,0.0014102975888741899,0.004123785332124418,0.7451614641473955,-0.056706750976227085,0.03241757881472694,Butler III
2020,202711,934,1.0974304068522485,1.0359211865895208,0.06150922026272765,0.0015885466779509414,0.004123785332124418,0.721909252622383,0.04440407522925126,0.03386423696224874,Bogdanović
2020,202718,18,0.7777777777777778,0.9911076265926972,-0.21332984881491945,0.09783802632636392,0.004123785332124418,0.040444410167373795,-0.008627999906414443,0.06290469987774983,Parsons
2020,202722,609,1.1986863711001643,1.0548002441507025,0.1438861269494618,0.0029041953137685875,0.004123785332124418,0.5867667456560607,0.0844275944551905,0.04128056725639288,Bertans
2020,202734,437,0.9954233409610984,1.0068771137615047,-0.01145377280040627,0.003146994496849374,0.004123785332124418,0.5671723569033522,-0.006496263314641933,0.042247938244841465,Moore
2020,202738,426,1.0,0.9753319466921333,0.0246680533078667,0.0034224953859861326,0.004123785332124418,0.5464659328439265,0.013480250762327084,0.043246700842456715,Thomas
2020,202951,22,1.1363636363636365,1.0047999712566873,0.13156366510694917,0.05964062549238744,0.004123785332124418,0.06467220944726712,0.008508512905446726,0.06210548303821249,Pargo
2020,202954,362,0.9972375690607734,1.0120871897162704,-0.014849620655496998,0.003402244128690237,0.004123785332124418,0.5479363791485927,-0.008136647373703176,0.04317653678624639,Wanamaker
2020,203076,1092,1.075091575091575,1.0712894106844248,0.003802164407150199,0.0009932105394755326,0.004123785332124418,0.8058996793435009,0.003064163076533618,0.0282918372553625,Davis
2020,203077,66,0.7424242424242424,0.953311450113744,-0.21088720768950153,0.019248215718999647,0.004123785332124418,0.17644126076770333,-0.03720920480451615,0.058276748785334814,Kidd-Gilchrist
2020,203078,1302,1.0414746543778801,1.0443744734856824,-0.0028998191078022373,0.0010321880402151507,0.004123785332124418,0.7998073369128386,-0.002319296598140271,0.028732413188553473,Beal
2020,203079,99,0.9797979797979798,1.0274991629322816,-0.04770118313430183,0.014737054101978711,0.004123785332124418,0.21864272513067562,-0.010429516672441174,0.05676398214761564,Waiters
2020,203081,1344,1.1272321428571428,1.0662979143536775,0.060934228503465304,0.0011040459992922565,0.004123785332124418,0.7888137682144626,0.04806575839905958,0.029510789297879286,Lillard
2020,203082,841,1.0214030915576695,1.0332126786382188,-0.011809587080549244,0.0018877348314826562,0.004123785332124418,0.685980454176841,-0.008101145909156124,0.03598540255528504,Ross
2020,203083,782,1.0754475703324808,1.1085599930278778,-0.03311242269539694,0.0011738188256760402,0.004123785332124418,0.7784245876605087,-0.025775523983104832,0.030227957843112958,Drummond
2020,203084,792,1.0467171717171717,1.0254097000215547,0.021307471695616975,0.0016323912258617164,0.004123785332124418,0.7164105010648201,0.015264896473881429,0.03419740072071865,Barnes
2020,203085,501,1.033932135728543,1.053845746907076,-0.019913611178533186,0.003065433054817849,0.004123785332124418,0.5736069083134856,-0.011422584941475288,0.04193272680396577,Rivers
2020,203086,234,1.2435897435897436,1.1432733743230394,0.10031636926670418,0.006310224260456379,0.004123785332124418,0.3952253729052228,0.03964757445193119,0.04993957084772011,Leonard
2020,203087,478,1.0146443514644352,1.0035170617578182,0.011127289706617027,0.0027277781669683963,0.004123785332124418,0.6018750804353533,0.006697238387197602,0.040518905509081854,Lamb
2020,203089,170,1.1647058823529413,1.167518500203018,-0.002812617850076693,0.0063352609760870095,0.004123785332124418,0.3942792880539043,-0.0011089569634959414,0.049978617300674384,Henson
2020,203090,283,1.1236749116607774,1.229073969411253,-0.10539905775047553,0.00427918255426466,0.004123785332124418,0.49075343234430596,-0.05172494935690159,0.045826013639997706,Harkless
2020,203092,4,0.5,1.0025343200217076,-0.5025343200217076,0.23825647236633074,0.004123785332124418,0.01701370140985167,-0.008549968869052177,0.0636680805412361,Zeller
2020,203095,929,1.1205597416576965,1.0214736497347034,0.099086091922993,0.0015812410381691856,0.004123785332124418,0.7228337021538065,0.07162276665664942,0.033807903123639016,Fournier
2020,203107,551,0.9764065335753176,1.0510877710939073,-0.07468123751858968,0.002406339683230841,0.004123785332124418,0.6315017434471079,-0.04716133169577695,0.03898214598102877,Satoransky
2020,203109,561,1.0463458110516934,1.1167921847931876,-0.0704463737414942,0.0030613063355894566,0.004123785332124418,0.573936356393976,-0.040431735066361454,0.04191652423632006,Crowder
2020,203110,316,0.8924050632911392,1.0065570478814159,-0.11415198459027665,0.004343746471700323,0.004123785332124418,0.487011496108196,-0.05559332879903037,0.04599406992099603,Green
2020,203114,945,1.1523809523809523,0.9822656089698798,0.17011534341107248,0.0014429036122942027,0.004123785332124418,0.7407967955994893,0.1260209012812292,0.03269401126118472,Middleton
2020,203115,737,1.0434192672998643,1.0571760869558162,-0.01375681965595188,0.0018490665137061804,0.004123785332124418,0.6904215002424784,-0.009498004065427511,0.03573003325552819,Barton
2020,203118,348,1.0862068965517242,1.0548215068168816,0.03138538973484262,0.0046643449944800824,0.004123785332124418,0.4692448995254874,0.014727434052694489,0.046783758915749984,Scott
2020,203124,85,1.0705882352941176,1.052274439724725,0.01831379556939261,0.014813844976997202,0.004123785332124418,0.21775614291816273,0.0039879414853826725,0.05679617719511155,O'Quinn
2020,203145,529,0.9149338374291115,1.0724744041157204,-0.15754056668660887,0.0026843353015473578,0.004123785332124418,0.605715667217895,-0.09542478946446459,0.04032299527829384,Bazemore
2020,203200,482,1.1410788381742738,1.1161292876435294,0.024949550530744435,0.0034921669475218345,0.004123785332124418,0.541466802929595,0.013509353360412571,0.04348439343455363,Holiday
2020,203210,352,1.1193181818181819,1.0801597611022307,0.039158420715951214,0.004768002516365298,0.004123785332124418,0.46377459768395723,0.01816068081347941,0.04702423256985075,Green
2020,203382,381,1.1154855643044619,1.1349422573401227,-0.019456693035660777,0.003595375555481598,0.004123785332124418,0.5342271513922738,-0.01039429369595495,0.0438263304554505,Baynes
2020,203457,268,1.376865671641791,1.3031169940397473,0.07374867760204373,0.0026624731172755593,0.004123785332124418,0.6076670027928324,0.044814637878368806,0.040223091119297734,Noel
2020,203458,319,1.1598746081504703,1.2069055180634045,-0.04703090991293424,0.0031726028079369977,0.004123785332124418,0.5651817382743713,-0.026581011417217536,0.04234497809473969,Len
2020,203459,175,0.9257142857142857,1.0329512379678374,-0.10723695225355168,0.009634994809928943,0.004123785332124418,0.2997202724041046,-0.03214108854122047,0.053738284946991344,Crabbe
2020,203460,28,0.6785714285714286,1.110757073523691,-0.4321856449522623,0.051518837406221055,0.004123785332124418,0.07411198698372208,-0.0320301368932536,0.06179128908888654,Roberson
2020,203463,542,1.2269372693726937,1.126807288171609,0.10012998120108474,0.0034006074423368086,0.004123785332124418,0.5480555648451906,0.05487679340509881,0.0431708447059663,McLemore
2020,203468,1356,1.0442477876106195,1.020235117025964,0.024012670584655504,0.0010210410202938388,0.004123785332124418,0.8015402366663139,0.019247121663415006,0.028607786720617485,McCollum
2020,203469,479,1.0855949895615866,1.1490410977181817,-0.06344610815659513,0.002130981429072473,0.004123785332124418,0.6593028148879055,-0.04183019770132567,0.03748282346170487,Zeller
2020,203471,961,1.072840790842872,0.9793431158265695,0.09349767501630257,0.0013677648519649466,0.004123785332124418,0.7509328320575557,0.07021047389078906,0.03204839362393724,Schröder
2020,203473,255,0.8862745098039215,1.0972635497600214,-0.21098903995609986,0.005274185479397912,0.004123785332124418,0.4387952904757348,-0.09258099707473325,0.04810704469675215,Dedmon
2020,203476,364,1.0604395604395604,1.0932420077267335,-0.032802447287173075,0.003735510450521414,0.004123785332124418,0.5247016330941734,-0.01721149766106525,0.0442722083685571,Dieng
2020,203482,397,1.1662468513853905,1.069077684204003,0.09716916718138746,0.0039764866523601585,0.004123785332124418,0.5090922057954596,0.04946806565568032,0.044993314627467,Olynyk
2020,203484,506,1.1185770750988142,1.0927433331434715,0.025833741955342715,0.0028711650925751834,0.004123785332124418,0.5895374637056865,0.015229958710379927,0.04114194193954724,Caldwell-Pope
2020,203486,287,1.2334494773519165,1.2624581459098354,-0.02900866855791895,0.0027092197156154273,0.004123785332124418,0.6035097740032321,-0.017507015005524332,0.04043563500547713,Plumlee
2020,203487,260,0.9384615384615385,1.0365560690480284,-0.09809453058648998,0.004725920789429237,0.004123785332124418,0.46597991791849985,-0.04571008131094637,0.046927435275620676,Carter-Williams
2020,203488,189,1.1005291005291005,1.0624558153389176,0.038073285190182826,0.00929734012019658,0.004123785332124418,0.30726076935755536,0.011698426899505194,0.053448179373206596,Muscala
2020,203490,139,1.064748201438849,1.005857606674193,0.05889059476465586,0.010391687704239209,0.004123785332124418,0.28409582807213124,0.01673057228532522,0.05433447453875691,Porter Jr.
2020,203493,224,0.96875,1.0467706344751846,-0.07802063447518459,0.006681550678255838,0.004123785332124418,0.3816434147131437,-0.02977606135919547,0.05049722582903421,Bullock Jr.
2020,203496,718,1.073816155988858,1.0850412331322692,-0.011225077143411255,0.0022996051879263135,0.004123785332124418,0.6419951144573799,-0.007206444685477227,0.03842310887772537,Covington
2020,203497,557,1.385996409335727,1.3373866632090456,0.04860974612668145,0.0013239845989675648,0.004123785332124418,0.7569676003732819,0.03679600288026849,0.031657754892153354,Gobert
2020,203500,476,1.184873949579832,1.1009660841263516,0.08390786545348039,0.001786082001363308,0.004123785332124418,0.6977796792082561,0.05854920343917906,0.035302857192455815,Adams
2020,203501,881,1.1032917139614076,1.0443279858853156,0.05896372807609196,0.0017971255851913818,0.004123785332124418,0.6964781922430788,0.041066950738349,0.035378789956807155,Hardaway Jr.
2020,203503,381,1.1601049868766404,1.0618231518380123,0.09828183503862808,0.004421469670411447,0.004123785332124418,0.48258189262937795,0.047429033964029456,0.04619222014312094,Snell
2020,203504,207,1.0628019323671498,0.9983319427708885,0.06446998959626127,0.006456738969228871,0.004123785332124418,0.3897524559909541,0.025127336782854087,0.05016502637245847,Burke
2020,203506,246,0.9227642276422764,1.0578599270841689,-0.13509569944189248,0.00573998146373613,0.004123785332124418,0.41807409050414857,-0.05648001167519101,0.04898711595881262,Oladipo
2020,203507,1238,1.178513731825525,1.1610105136272426,0.017503218198282378,0.0008963508772011182,0.004123785332124418,0.8214488930527357,0.014377999213839558,0.027134967032662986,Antetokounmpo
2020,203516,357,1.050420168067227,1.146195313828278,-0.09577514576105117,0.0039776350211742665,0.004123785332124418,0.5090200424479051,-0.048751468760744564,0.04499662151006894,Ennis III
2020,203521,175,0.8285714285714286,1.0229689843713714,-0.19439755579994278,0.0086401072387987,0.004123785332124418,0.32308210909880564,-0.06280637233149827,0.05283430769444171,Dellavedova
2020,203524,278,1.0179856115107915,1.0502511998332202,-0.03226558832242876,0.005790881942576061,0.004123785332124418,0.4159277581252969,-0.013420153815541555,0.04907737303426015,Hill
2020,203526,220,1.0727272727272728,1.0116910121167582,0.06103626061051459,0.006226418546837406,0.004123785332124418,0.3984255170573561,0.024318403692991816,0.04980726883637775,Neto
2020,203552,573,1.2443280977312392,1.0011949904092063,0.24313310732203286,0.00274658876928987,0.004123785332124418,0.6002271886876617,0.14593510148479932,0.040602675471845,Curry
2020,203584,186,1.021505376344086,1.0423093597798763,-0.020803983435790263,0.009364134910444346,0.004123785332124418,0.3057391545888209,-0.006360592307738349,0.053506847141042785,Daniels
2020,203585,180,0.9333333333333333,1.073079202705697,-0.13974586937236366,0.008168608769833873,0.004123785332124418,0.3354745461234001,-0.04688118210031366,0.052348450975359756,McGruder
2020,203648,46,1.0434782608695652,1.27907723925172,-0.23559897838215482,0.021656086826206844,0.004123785332124418,0.15996143451749964,-0.037686750552866875,0.05885693429627109,Antetokounmpo
2020,203658,48,1.0416666666666667,1.239713297845792,-0.19804663117912535,0.01789166971762798,0.004123785332124418,0.18731319987731967,-0.03709674821108532,0.05789081020297641,Pelle
2020,203705,15,0.7333333333333333,0.889877082402531,-0.15654374906919777,0.08278349756501119,0.004123785332124418,0.04745039995100726,-0.0074280635031635555,0.06267463656697993,Magette
2020,203894,456,0.9912280701754386,1.0552010236821594,-0.06397295350672083,0.0033539071221066617,0.004123785332124418,0.5514783280223124,-0.03527969743853553,0.043007058630433075,Napier
2020,203895,364,0.9423076923076923,0.981341541167365,-0.03903384885967276,0.003596035279264136,0.004123785332124418,0.5341814971763544,-0.02085115982441553,0.043828478291817366,McRae
2020,203897,1197,1.0543024227234754,1.10670020980058,-0.05239778707710463,0.0011170537469804844,0.004123785332124418,0.7868559346853159,-0.04122950972599733,0.029647265812787246,LaVine
2020,203901,440,0.9090909090909091,1.0345761370874835,-0.12548522799657447,0.00248552340975835,0.004123785332124418,0.623935950516618,-0.07829474500583722,0.039380292167515485,Payton
2020,203903,865,1.0867052023121386,1.0306921062909764,0.05601309602116222,0.0017066529868917971,0.004123785332124418,0.7072856458620824,0.039617258796062566,0.03474321746897108,Clarkson
2020,203914,518,0.9768339768339769,1.085460935601231,-0.10862695876725414,0.00265154927111988,0.004123785332124418,0.6086467419852278,-0.06611544454545291,0.040172836906054075,Harris
2020,203915,1016,0.9557086614173228,1.0484658778155092,-0.09275721639818635,0.001347838089709596,0.004123785332124418,0.7536676072532383,-0.06990810933829195,0.03187196115767285,Dinwiddie
2020,203918,172,1.2151162790697674,1.0188368546656463,0.19627942440412105,0.00821667153351554,0.004123785332124418,0.3341679629063364,0.06559029541355338,0.05239988920050663,Hood
2020,203920,143,1.020979020979021,1.0962729730314078,-0.07529395205238676,0.0060516529481038596,0.004123785332124418,0.40526857109804065,-0.030514272360595167,0.04952317379832694,Birch
2020,203922,591,1.104906937394247,1.0386657420773626,0.06624119531688444,0.002182330439437024,0.004123785332124418,0.6539342887933275,0.043317388948366724,0.037776986431229266,Robinson III
2020,203924,633,1.1121642969984202,1.0866757082109681,0.025488588787452082,0.0020881021826971474,0.004123785332124418,0.6638538322345768,0.016920697344801332,0.03723163488326675,Grant
2020,203925,784,1.191326530612245,1.0816439211851276,0.10968260942711727,0.0019303947253483,0.004123785332124418,0.6811467932861363,0.07470995769053666,0.03626130412640265,Harris
2020,203926,547,1.210237659963437,1.079966274247613,0.13027138571582397,0.0027708848649769793,0.004123785332124418,0.5981120509372743,0.07791688568893221,0.04070994509333602,McDermott
2020,203932,761,0.9763469119579501,1.1001213037711983,-0.12377439181324823,0.0015949292104949166,0.004123785332124418,0.7211035454543961,-0.08925415277299488,0.03391325859360415,Gordon
2020,203933,997,1.1624874623871615,1.0298544693349165,0.13263299305224496,0.0011758567846735693,0.004123785332124418,0.7781252471848014,0.10320508050363815,0.030248369397837743,Warren
2020,203935,676,0.9600591715976331,1.011068819642987,-0.051009648045353795,0.0023445609270540116,0.004123785332124418,0.6375331756973994,-0.032520342909561045,0.038661807684597246,Smart
2020,203937,329,1.027355623100304,1.0395649142916685,-0.01220929119136449,0.003699012325758491,0.004123785332124418,0.5271496864001007,-0.006436124022695304,0.044158047822720786,Anderson
2020,203939,229,1.3187772925764192,1.3167020059633796,0.002075286613039573,0.004106453583162522,0.004123785332124418,0.5010529310959432,0.0010398284403276504,0.045360231527771334,Powell
2020,203943,92,1.1630434782608696,1.135065005211904,0.027978473048965613,0.01159641573172744,0.004123785332124418,0.26232395599614444,0.007339423732936169,0.05515448893900356,Vonleh
2020,203944,1006,0.9840954274353877,1.040160620828722,-0.05606519339333427,0.0011563491781594838,0.004123785332124418,0.7810000529518122,-0.043786919008947656,0.030051768157187377,Randle
2020,203952,978,1.007157464212679,1.0205874454452355,-0.013429981232556454,0.0013232305828067895,0.004123785332124418,0.7570723854175665,-0.010167467927844665,0.03165092943000273,Wiggins
2020,203953,427,1.100702576112412,1.174896903862135,-0.07419432774972301,0.0026397737300447133,0.004123785332124418,0.609706412588328,-0.04523675740668626,0.04011841187024322,Parker
2020,203954,799,1.027534418022528,0.961289761036437,0.06624465698609106,0.001435240800061819,0.004123785332124418,0.7418179432991131,0.04914147519997729,0.03262954762850433,Embiid
2020,203957,118,1.076271186440678,1.1204093728166038,-0.044138186375925814,0.010795282391683543,0.004123785332124418,0.2764103902781841,-0.012200253322340883,0.054625344109199496,Exum
2020,203960,115,1.2,1.1917768876881456,0.008223112311854353,0.008402786191178162,0.004123785332124418,0.32920303248603483,0.0027070735095357013,0.05259489229447693,Sampson
2020,203967,538,1.1078066914498141,1.0976555031620094,0.010151188287804702,0.002607802462436541,0.004123785332124418,0.6126021761844043,0.006218640035966797,0.03996930651822312,Šarić
2020,203991,388,1.2577319587628866,1.3237216732663757,-0.06598971450348912,0.0019089834605619373,0.004123785332124418,0.6835642925887968,-0.0451082125127142,0.03612357857110414,Capela
2020,203992,764,1.0968586387434556,1.0159050324913272,0.08095360625212833,0.002072484541507653,0.004123785332124418,0.6655270697089856,0.05387681635135398,0.03713885517792328,Bogdanović
2020,203994,109,1.0091743119266054,1.1249027872494783,-0.11572847532287289,0.008903159532056303,0.004123785332124418,0.31655813201937333,-0.036634789969658785,0.053088299563446385,Nurkić
2020,203998,89,0.9213483146067416,1.160986482987201,-0.23963816838045937,0.01433822699010676,0.004123785332124418,0.22336597225421245,-0.05352701246951998,0.05659215503978256,Caboclo
2020,203999,1067,1.134020618556701,0.9639864482342084,0.17003417032249257,0.0011226664059239525,0.004123785332124418,0.7860141554753779,0.13364926478799055,0.029705751748321286,Jokić
2020,204001,930,1.0086021505376344,1.0284700366725252,-0.019867886134890878,0.0014725636345490607,0.004123785332124418,0.7368706556152509,-0.014640062281906193,0.03294068807455824,Porziņģis
2020,204020,249,0.9317269076305221,1.0221289292491684,-0.0904020216186463,0.005896495367501579,0.004123785332124418,0.41154389340393793,-0.03720439994852467,0.04926120848070908,Johnson
2020,204025,94,0.8297872340425532,0.9644149142921595,-0.13462768024960636,0.013882262827618773,0.004123785332124418,0.22902223161571467,-0.030832731768011722,0.056385696880123175,Frazier
2020,204038,541,1.1164510166358594,1.0205877573195414,0.095863259316318,0.0029961772243057966,0.004123785332124418,0.5791863790632051,0.05552269404861529,0.041657472769928316,Galloway
2020,204060,552,1.1467391304347827,1.0383047311258267,0.10843439930895604,0.003029983364857091,0.004123785332124418,0.5764493523343053,0.06250693925240715,0.041792726020871016,Ingles
2020,204456,410,1.0463414634146342,0.9645436324750291,0.08179783093960513,0.00239354365628493,0.004123785332124418,0.6327416245916548,0.051756892436799276,0.038916509370815575,McConnell
2020,1626143,162,1.2530864197530864,1.1550364871871839,0.09804993256590255,0.005413565081067953,0.004123785332124418,0.432382701008895,0.042395094676584956,0.048381110899188735,Okafor
2020,1626144,326,1.01840490797546,0.9903989066394333,0.02800600133602671,0.0037764308846669438,0.004123785332124418,0.5219838570189508,0.01461868059705711,0.044398603119286756,Mudiay
2020,1626145,428,1.030373831775701,0.9964928176703255,0.03388101410537547,0.0029481666453862357,0.004123785332124418,0.5831184014312271,0.0197566427839954,0.04146239526861039,Jones
2020,1626147,38,0.6842105263157895,1.1249609824205933,-0.4407504561048038,0.04631544468073513,0.004123785332124418,0.08175749968968704,-0.03603465527821792,0.06153563970670103,Anderson
2020,1626149,805,1.1701863354037267,1.1560993721754254,0.014086963228301386,0.001050174640812404,0.004123785332124418,0.7970269104698333,0.011227688779755203,0.028931253851509398,Harrell
2020,1626153,408,1.0465686274509804,1.0420261053611573,0.004542522089823198,0.0030574490676175507,0.004123785332124418,0.574244635751284,0.0026085189428626835,0.04190135709212941,Wright
2020,1626156,844,1.0402843601895735,0.9840459361843747,0.05623842400519874,0.001791454836201485,0.004123785332124418,0.6971458833076439,0.03920638577893408,0.0353398551806517,Russell
2020,1626157,622,1.1993569131832797,1.0863315346356999,0.11302537854757988,0.0022610101693492594,0.004123785332124418,0.6458758673120549,0.07300036439769149,0.03821428926631803,Towns
2020,1626158,344,1.2965116279069768,1.143986464176275,0.1525251637307019,0.00241139577695579,0.004123785332124418,0.6310131675455309,0.09624538669611093,0.03900797979161174,Holmes
2020,1626159,129,0.8217054263565892,0.9800936572333072,-0.15838823087671805,0.008992155585646065,0.004123785332124418,0.3144101790316238,-0.04979887202645109,0.0531716583112018,Winslow
2020,1626161,302,1.1589403973509933,1.2078343456886083,-0.048893948337614956,0.0025309812967953113,0.004123785332124418,0.6196739212767606,-0.030298304693073208,0.03960281688041005,Cauley-Stein
2020,1626162,825,1.0351515151515152,1.1255214731645506,-0.09036995801303549,0.001560532833329075,0.004123785332124418,0.7254670150567519,-0.06556042369052086,0.03364691808313653,Oubre Jr.
2020,1626163,307,1.0325732899022801,1.0874700653647882,-0.05489677546250804,0.004357730631616455,0.004123785332124418,0.48620852094766004,-0.02669128000242183,0.04603005284687982,Kaminsky
2020,1626164,1280,1.08984375,1.0316226535130935,0.05822109648690654,0.0009947980683127238,0.004123785332124418,0.8056497295271647,0.046905810637451216,0.028310047592158723,Booker
2020,1626166,68,1.1911764705882353,0.9785705434330246,0.21260592715521065,0.020837875569433045,0.004123785332124418,0.16520476535546227,0.03512351230885708,0.058672960927112806,Payne
2020,1626167,586,1.0614334470989761,1.025527686324028,0.035905760774948225,0.002365630198268906,0.004123785332124418,0.6354632883054839,0.02281679281115866,0.03877204076014974,Turner
2020,1626168,343,1.0816326530612246,1.094902384915395,-0.013269731854170352,0.004274907597773122,0.004123785332124418,0.4910032271146179,-0.006515481163343285,0.04581477301180703,Lyles
2020,1626169,58,0.8793103448275862,1.0494797884550175,-0.17016944362743136,0.023015075785158122,0.004123785332124418,0.15195130386286967,-0.025857468836807295,0.05913688167343232,Johnson
2020,1626170,27,0.8148148148148148,1.0286347433258811,-0.21381992851106635,0.04667120945865444,0.004123785332124418,0.08118487557898195,-0.017358944292477738,0.06155482379977597,Grant
2020,1626171,589,1.0135823429541595,0.9869524173956571,0.02662992555850241,0.002161781187078204,0.004123785332124418,0.6560721805307624,0.017471153328538557,0.03766011812563494,Portis
2020,1626172,78,0.7564102564102564,0.988221547887726,-0.2318112914774696,0.014179778966031878,0.004123785332124418,0.22529957908470338,-0.05222698639695539,0.05652166162243563,Looney
2020,1626174,507,1.242603550295858,1.1409959024169831,0.10160764787887477,0.002215827575764945,0.004123785332124418,0.6504790421813536,0.0660936454705507,0.03796510765324671,Wood
2020,1626178,328,0.9542682926829268,1.1732896915332505,-0.21902139885032368,0.002852685924638478,0.004123785332124418,0.5910990213178156,-0.12946333450808525,0.0410636074667206,Hollis-Jefferson
2020,1626179,941,1.0286928799149841,1.0194834213140667,0.009209458600917486,0.0015331225682688097,0.004123785332124418,0.7289822292913345,0.006713531661463083,0.033430810752858704,Rozier
2020,1626181,595,1.1781512605042017,1.1263125771569906,0.05183868334721109,0.0023676497916264045,0.004123785332124418,0.6352655851148135,0.03293133150814759,0.03878255316794543,Powell
2020,1626184,4,0.0,1.0017166854488773,-1.0017166854488773,0.38667798400410364,0.004123785332124418,0.010552115306766948,-0.01057022996956895,0.06387699643689805,Randle
2020,1626187,29,0.6206896551724138,1.0920820699138738,-0.47139241474146,0.06149793277006401,0.004123785332124418,0.06284177634152636,-0.029623136696274865,0.062166223438476526,Frazier II
2020,1626188,213,1.0,1.016232995076697,-0.016232995076697065,0.006500695908810114,0.004123785332124418,0.388139923127361,-0.006300673461196029,0.05023126128537793,Cook
2020,1626192,301,1.0930232558139534,1.1476834763452686,-0.05466022053131514,0.004897944052938683,0.004123785332124418,0.4570947715359314,-0.024984901015865122,0.047316219395401635,Connaughton
2020,1626195,139,1.1007194244604317,1.078294421926551,0.0224250025338808,0.007549221955224557,0.004123785332124418,0.3532753154873563,0.007922199844961505,0.051642557720508304,Hernangomez
2020,1626196,646,0.9922600619195047,0.9950447886237407,-0.002784726704236018,0.002101512865352523,0.004123785332124418,0.6624237428169709,-0.001844669086142391,0.037310749360537306,Richardson
2020,1626203,241,0.8589211618257261,1.051819709395345,-0.19289854756961888,0.006171397980148226,0.004123785332124418,0.4005548232646378,-0.07726644362975402,0.04971904290343908,Graham
2020,1626204,429,1.1981351981351982,1.1658676571516664,0.032267540983531795,0.002874472019534479,0.004123785332124418,0.5892588861635529,0.01901393525919274,0.04115590092002829,Nance Jr.
2020,1626209,217,0.9585253456221198,1.0581715173818562,-0.09964617175973645,0.0060078745064394805,0.004123785332124418,0.40701971817373406,-0.040557956746739426,0.049450211207174424,Hezonja
2020,1626220,360,1.1333333333333333,1.0834949974646317,0.049838335868701567,0.004601201472236952,0.004123785332124418,0.47264086749828166,0.023555634299653835,0.04663384881577376,O'Neale
2020,1626224,607,1.0790774299835255,1.1126540185080334,-0.033576588524507844,0.002475412307620454,0.004123785332124418,0.6248919273591941,-0.020981739117226304,0.0393302068125457,Osman
2020,1626245,54,1.2592592592592593,1.156013762796832,0.1032454964624272,0.017116211519611513,0.004123785332124418,0.19415188057277816,0.020045307298850356,0.05764672284539707,Felicio
2020,1626246,211,1.1658767772511849,1.0495923780603074,0.11628439919087752,0.004598015412885298,0.004123785332124418,0.4728135224235536,0.05498083638434543,0.04662621433833212,Marjanović
2020,1626259,29,1.103448275862069,1.05158985419057,0.05185842167149901,0.06174284574518544,0.004123785332124418,0.06260811073340299,0.003246757806468715,0.06217397303864366,Miller
2020,1627732,645,1.165891472868217,1.1819187159966378,-0.016027243128420743,0.0013017047915186305,0.004123785332124418,0.7600760923246181,-0.012181924327786626,0.03145464498762802,Simmons
2020,1627733,92,1.0543478260869565,1.1041359580033274,-0.04978813191637088,0.015025717863172602,0.004123785332124418,0.2153468573084021,-0.01072171773944662,0.056883575139375156,Bender
2020,1627734,848,1.1002358490566038,1.0793003681154874,0.020935480941116413,0.001146782453899659,0.004123785332124418,0.7824176634364569,0.01638029008086678,0.02995434606280193,Sabonis
2020,1627736,533,1.0525328330206378,1.0494878060594734,0.0030450269611643765,0.0028183355715178248,0.004123785332124418,0.5940238421893285,0.001808818615040958,0.0409164823118004,Beasley
2020,1627737,384,1.1145833333333333,1.230882360651097,-0.11629902731776376,0.0023084090636692704,0.004123785332124418,0.6411164026418656,-0.07456121402471276,0.038470234139208456,Chriss
2020,1627739,341,0.9765395894428153,1.0763327955504294,-0.09979320610761411,0.0037817200366251397,0.004123785332124418,0.5216346254631273,-0.05205559169170996,0.044414818640982415,Dunn
2020,1627740,7,0.2857142857142857,0.9556041001758118,-0.6698898144615261,0.21958206571797215,0.004123785332124418,0.01843396278088828,-0.012348723907079926,0.06362206870886597,Ellenson
2020,1627741,1161,1.09130060292851,1.0348952536909628,0.05640534923754714,0.0013775920149071278,0.004123785332124418,0.7495914335615509,0.04228096659551289,0.0321345790904001,Hield
2020,1627742,1094,1.0639853747714807,1.0317273106849238,0.03225806408655685,0.0011944492914793769,0.004123785332124418,0.7754049273835943,0.025013061840571945,0.0304332362085098,Ingram
2020,1627745,178,1.3707865168539326,1.4332008177905013,-0.062414300936568745,0.0038833390384258406,0.004123785332124418,0.5150145222286621,-0.03214427137708289,0.04472109121574289,Jones
2020,1627746,147,1.1224489795918366,1.0549729138026862,0.06747606578915044,0.006510316425323005,0.004123785332124418,0.3877887786090058,0.02616646113771557,0.050245672997126394,Labissiere
2020,1627747,732,0.9590163934426229,1.006910279337185,-0.047893885894562005,0.0017366228095878186,0.004123785332124418,0.7036686238237958,-0.033701424777000354,0.03495721645846068,LeVert
2020,1627748,192,1.0833333333333333,1.1138189897653645,-0.03048565643203127,0.006373195682975747,0.004123785332124418,0.39285441463524146,-0.011976424712376728,0.05003736663126153,Maker
2020,1627749,637,0.9874411302982732,1.0155156845385618,-0.028074554240288596,0.001756898991206638,0.004123785332124418,0.7012424244171195,-0.019687068479889897,0.03510003002918565,Murray
2020,1627750,891,1.0415263748597081,1.0263081541123618,0.015218220747346356,0.001488778242197421,0.004123785332124418,0.7347418479126432,0.011181463633847788,0.0330736704465088,Murray
2020,1627751,266,1.2481203007518797,1.1538849490074992,0.09423535174438058,0.003207234343837188,0.004123785332124418,0.5625118352425514,0.05300850065445889,0.042474784011278945,Poeltl
2020,1627752,735,0.9551020408163265,1.0751771745488314,-0.12007513373250489,0.002167298902205762,0.004123785332124418,0.6554967599418072,-0.07870886111123616,0.037691609254863506,Prince
2020,1627756,235,1.0212765957446808,0.9854155899945871,0.035861005750093655,0.006712078192419879,0.004123785332124418,0.3805682235461565,0.013647559252891645,0.05054110875309455,Valentine
2020,1627759,885,1.1107344632768361,1.041838154151515,0.06889630912532119,0.001516034483987103,0.004123785332124418,0.7311909718008754,0.05037635922283712,0.03329430473264412,Brown
2020,1627761,226,0.9867256637168141,1.1599152089468043,-0.1731895452299902,0.005181996506528538,0.004123785332124418,0.4431422747302821,-0.07674760903272093,0.04792036852474563,Bembry
2020,1627763,744,0.9771505376344086,1.0349028927578543,-0.057752355123445676,0.0017261934118901867,0.004123785332124418,0.7049231309333664,-0.04071097099239497,0.03488314298491724,Brogdon
2020,1627767,142,1.3028169014084507,1.175613623989651,0.12720327741879967,0.005879777886514698,0.004123785332124418,0.41223164606395296,0.052437216435081445,0.04923241327264371,Diallo
2020,1627774,179,1.0391061452513966,1.089922458743646,-0.050816313492249465,0.007418365815464955,0.004123785332124418,0.35728048258887063,-0.018155677007898226,0.05148239814315277,Layman
2020,1627775,162,0.9691358024691358,1.1050712060500878,-0.13593540358095202,0.008676056120461234,0.004123785332124418,0.32217471969478073,-0.04379495054529011,0.052869707287498624,McCaw
2020,1627777,322,1.15527950310559,1.0513769924206575,0.1039025106849325,0.005360321651509819,0.004123785332124418,0.43481008167035834,0.04517785915667078,0.048277550632487294,Niang
2020,1627780,116,0.9396551724137931,1.1283101657208425,-0.18865499330704938,0.011294543056582366,0.004123785332124418,0.2674599494939348,-0.05045765498168204,0.054962149843966183,Payton II
2020,1627783,1104,1.0244565217391304,1.0509903976310475,-0.026533875891917136,0.0011690016144166072,0.004123785332124418,0.7791330680369478,-0.020673420130581002,0.030179592680825835,Siakam
2020,1627784,18,0.9444444444444444,0.9819768297266749,-0.03753238528223046,0.08283963026376752,0.004123785332124418,0.04741977191060583,-0.0017797771493443478,0.06267564417113539,Uthoff
2020,1627788,562,1.1156583629893237,1.0376066886187925,0.07805167437053129,0.0029043727383042074,0.004123785332124418,0.5867519328393422,0.04579697079825618,0.04128130712424071,Korkmaz
2020,1627789,267,1.1086142322097379,1.1066372215495173,0.0019770106602206017,0.005997735525438663,0.004123785332124418,0.4074274400218235,0.0008054883921895349,0.04943320777632604,Luwawu-Cabarrot
2020,1627790,72,1.1388888888888888,1.0959243863081272,0.042964502580761676,0.012236840874796874,0.004123785332124418,0.2520554702472127,0.010829437901931468,0.0555370388212879,Zizic
2020,1627812,187,0.9732620320855615,1.0040216596094582,-0.030759627523896715,0.007598096697548173,0.004123785332124418,0.35180232335434974,-0.010821308428421269,0.05170133529483024,Ferrell
2020,1627814,510,1.0019607843137255,1.0044014751660535,-0.002440690852328009,0.00285136062686027,0.004123785332124418,0.5912113318306362,-0.001442964089391693,0.041057967725345326,Lee
2020,1627820,43,0.6744186046511628,1.1232688303197873,-0.44885022566862454,0.029179598067058367,0.004123785332124418,0.1238248163165791,-0.05557879674707251,0.06010955307474103,Wallace
2020,1627823,246,0.991869918699187,1.135641758211521,-0.14377183951233408,0.005879923996230889,0.004123785332124418,0.41222562519241074,-0.059266436428034856,0.04923266543089188,Hernangomez
2020,1627826,385,1.225974025974026,1.2375126108899583,-0.011538584915932404,0.0020913361289714417,0.004123785332124418,0.6635084057387521,-0.007655948082051523,0.03725075973450333,Zubac
2020,1627827,521,1.1516314779270633,1.166339636616815,-0.014708158689751727,0.0029654936819039383,0.004123785332124418,0.5816931910796879,-0.008555635763148123,0.041533209398665,Finney-Smith
2020,1627832,771,1.0168612191958495,1.070688728274481,-0.05382750907863154,0.0019175340163792873,0.004123785332124418,0.6825968127551119,-0.036742486135620735,0.03617875907117338,VanVleet
2020,1627846,263,1.11787072243346,1.0607772742223112,0.05709344821114892,0.005545888088803379,0.004123785332124418,0.4264658331893017,0.024348404961017873,0.048632620580903896,Nader
2020,1627853,220,1.0636363636363637,1.0276468335619666,0.03598953007439709,0.007371343099655147,0.004123785332124418,0.35874199723804334,0.012910955898547839,0.05142383052532315,Arcidiacono
2020,1627854,580,1.089655172413793,1.035191905393085,0.05446326702070814,0.0029141660955647676,0.004123785332124418,0.5859354635356451,0.03191195960744424,0.04132206749455553,Forbes
2020,1627863,537,1.0968342644320297,1.1637698495625848,-0.06693558513055509,0.003055441672745768,0.004123785332124418,0.5744052011904566,-0.03844814824371743,0.04189345520196726,House Jr.
2020,1627884,343,1.1807580174927115,1.2724193136297197,-0.09166129613700824,0.0034541971999213004,0.004123785332124418,0.5441798413609141,-0.049880229590772915,0.04335555886253212,Jones Jr.
2020,1627885,163,1.0429447852760736,1.0874017562163505,-0.044456970940276896,0.007281490629444116,0.004123785332124418,0.3615682203587195,-0.016074227865415226,0.05131038499608828,Harrison
2020,1627936,290,0.9655172413793104,1.08679725890323,-0.12128001752391959,0.004744515389819859,0.004123785332124418,0.4650028750062868,-0.05639555682943545,0.04697034486543407,Caruso
2020,1627982,2,1.0,1.1279187133489805,-0.12791871334898053,0.4855064555131376,0.004123785332124418,0.008422243946790163,-0.0010773626091846373,0.06394570983320985,Gray
2020,1628021,71,1.2112676056338028,1.1270013617064665,0.08426624392733628,0.018554455275912273,0.004123785332124418,0.18183885617048418,0.015322877409529837,0.05808546224519775,Nwaba
2020,1628035,171,0.935672514619883,1.1314001299703997,-0.19572761535051675,0.007686832227807778,0.004123785332124418,0.349159162185935,-0.06834009019243738,0.05180663954094309,McKinnie
2020,1628365,763,0.9842726081258192,1.0164658921110754,-0.03219328398525623,0.001450736229339912,0.004123785332124418,0.7397559210518456,-0.023815172446196853,0.03275958967292827,Fultz
2020,1628366,685,1.0248175182481751,1.0677619728772603,-0.04294445462908514,0.0023018227855903946,0.004123785332124418,0.6417735499237059,-0.027560615096845497,0.038434996818051397,Ball
2020,1628367,158,1.0316455696202531,1.086464609322135,-0.054819039701881955,0.00885201348267533,0.004123785332124418,0.3178058931848551,-0.017421813875992627,0.05303981571749673,Jackson
2020,1628368,813,1.028290282902829,1.009333167617017,0.01895711528581212,0.00144787460611887,0.004123785332124418,0.7401358621726335,0.014030840866370563,0.032735667396857085,Fox
2020,1628369,1223,1.0572363041700736,1.0331499255678709,0.02408637860220275,0.0011000560080047597,0.004123785332124418,0.7894162673827385,0.01901417909091836,0.02946866314835258,Tatum
2020,1628370,483,0.9979296066252588,1.0601728312657202,-0.06224322464046139,0.0028161312716394717,0.004123785332124418,0.594212519771184,-0.036985703352292405,0.04090697323106806,Monk
2020,1628371,332,1.036144578313253,1.0847626191636666,-0.048618040850413546,0.0036267454161924896,0.004123785332124418,0.5320648954292495,-0.025867952821050266,0.04392794009073231,Isaac
2020,1628372,211,0.7582938388625592,1.0361357392088857,-0.2778419003463265,0.005647279640281138,0.004123785332124418,0.42204051899873674,-0.11726053982175892,0.04881988150656709,Smith Jr.
2020,1628373,332,0.9216867469879518,1.0270371283482946,-0.1053503813603428,0.00416846244593796,0.004123785332124418,0.49730609148391963,-0.05239138639065246,0.045530229150388714,Ntilikina
2020,1628374,590,1.035593220338983,1.1118343406936066,-0.0762411203546236,0.0025053511404838813,0.004123785332124418,0.6220697596382224,-0.047427295413549495,0.03947788218446063,Markkanen
2020,1628378,1337,1.0299177262528048,0.9756448110055442,0.05427291524726052,0.0009967513892873816,0.004123785332124418,0.8053423999247165,0.04370827981613953,0.02833242234573308,Mitchell
2020,1628379,342,1.0964912280701755,1.0156113939007188,0.08087983416945677,0.004511116127446244,0.004123785332124418,0.4775717883327713,0.03862592704436545,0.04641531855283672,Kennard
2020,1628380,68,1.0441176470588236,1.1133474927897402,-0.06922984573091662,0.017791301191978817,0.004123785332124418,0.18817107236099143,-0.013027054310572585,0.057860247355088615,Collins
2020,1628381,604,1.2665562913907285,1.1879916064937142,0.07856468489701429,0.0017755825664118596,0.004123785332124418,0.6990215567243384,0.05491840834026805,0.035230249639561374,Collins
2020,1628382,341,0.9325513196480938,1.0331600194763726,-0.1006086998282788,0.004278534447521355,0.004123785332124418,0.49079128624860185,-0.04937787319652044,0.04582431041224687,Jackson
2020,1628383,10,0.9,1.0447445215731306,-0.14474452157313056,0.13112843203961386,0.004123785332124418,0.030489595011890032,-0.00441320184295453,0.06323015726243271,Patton
2020,1628384,566,1.167844522968198,1.2150252362589575,-0.04718071329075957,0.002314091553568662,0.004123785332124418,0.6405505115030582,-0.030221630031475176,0.038500552311665784,Anunoby
2020,1628385,251,1.1075697211155378,1.0627954218564093,0.04477429925912846,0.0034126599599965924,0.004123785332124418,0.5471790973438945,0.024499560652815312,0.043212685596391555,Giles III
2020,1628386,465,1.2989247311827956,1.3622183493765045,-0.06329361819370893,0.0015618362976960072,0.004123785332124418,0.7253006972000463,-0.04590690540421063,0.03365710854531703,Allen
2020,1628388,86,0.8953488372093024,1.1057125911630161,-0.21036375395371376,0.012950969238663951,0.004123785332124418,0.24151359335960376,-0.050805706129976966,0.05592705175779806,Leaf
2020,1628389,789,1.11787072243346,1.1171749135366456,0.0006958088968145315,0.001062721485164943,0.004123785332124418,0.7950987972054077,0.0005532368169420556,0.02906834316948578,Adebayo
2020,1628390,220,0.9318181818181818,1.1039792319300008,-0.17216105011181904,0.008198519080543474,0.004123785332124418,0.33466023837919295,-0.05761545807003354,0.05238051498268265,Ferguson
2020,1628391,132,0.9242424242424242,1.1238546776188072,-0.199612253376383,0.011216545537421635,0.004123785332124418,0.26881984275261256,-0.053659734564133935,0.05491111005613711,Wilson
2020,1628392,67,1.3134328358208955,1.2700685351978598,0.043364300623035756,0.013071528555563868,0.004123785332124418,0.2398202998246526,0.010399639577102805,0.05598944451735376,Hartenstein
2020,1628394,116,1.0517241379310345,1.0398239107293383,0.011900227201696145,0.00792180796906882,0.004123785332124418,0.3423480462117142,0.0040740195319761705,0.0520770148978904,Pasečņiks
2020,1628395,67,1.1044776119402986,1.1918684095054846,-0.08739079756518597,0.01579865841960669,0.004123785332124418,0.2069919425304485,-0.018089190947303033,0.05718561878347925,Bell
2020,1628396,189,1.3492063492063493,1.231847437992997,0.1173589112133524,0.004520017003910601,0.004123785332124418,0.4770800131480137,0.055989590904702735,0.04643715938399888,Bradley
2020,1628398,664,1.0060240963855422,1.0227077556567248,-0.016683659271182538,0.0020514451139176616,0.004123785332124418,0.6677945654267033,-0.011141256992726533,0.03701275318515739,Kuzma
2020,1628400,196,1.0612244897959184,1.0765108399018541,-0.015286350105935709,0.008414976233601988,0.004123785332124418,0.32888298501475777,-0.005027420452820794,0.05260743771117602,Ojeleye
2020,1628401,549,1.0655737704918034,1.0175785102935497,0.04799526019825362,0.0024641966291604894,0.004123785332124418,0.6259557716396847,0.030042910132445293,0.03927439499824363,White
2020,1628402,329,0.9574468085106383,1.019413801527098,-0.06196699301645958,0.004309829803802933,0.004123785332124418,0.4889700639239534,-0.030300004536433417,0.04590618427474538,Jackson
2020,1628403,47,1.1914893617021276,1.1211435228582802,0.07034583884384737,0.019781025814236613,0.004123785332124418,0.1725085928048493,0.012135261668628817,0.05841572500149558,Swanigan
2020,1628404,532,1.0733082706766917,1.0840030315624543,-0.0106947608857626,0.003153367878298696,0.004123785332124418,0.5666756234042033,-0.006060460292098411,0.04227217416052436,Hart
2020,1628405,15,1.5333333333333334,1.2359021317700505,0.29743120156328295,0.05691528844547451,0.004123785332124418,0.06755976257355709,0.020094381359583198,0.06200954260581008,Motley
2020,1628407,244,0.7745901639344263,0.9872452427604733,-0.21265507882604706,0.005086523798342598,0.004123785332124418,0.44773582229539327,-0.09521329658347186,0.047722310458275276,Bacon
2020,1628408,154,0.9545454545454546,0.9617825640748975,-0.007237109529442898,0.008218644770234608,0.004123785332124418,0.33411453805488706,-0.002418023507282435,0.05240199138242886,Dozier
2020,1628410,141,0.9645390070921985,1.0622682588273895,-0.09772925173519098,0.009270391439864849,0.004123785332124418,0.3078789687730816,-0.030088781243195493,0.05342432551402397,Sumner
2020,1628411,233,0.9527896995708155,1.039741502574918,-0.08695180300410243,0.005619520175482924,0.004123785332124418,0.4232429465446469,-0.03680173731082599,0.04876907090809178,Iwundu
2020,1628412,51,1.0196078431372548,1.021880771174958,-0.0022729280377031813,0.026913408441735738,0.004123785332124418,0.13286592087450613,-0.0003019946768109174,0.05979861868373655,Mason III
2020,1628413,11,0.7272727272727273,1.2316899177613092,-0.5044171904885819,0.1137048524865709,0.004123785332124418,0.03499815841433852,-0.01765367273963496,0.06308296473537053,Bolden
2020,1628414,10,1.4,1.018125226762334,0.38187477323766594,0.13071051165760478,0.004123785332124418,0.03058409784595488,0.011679295429602608,0.06322707551382564,Thornwell
2020,1628415,1067,0.9531396438612934,1.012492253211735,-0.05935260935044173,0.00129103001551817,0.004123785332124418,0.7615745075997398,-0.045201434240822375,0.031356268087333584,Brooks
2020,1628418,418,1.2511961722488039,1.1308648188411354,0.12033135340766843,0.002560227212215343,0.004123785332124418,0.6169625363160895,0.07423993699674283,0.03974373251713846,Bryant
2020,1628420,566,1.0335689045936396,1.0033179976866249,0.030250906907014707,0.0022653561847816982,0.004123785332124418,0.6454365302775956,0.019525040391814123,0.03823798681610201,Morris
2020,1628422,290,1.0310344827586206,1.0142507244287342,0.016783758329886433,0.005390169046789785,0.004123785332124418,0.4334459855371991,0.0072748526703158,0.04833577489497715,Dotson
2020,1628425,255,0.9176470588235294,1.0450538825997382,-0.12740682377620882,0.00589897435978757,0.004123785332124418,0.41144210366054834,-0.052420531595192124,0.04926546884005707,Brown
2020,1628427,15,0.8666666666666667,1.1250514058310819,-0.2583847391644152,0.08729344631440109,0.004123785332124418,0.045109496949869085,-0.011655605603229906,0.0627516011768866,Čančar
2020,1628430,16,0.75,0.9313098992611565,-0.18130989926115648,0.09018681476053078,0.004123785332124418,0.04372557621384039,-0.007927879818467421,0.06279705759265393,Williams-Goss
2020,1628436,187,1.0427807486631016,1.1540054076962547,-0.11122465903315315,0.008064467295695193,0.004123785332124418,0.3383409794700106,-0.037631860078495005,0.05223542632858833,Kornet
2020,1628443,44,0.9772727272727273,0.9213994773332747,0.05587324993945264,0.02942000026921453,0.004123785332124418,0.12293738640995282,0.0068689113177863624,0.06013998620948747,Allen
2020,1628449,299,1.0702341137123745,1.1718717555896663,-0.10163764187729174,0.004323890847599055,0.004123785332124418,0.4881561798051078,-0.04961504298321838,0.04594272562722225,Boucher
2020,1628450,3,1.3333333333333333,1.2249890474181087,0.1083442859152246,0.24037299999971984,0.004123785332124418,0.016866419435852268,0.0018273801697240794,0.0636728500936576,Mika
2020,1628464,424,1.2122641509433962,1.1676367230019076,0.04462742794148866,0.002527519787212462,0.004123785332124418,0.6199964154607224,0.027668845354954653,0.03958602288785493,Theis
2020,1628467,514,1.1536964980544746,1.1520231748788543,0.0016733231756203004,0.003056389398947288,0.004123785332124418,0.5743293842528684,0.0009610386691100615,0.041897186558698556,Kleber
2020,1628470,267,1.097378277153558,1.1500217280881262,-0.052643450934568126,0.005496351490813703,0.004123785332124418,0.4286618171886829,-0.02256623734069524,0.048539427458097695,Craig
2020,1628476,39,1.1794871794871795,1.0247254938021955,0.15476168568498405,0.041977196317879946,0.004123785332124418,0.08945113931481821,0.013843609106803616,0.06127730441098199,Walton Jr.
2020,1628499,14,0.5714285714285714,1.0323268194762805,-0.46089824804770907,0.08025028215354474,0.004123785332124418,0.04887503299310346,-0.02252641707979536,0.06262775094125896,Cleveland
2020,1628513,16,0.875,1.008147731648074,-0.13314773164807403,0.10616137241663276,0.004123785332124418,0.03739202460515036,-0.004978663257904742,0.06300467164837274,Mitrou-Long
2020,1628518,14,0.7142857142857143,0.8997942061886395,-0.18550849190292518,0.06877893038917735,0.004123785332124418,0.056565592808492195,-0.010493397815498337,0.06237404083589451,Jefferson
2020,1628539,67,1.0149253731343284,1.0813220286065892,-0.06639665547226081,0.027167049469024113,0.004123785332124418,0.1317889202487194,-0.00875034353281548,0.05983574279530784,Mulder
2020,1628605,9,1.1111111111111112,0.9293373912057764,0.18177371990533475,0.14144467360978552,0.004123785332124418,0.028328838280619852,0.005149438314864918,0.0633005788626508,Hannahs
2020,1628778,26,0.9230769230769231,1.1102006704553073,-0.18712374737838422,0.05354508224525498,0.004123785332124418,0.07150799912259717,-0.013380844763350594,0.06187811967257155,Watson
2020,1628960,251,1.159362549800797,1.0759605036931252,0.08340204610767166,0.00617224406976097,0.004123785332124418,0.4005219071508555,0.033404346567328234,0.04972040794504025,Allen
2020,1628961,3,2.0,1.6302713430131324,0.36972865698686763,0.1765175602310193,0.004123785332124418,0.02282857957722052,0.008440380068003578,0.06347948621807395,Antetokounmpo
2020,1628963,167,0.9580838323353293,1.0795203754014058,-0.12143654306607643,0.0059473967199381505,0.004123785332124418,0.40946388525266214,-0.049723878735487885,0.04934819315927194,Bagley III
2020,1628964,286,1.0524475524475525,1.1107371932422254,-0.058289640794672914,0.004500564723645979,0.004123785332124418,0.47815607036558855,-0.027871545585402502,0.04638935592013056,Bamba
2020,1628966,234,1.0,1.1272660726866461,-0.12726607268664614,0.005868299891022766,0.004123785332124418,0.4127051801531331,-0.05252336745552403,0.049212577291960255,Bates-Diop
2020,1628968,10,0.6,1.0802105056937163,-0.48021050569371637,0.11301849296151766,0.004123785332124418,0.03520321947117395,-0.016904955824299323,0.0630762618742236,Bowen II
2020,1628969,481,1.1725571725571726,1.1837107212531952,-0.011153548696022586,0.0027083325588669344,0.004123785332124418,0.6035881402986226,-0.0067321497151624,0.04043163875625996,Bridges
2020,1628970,749,0.9839786381842457,1.0680010881037911,-0.08402244991954544,0.0018025655546076034,0.004123785332124418,0.6958388747039588,-0.05846608700188623,0.03541603008664681,Bridges
2020,1628971,447,0.959731543624161,1.0348511572814505,-0.07511961365728947,0.002551619204211856,0.004123785332124418,0.6177581163324845,-0.04640575103255112,0.03970243661529742,Brown
2020,1628972,615,0.9821138211382113,1.0057644898527993,-0.023650668714587986,0.001983421883192978,0.004123785332124418,0.6752325877827778,-0.01596970223894443,0.03659605294090313,Brown Jr.
2020,1628973,388,1.0438144329896908,0.9796113660866999,0.06420306690299094,0.003337662667509607,0.004123785332124418,0.5526789615536669,0.035483684344505634,0.04294945793715738,Brunson
2020,1628975,241,1.095435684647303,1.0706738781942957,0.024761806453007296,0.006660870229494455,0.004123785332124418,0.3823752468090321,0.009468301853906149,0.05046733496001029,Carter
2020,1628976,343,1.0845481049562682,1.182326869246248,-0.09777876428997989,0.0026726190697279827,0.004123785332124418,0.6067598524596999,-0.05932822859427997,0.040269566081957364,Carter Jr.
2020,1628977,296,0.9459459459459459,1.1174039288943436,-0.17145798294839765,0.0036048581895255713,0.004123785332124418,0.533571683125583,-0.09148512454709404,0.04385715735902409,Diallo
2020,1628978,507,1.078895463510848,1.1004549516842235,-0.021559488173375385,0.0028454467356616186,0.004123785332124418,0.5917130168739594,-0.012757029789326397,0.0410327658379556,DiVincenzo
2020,1628980,134,0.7686567164179104,0.9361202650341327,-0.16746354861622226,0.00942492740496158,0.004123785332124418,0.3043673160798998,-0.05097043083353539,0.05355968501117282,Evans
2020,1628981,199,1.0603015075376885,1.232972998661727,-0.17267149112403857,0.00509323674442557,0.004123785332124418,0.4474097271195847,-0.0772549047251379,0.04773639766445397,Fernando
2020,1628982,34,1.1176470588235294,0.9986469913065996,0.11900006751692982,0.04218365786669791,0.004123785332124418,0.08905232177079672,0.010597232303264169,0.06129072257539784,Frazier Jr.
2020,1628983,1015,1.0275862068965518,0.9814038641702277,0.046182342726324044,0.0011933807547975033,0.004123785332124418,0.7755607526097902,0.035817212482111144,0.030422677008126536,Gilgeous-Alexander
2020,1628984,959,0.9916579770594369,1.0145742976256833,-0.022916320566246373,0.0016776408970718933,0.004123785332124418,0.7108226786321987,-0.016289440369293393,0.034532668536323224,Graham
2020,1628985,30,0.5333333333333333,1.028571660067314,-0.4952383267339807,0.05212293531486565,0.004123785332124418,0.07331601353269462,-0.03630889986473757,0.06181784395228013,Hall
2020,1628987,27,0.6296296296296297,1.0005237347367841,-0.3708941051071545,0.0635817458699472,0.004123785332124418,0.0609076578960249,-0.022590291269518867,0.06223034007522969,Hervey
2020,1628988,562,0.9839857651245552,0.9978905886549865,-0.01390482353043132,0.0024507642895478274,0.004123785332124418,0.6272346501927424,-0.008721587123101903,0.0392071968120573,Holiday
2020,1628989,609,1.0361247947454844,1.0437252750955035,-0.007600480350019145,0.002548817111955131,0.004123785332124418,0.6180175376375615,-0.004697230150781504,0.03968896163190706,Huerter
2020,1628990,175,0.9828571428571429,1.154330572931884,-0.17147343007474114,0.006286961611635167,0.004123785332124418,0.3961084977285227,-0.0679220827872626,0.0499030952873837,Hutchison
2020,1628991,752,1.1316489361702127,1.0818604826651543,0.04978845350505834,0.0019131130042706927,0.004123785332124418,0.6830967000492684,0.03401032828986178,0.0361502583675228,Jackson Jr.
2020,1628993,29,0.9310344827586207,1.0854092796230521,-0.15437479686443145,0.041720270762269376,0.004123785332124418,0.08995245367542228,-0.013886391763600493,0.06126043358538291,Johnson
2020,1628995,400,0.8825,1.0476393916091868,-0.1651393916091869,0.0036760680139959405,0.004123785332124418,0.5287003677031422,-0.0873092570660503,0.04408558166454667,Knox II
2020,1628997,84,1.119047619047619,1.0918337442253343,0.027213874822284767,0.016441741341884884,0.004123785332124418,0.20051931552699087,0.005456907552201752,0.0574185224465641,Martin
2020,1628998,207,0.9468599033816425,1.1266005423138021,-0.17974063893215964,0.006230315324648521,0.004123785332124418,0.3982755691511383,-0.07158630527029512,0.04981347590678097,Martin
2020,1629001,399,0.9072681704260651,1.0525223253502958,-0.14525415492423066,0.003192742382403008,0.004123785332124418,0.5636260112753189,-0.08186901996111134,0.042420663054971997,Melton
2020,1629002,42,1.1428571428571428,1.0501715393239794,0.09268560353316335,0.02153479076025477,0.004123785332124418,0.16071762194743208,0.014896209788612523,0.05883043736131561,Metu
2020,1629003,277,1.1768953068592058,1.0344354728270821,0.1424598340321237,0.005342630262535331,0.004123785332124418,0.4356226800829188,0.062058734705241536,0.04824283276982965,Milton
2020,1629004,402,1.1044776119402986,1.070121631899565,0.03435598004073359,0.00422988825279477,0.004123785332124418,0.4936493256773942,0.01695980638009415,0.04569553023746272,Mykhailiuk
2020,1629005,2,0.0,0.9693461632149232,-0.9693461632149232,0.7619272369953904,0.004123785332124418,0.005383173198561895,-0.005218158285947378,0.0640436279535123,Newman
2020,1629006,398,0.957286432160804,1.1241110447448883,-0.16682461258408432,0.0032988674851627806,0.004123785332124418,0.5555675893287385,-0.09268234785404046,0.042810557766126384,Okogie
2020,1629008,382,1.1832460732984293,1.091134363959049,0.0921117093393804,0.0034697962228451232,0.004123785332124418,0.5430619665137657,0.05002236601278832,0.043408689915503194,Porter Jr.
2020,1629010,309,0.8932038834951457,0.994229245868083,-0.10102536237293736,0.004800421003698641,0.004123785332124418,0.4620898684929488,-0.04668279641336312,0.04709804571646147,Robinson
2020,1629011,341,1.4838709677419355,1.479190734712639,0.004680233029296543,0.0018522188509579442,0.004123785332124418,0.6900573034735413,0.0032296289838241762,0.035751043981049,Robinson
2020,1629012,1085,1.0350230414746544,1.050679242886631,-0.015656201411976545,0.0010791891682729341,0.004123785332124418,0.7925822684330825,-0.0124088276301496,0.029246302314278532,Sexton
2020,1629013,391,1.092071611253197,1.1057684227928486,-0.013696811539651632,0.004613585258715407,0.004123785332124418,0.4719709767659111,-0.006464497520947983,0.046663458304638326,Shamet
2020,1629014,532,0.9454887218045113,1.029658124287343,-0.08416940248283178,0.0026338408727764316,0.004123785332124418,0.610241704273864,-0.05136367961883607,0.04009089102264068,Simons
2020,1629015,11,0.5454545454545454,1.2249542213223894,-0.679499675867844,0.09865962336406099,0.004123785332124418,0.04012111861666117,-0.027262287095476588,0.0629152958481847,Smith
2020,1629016,295,1.006779661016949,1.0276276773067872,-0.020848016289838123,0.004438754284357292,0.004123785332124418,0.48160773752061814,-0.01004056595714193,0.046235683279251594,Spellman
2020,1629017,17,0.8823529411764706,1.0500986579847629,-0.1677457168082923,0.11091782133579906,0.004123785332124418,0.03584603389648446,-0.006013018650700129,0.06305524548621835,Thomas
2020,1629018,440,1.1454545454545455,1.0469592201026081,0.09849532535193739,0.003658077759449435,0.004123785332124418,0.5299226269592977,0.05219490155370938,0.044028379210559486,Trent Jr.
2020,1629019,106,1.1415094339622642,1.0554654130479155,0.0860440209143487,0.013724881203799322,0.004123785332124418,0.2310416480595084,0.019879752397717932,0.05631180313883374,Trier
2020,1629020,8,1.25,1.3901821187487688,-0.14018211874876885,0.1067931931530353,0.004123785332124418,0.03717902694830589,-0.005211834770631093,0.06301164183015973,Vanderbilt
2020,1629021,266,1.1842105263157894,1.15221788483049,0.031992641485299345,0.004476141411146673,0.004123785332124418,0.4795140069479108,0.01534091971146385,0.046328959665898145,Wagner
2020,1629022,355,0.971830985915493,1.0654006490184813,-0.09356966310298831,0.00340467567271067,0.004123785332124418,0.5477594065342111,-0.05125366313089894,0.043184987274809544,Walker IV
2020,1629023,589,1.0560271646859083,1.0893912697257933,-0.03336410503988496,0.0022458222195613545,0.004123785332124418,0.647415919844704,-0.021600452754192447,0.03813110355189041,Washington
2020,1629026,145,0.8758620689655172,1.1325487113046069,-0.25668664233908967,0.011546688566679234,0.004123785332124418,0.2631563894464764,-0.06754873001709388,0.055123360504147574,Williams
2020,1629027,1248,1.0368589743589745,1.01466485535923,0.02219411899974455,0.0011577070215273626,0.004123785332124418,0.7807992620254597,0.017329151736305778,0.030065541539281437,Young
2020,1629028,568,1.096830985915493,1.1176853369493822,-0.020854351033889218,0.001518220870826961,0.004123785332124418,0.7309076211166221,-0.015242604104110937,0.03331184781764201,Ayton
2020,1629029,1246,1.0698234349919744,1.038065227951713,0.03175820704026133,0.001142424922305,0.004123785332124418,0.7830650758115659,0.024868742803621648,0.029909748551162827,Dončić
2020,1629033,152,0.6907894736842105,1.068322206994963,-0.37753273331075243,0.009625585763064656,0.004123785332124418,0.2999253786645803,-0.11323164799650143,0.0537304146164494,Pinson
2020,1629035,128,0.84375,1.0013056734695696,-0.15755567346956956,0.012377532134499951,0.004123785332124418,0.2499064296208592,-0.03937417582329006,0.05561676782455391,Edwards
2020,1629044,5,1.4,1.2519002485762687,0.14809975142373122,0.24865865444405932,0.004123785332124418,0.016313575166754704,0.002416036427028726,0.06369075011441806,Ponds
2020,1629048,149,0.9932885906040269,0.983480336635159,0.009808253968867864,0.007981151332730856,0.004123785332124418,0.34066971569518095,0.0033413750910403456,0.05214342293560747,Bitadze
2020,1629052,36,0.8055555555555556,1.1750899252867404,-0.3695343697311848,0.03568500225969231,0.004123785332124418,0.10358982479969125,-0.03828000061791777,0.06079969680893247,Brissett
2020,1629056,435,1.1310344827586207,1.1450491103334706,-0.014014627574849836,0.003516449627983037,0.004123785332124418,0.5397458787139734,-0.007564337475236407,0.043565917807491784,Davis
2020,1629057,88,1.4545454545454546,1.3672445056961424,0.08730094884931217,0.007654568026291899,0.004123785332124418,0.35011560670980674,0.030565424672718732,0.0517685592674422,Williams III
2020,1629058,172,0.8546511627906976,1.0552469964716797,-0.2005958336809821,0.00838579521336019,0.004123785332124418,0.32965016829544436,-0.06612645033230072,0.05257736017883856,Musa
2020,1629059,180,0.9388888888888889,1.0727798112785993,-0.13389092238971045,0.007489534018701707,0.004123785332124418,0.3550910129609988,-0.04754346325764476,0.05157001281080556,Okobo
2020,1629060,542,0.9833948339483395,1.0494780814585987,-0.06608324751025918,0.0019679176433125846,0.004123785332124418,0.6769511495803993,-0.04473513037007601,0.03649909739870295,Hachimura
2020,1629065,318,0.9465408805031447,1.0036955448405862,-0.05715466433744154,0.0040200450235217105,0.004123785332124418,0.5063692577124218,-0.028941364955352898,0.04511792564525993,Bowman
2020,1629066,177,1.07909604519774,1.128099142853169,-0.049003097655428984,0.008091360590729419,0.004123785332124418,0.3375960760656205,-0.01654325348353323,0.05226482168210519,Kurucs
2020,1629067,231,1.12987012987013,1.1250651874608875,0.004804942409242452,0.005321882585131555,0.004123785332124418,0.43657953765141505,0.002097739535468746,0.04820191944779639,Bonga
2020,1629076,12,1.3333333333333333,1.352231809986521,-0.018898476653187668,0.05771694468535894,0.004123785332124418,0.0666839691407032,-0.0012602254339474663,0.0620386569672019,Cook
2020,1629103,180,0.9111111111111111,1.0435257473123851,-0.13241463620127403,0.008426164853665414,0.004123785332124418,0.32858977693742036,-0.0435100957726263,0.05261892843553401,Martin
2020,1629109,133,1.105263157894737,1.0867196960733116,0.0185434618214253,0.01393850744773342,0.004123785332124418,0.22830907362563937,0.004233640590262022,0.056411769367004365,Clark
2020,1629117,48,1.0,1.125370378246931,-0.1253703782469311,0.027263374538370595,0.004123785332124418,0.13138446897200518,-0.01647172057079247,0.059849678245657324,Gabriel
2020,1629126,122,0.7868852459016393,1.0647023165394147,-0.2778170706377754,0.011046949256399412,0.004123785332124418,0.2718250265378664,-0.07551763259878559,0.05479815028614774,Burton
2020,1629130,686,1.3352769679300291,1.0950005626200257,0.2402764053100035,0.0028024682284319463,0.004123785332124418,0.5953846904491853,0.1430568931977394,0.040847847907553594,Robinson
2020,1629133,3,1.0,0.9932134077433487,0.006786592256651347,0.5707781337760632,0.004123785332124418,0.007173024119525308,4.8680389946343805e-05,0.06398597753002876,Macon
2020,1629134,911,1.030735455543359,1.038246618318462,-0.0075111627751029975,0.00155156125386127,0.004123785332124418,0.7266138322384417,-0.0054577147685843175,0.03357656725487016,Nunn
2020,1629139,34,0.9705882352941176,1.1381694160179021,-0.16758118072378447,0.032891464961856944,0.004123785332124418,0.11140773868534237,-0.018669840390656514,0.06053398824997947,Watanabe
2020,1629140,33,1.1515151515151516,1.0933574564761486,0.05815769503900303,0.027164958758594607,0.004123785332124418,0.13179772636983628,0.007665051977050906,0.05983543934252626,Williams
2020,1629147,7,0.0,0.979764488212461,-0.979764488212461,0.22903418884589077,0.004123785332124418,0.01768665792650919,-0.017328759351555142,0.0636462830933023,Chealey
2020,1629151,59,1.0847457627118644,1.091054423043043,-0.006308660331178606,0.03227500669169359,0.004123785332124418,0.11329456563904557,-0.0007147369319851576,0.060469685497220135,Broekhoff
2020,1629162,174,1.1666666666666667,1.0755612229465552,0.09110544372011153,0.0077450227887630035,0.004123785332124418,0.34744729968859633,0.03165434040748414,0.05187472654368741,McLaughlin
2020,1629164,188,0.9468085106382979,1.0196889921399168,-0.07288048150161897,0.0075726464548531835,0.004123785332124418,0.3525678093310215,-0.025695311706015835,0.05167079805292263,Goodwin
2020,1629168,32,0.65625,1.0730110399170643,-0.41676103991706426,0.03796252325542443,0.004123785332124418,0.0979840112027414,-0.04083591840409978,0.06098950978605942,Johnson
2020,1629185,140,0.9785714285714285,1.048530550493969,-0.0699591219225405,0.010785921969901345,0.004123785332124418,0.2765839227148426,-0.019349568371022193,0.05461879354701563,Chiozza
2020,1629216,37,0.5945945945945946,0.9970039432693317,-0.4024093486747371,0.04658843448769007,0.004123785332124418,0.08131738951236277,-0.032722877749599796,0.06155038484044343,Vincent
2020,1629234,67,1.2985074626865671,1.0776141149121932,0.22089334777437397,0.01336374407241654,0.004123785332124418,0.23581291769285612,0.05208950483761789,0.056136828205885975,Eubanks
2020,1629308,63,1.0476190476190477,1.110850925700762,-0.06323187808171427,0.020047589201611336,0.004123785332124418,0.17060615755917774,-0.010787747754771662,0.05848283647371914,Toscano-Anderson
2020,1629346,40,1.075,1.0440338389394666,0.030966161060533404,0.032375287460161446,0.004123785332124418,0.11298329016719533,0.0034986587604663505,0.06048029842318721,Smailagic
2020,1629597,9,1.3333333333333333,1.185501570926888,0.14783176240644536,0.1014228810516878,0.004123785332124418,0.03907073026000266,0.005775894912843029,0.06294971030721928,Cheatham
2020,1629598,142,1.0633802816901408,1.0819297422824423,-0.01854946059230156,0.012052703633540138,0.004123785332124418,0.2549246218309404,-0.004728714226660407,0.05543041507891332,Clemons
2020,1629599,54,0.9629629629629629,1.083521100948131,-0.12055813798516801,0.023745106983603822,0.004123785332124418,0.14797090911995436,-0.017839097279474213,0.059275501410906976,Coffey
2020,1629605,14,1.5714285714285714,1.4014035695544789,0.17002500187409253,0.0485802357882962,0.004123785332124418,0.0782442258571163,0.013303474647993117,0.06165324761285014,Fall
2020,1629607,4,0.5,0.7719596179616758,-0.2719596179616758,0.34766819711166763,0.004123785332124418,0.011722226593902834,-0.003187972266138011,0.06383921511137682,Harper
2020,1629608,14,0.7857142857142857,1.116772555173593,-0.3310582694593073,0.07721432063181306,0.004123785332124418,0.050699303644379946,-0.016784423727300376,0.06256766167443692,Hernandez
2020,1629610,40,1.125,1.109669713858136,0.015330286141864047,0.0343415570175682,0.004123785332124418,0.10720781566519379,0.0016435264907916356,0.0606768762742051,Jeffries
2020,1629611,79,1.0253164556962024,1.0253963532564792,-7.989756027670936e-05,0.014853272968705864,0.004123785332124418,0.2173037183504882,-1.7362036935261203e-05,0.05681259935766519,Mann
2020,1629620,12,1.0833333333333333,0.9026932335238476,0.1806400998094857,0.11638343447025098,0.004123785332124418,0.03422023459579582,0.006181546592888572,0.06310838637325802,Robinson
2020,1629621,12,0.6666666666666666,0.9403232173450808,-0.2736565506784142,0.12141355200675112,0.004123785332124418,0.03284907438328623,-0.008989364388708766,0.06315316936630147,Shayok
2020,1629622,3,1.3333333333333333,1.1953409277762403,0.1379924055570929,0.4150243385626876,0.004123785332124418,0.009838491685958992,0.00135763713479894,0.063900027421118,Strus
2020,1629625,20,0.8,0.993803621387283,-0.1938036213872829,0.07525128608609706,0.004123785332124418,0.051953154289417804,-0.010068709443781422,0.06252632786681239,Wright-Foreman
2020,1629626,28,1.1428571428571428,1.1211690700660477,0.02168807279109508,0.043824839337894377,0.004123785332124418,0.08600424643051188,0.0018652663569282211,0.06139317781475283,Bol
2020,1629627,360,1.1833333333333333,1.1825322119207198,0.0008011214126135702,0.0024226883077591013,0.004123785332124418,0.62992468296226,0.0005046461518548811,0.0390654727884039,Williamson
2020,1629628,726,0.8911845730027548,1.0693104948997558,-0.17812592189700105,0.0016614371196973469,0.004123785332124418,0.7128136154601694,-0.12697058239457706,0.03441358743506983,Barrett
2020,1629629,554,0.9187725631768953,1.074997667841014,-0.15622510466411876,0.0025587774886050726,0.004123785332124418,0.6170963809471905,-0.09640594670132374,0.03973678809198513,Reddish
2020,1629630,931,1.0247046186895812,1.0743533192046404,-0.04964870051505921,0.0011841601870519465,0.004123785332124418,0.7769079990037853,-0.03857247257029285,0.030331230133683596,Morant
2020,1629631,681,0.9809104258443465,1.057709723985571,-0.07679929814122455,0.0020875884680366915,0.004123785332124418,0.663908736585368,-0.050987724999583386,0.037228594149180866,Hunter
2020,1629632,790,0.9582278481012658,1.0385730708501184,-0.08034522274885258,0.0018385176001494174,0.004123785332124418,0.6916430411146076,-0.05557021420104696,0.03565947145023427,White
2020,1629633,568,0.926056338028169,1.100020304493514,-0.17396396646534495,0.00232906860766764,0.004123785332124418,0.6390637957407891,-0.11117407273146669,0.03858009104391534,Culver
2020,1629634,479,1.2839248434237995,1.1590952198518036,0.1248296235719959,0.0020387735705858275,0.004123785332124418,0.6691676943340549,0.08353195139026048,0.036936180223435755,Clarke
2020,1629635,236,0.8983050847457628,1.0899365757487947,-0.1916314910030319,0.0058014167258459955,0.004123785332124418,0.4154862851192858,-0.07962025630871956,0.04909591718107162,Doumbouya
2020,1629636,698,0.9527220630372493,1.0094016325407067,-0.05667956950345743,0.00202605047897987,0.004123785332124418,0.6705521023306695,-0.03800660448974068,0.03685881723696532,Garland
2020,1629637,256,1.36328125,1.3952283004086328,-0.03194705040863277,0.002688421559656167,0.004123785332124418,0.6053523326045867,-0.01933922148470216,0.040341569902054154,Hayes
2020,1629638,262,0.9236641221374046,0.9972756809652245,-0.07361155882781989,0.005628934137765036,0.004123785332124418,0.42283440478896095,-0.03112549966254881,0.04878634046265555,Alexander-Walker
2020,1629639,629,1.0429252782193958,0.9984443206778816,0.044480957541514266,0.0023398816161138243,0.004123785332124418,0.637994711848266,0.028378615689433347,0.03863718542326284,Herro
2020,1629640,88,1.3522727272727273,1.059023919625191,0.29324880764753636,0.013484488330485394,0.004123785332124418,0.23419589058756204,0.06867766567075545,0.056196189850163454,Johnson
2020,1629641,79,0.7721518987341772,1.0636669436741968,-0.29151504494001956,0.016348374308603857,0.004123785332124418,0.20143382058824738,-0.058720989261222774,0.05738567327642695,Langford
2020,1629642,151,0.9536423841059603,1.1568746841037676,-0.20323229999780734,0.008583859558816518,0.004123785332124418,0.3245121631518201,-0.0659513532946081,0.05277846941341684,Little
2020,1629644,5,1.2,1.255214984964625,-0.05521498496462507,0.1743667870767605,0.004123785332124418,0.023103659069890144,-0.001275668188171808,0.06347055066512029,Okpala
2020,1629645,420,1.0119047619047619,1.11309698221433,-0.10119222030956809,0.0030816201562051445,0.004123785332124418,0.57231828781928,-0.057914158268203376,0.041996042331494884,Porter Jr.
2020,1629647,317,0.943217665615142,1.0749734456979443,-0.1317557800828023,0.00440026574727021,0.004123785332124418,0.4837823346803884,-0.06374111889609392,0.04613860462160214,Bazley
2020,1629648,20,0.6,1.0006719518413305,-0.40067195184133053,0.07435631116284479,0.004123785332124418,0.05254562005270679,-0.02105355614723099,0.06250678743051576,Bone
2020,1629649,22,0.5909090909090909,0.9618870911880045,-0.3709780002789136,0.06141055773850603,0.004123785332124418,0.06292556145225957,-0.023343998953987144,0.0621634444411818,Brazdeikis
2020,1629650,10,0.8,1.2725389674479124,-0.47253896744791235,0.08145661706244434,0.004123785332124418,0.04818609420778008,-0.022769807202292228,0.06265042875845311,Brown
2020,1629651,48,1.1458333333333333,1.2283284377042627,-0.08249510437092944,0.019195658835690646,0.004123785332124418,0.17683892044974073,-0.01458834519934385,0.058262677468728305,Claxton
2020,1629652,218,0.926605504587156,1.1543698133433056,-0.2277643087561496,0.006442990169711073,0.004123785332124418,0.39025957648178483,-0.08888720267284142,0.0501441782753267,Dort
2020,1629655,134,1.4029850746268657,1.3513159200943063,0.05166915453255938,0.005223129145034946,0.004123785332124418,0.44119215407410944,0.022796025587407908,0.048004203966998865,Gafford
2020,1629657,5,0.8,1.0559882572033357,-0.2559882572033356,0.32102299060833617,0.004123785332124418,0.012682842449219139,-0.0032466587349600923,0.0638081813912815,Guy
2020,1629658,32,0.9375,1.0903410152960367,-0.15284101529603666,0.03168708142910162,0.004123785332124418,0.11515458030156972,-0.0176003429692809,0.06040622950449615,Hoard
2020,1629659,30,1.0666666666666667,1.0476802164560053,0.018986450210661365,0.04884405505248915,0.004123785332124418,0.07785451138238819,0.0014781808040370819,0.06166627960276193,Horton-Tucker
2020,1629660,112,0.8035714285714286,0.9776593830304373,-0.1740879544590087,0.012852402796557728,0.004123785332124418,0.24291585960673173,-0.042288725104587664,0.05587532973806762,Jerome
2020,1629661,404,1.1336633663366336,1.1259225466181804,0.007740819718453196,0.004138271725164088,0.004123785332124418,0.49912331802242327,0.0038636236220877594,0.0454478592932855,Johnson
2020,1629662,32,1.15625,1.0945821196913441,0.06166788030865589,0.047281463864142864,0.004123785332124418,0.08022109408281715,0.004947064828128591,0.061587098982000474,Kabengele
2020,1629663,21,0.9523809523809523,0.9834192416819075,-0.031038289300955202,0.07313435982368717,0.004123785332124418,0.053376706414679106,-0.0016567216556309613,0.06247936661918439,King
2020,1629665,10,0.8,1.1784746499506218,-0.37847464995062174,0.1296993505091158,0.004123785332124418,0.03081518981154821,-0.011662768177087675,0.06321953894464057,Lecque
2020,1629667,69,1.0869565217391304,1.0730576631496151,0.013898858589515228,0.01871352208310941,0.004123785332124418,0.18057230903559193,0.002509748988467935,0.05813040420241035,McDaniels
2020,1629668,12,0.75,0.9795090195873931,-0.22950901958739311,0.14071516719058744,0.004123785332124418,0.028471521371143418,-0.006534470956052636,0.0632959310691519,Norvell Jr.
2020,1629669,53,0.7735849056603774,1.1207331906483102,-0.3471482849879328,0.027208301830263532,0.004123785332124418,0.13161540470482103,-0.04569006202127132,0.0598417217058555,Nowell
2020,1629671,32,0.96875,1.1380287947271648,-0.16927879472716478,0.0480246826315952,0.004123785332124418,0.07907778489280626,-0.013386192116348243,0.06162536428035597,Oni
2020,1629672,638,1.054858934169279,1.0346145838278056,0.020244350341473316,0.0017245935484049455,0.004123785332124418,0.7051159674099561,0.014274614675614031,0.03487174283388374,Paschall
2020,1629673,499,0.8176352705410822,0.991552372860155,-0.17391710231907276,0.0030433469951356824,0.004123785332124418,0.5753745213325628,-0.10006746949838284,0.04184572045711588,Poole
2020,1629675,243,0.9547325102880658,1.0914001597036458,-0.13666764941557996,0.005432139106530316,0.004123785332124418,0.4315422708286878,-0.05897786777761836,0.04841691486959296,Reid
2020,1629676,1,0.0,0.7507826759083942,-0.7507826759083942,0.9378907253726195,0.004123785332124418,0.004377624001820644,-0.0032866442622077165,0.06407599355824421,Roby
2020,1629677,16,0.8125,0.8945354062656434,-0.08203540626564343,0.09086460720978243,0.004123785332124418,0.04341357108769992,-0.0035614499416218547,0.06280730120342555,Samanic
2020,1629678,91,0.978021978021978,1.0545032602676196,-0.07648128224564166,0.018220505131582732,0.004123785332124418,0.18455655769524215,-0.014115122179373864,0.05798891020318803,Schofield
2020,1629680,264,1.0606060606060606,1.1816955690453719,-0.12108950843931132,0.0057622081237538305,0.004123785332124418,0.4171341353328936,-0.05051056740071725,0.04902666318759853,Thybulle
2020,1629682,49,0.6530612244897959,1.0052244501047778,-0.3521632256149819,0.030240577752538897,0.004123785332124418,0.120001797267846,-0.042260220005439775,0.060240548476277224,Waters
2020,1629683,16,0.6875,1.1045802389235548,-0.41708023892355484,0.07277787854088599,0.004123785332124418,0.05362413664981456,-0.02236556772597401,0.062471200596435454,Weatherspoon
2020,1629684,209,0.9473684210526315,1.0757465915772075,-0.128378170524576,0.00683350283375223,0.004123785332124418,0.3763509063279701,-0.04831524082965087,0.0507128680403446,Williams
2020,1629690,28,1.0714285714285714,1.1271389676606527,-0.055710396232081294,0.05544523024244255,0.004123785332124418,0.06922701831394829,-0.0038566646202356073,0.061954079521970545,Mokoka
2020,1629713,83,0.9518072289156626,1.0590047552618689,-0.10719752634620627,0.01496574334000992,0.004123785332124418,0.21602342325738266,-0.023157176606030946,0.05685904596368391,James
2020,1629714,28,0.8214285714285714,1.0243971292828564,-0.20296855785428503,0.05214445570569097,0.004123785332124418,0.07328797303887649,-0.014875154195764484,0.0618187792170435,Brantley
2020,1629718,19,0.7894736842105263,1.0589576828117224,-0.2694839986011961,0.07474464973103435,0.004123785332124418,0.05228689181954786,-0.014090480681959928,0.06251532143864086,Brown Jr.
2020,1629719,6,1.0,0.975926952560657,0.02407304743934302,0.15296700122260365,0.004123785332124418,0.02625096877141011,0.0006319408165628677,0.06336822525643922,Cacok
2020,1629723,37,1.4324324324324325,1.2313907304492782,0.2010417019831543,0.030607387194190632,0.004123785332124418,0.11873441154340285,0.02387056818065399,0.06028391250892156,Konchar
2020,1629724,17,0.7647058823529411,0.9829874787718849,-0.21828159641894374,0.0800444844342721,0.004123785332124418,0.048994536106892916,-0.010694605557218167,0.06262381641813738,Law
2020,1629725,53,1.0,1.0324487220932437,-0.032448722093243676,0.024555649921294182,0.004123785332124418,0.14378893083792021,-0.004665767056844308,0.05942079306280883,Martin
2020,1629726,56,1.1964285714285714,1.0208953812689445,0.17553319015962687,0.03280765737474238,0.004123785332124418,0.11166055344373718,0.0196001331609687,0.060525376328084406,Mathews
2020,1629729,9,0.6666666666666666,1.2293807197115123,-0.5627140530448457,0.11991905400661244,0.004123785332124418,0.033244847942114276,-0.01870734312836672,0.06314024640284532,Reaves
2020,1629730,43,1.0,0.9621805951505951,0.037819404849404936,0.031845480542413734,0.004123785332124418,0.11464747005146843,0.004335899084836513,0.06042353661249066,Tucker
2020,1629731,13,1.5384615384615385,1.365529972636543,0.17293156582499547,0.08285667275066198,0.004123785332124418,0.047410480733493895,0.008198768669758879,0.06267594982995207,Wade
2020,1629734,2,1.0,1.1611537856076215,-0.1611537856076215,0.479832624309272,0.004123785332124418,0.008520985051484438,-0.0013731889981526708,0.06394252590376653,Alexander
2020,1629735,78,1.2307692307692308,1.1804406338767812,0.05032859689244962,0.010779025455292548,0.004123785332124418,0.27671191635918063,0.013926522493778437,0.0546139614953758,Silva
2020,1629738,36,0.9722222222222222,1.0294691035055015,-0.05724688128327926,0.026293164201763294,0.004123785332124418,0.1355752432547545,-0.007761259855556639,0.059705126518509795,Poirier
2020,1629739,4,0.0,1.113584894538855,-1.113584894538855,0.5214336229100605,0.004123785332124418,0.007846498341479213,-0.00873774202809543,0.06396427172535686,Howard
2020,1629740,321,1.0623052959501558,1.070698727778029,-0.008393431827873332,0.005054711645085071,0.004123785332124418,0.44928764942276644,-0.0037710652565354436,0.04765521496678151,Melli
2020,1629741,157,0.9490445859872612,1.0684179614679463,-0.11937337548068516,0.009673971671311734,0.004123785332124418,0.29887360178161154,-0.03567755068674109,0.053770761171274245,Guduric
2020,1629742,3,0.0,0.8332412513623525,-0.8332412513623525,0.4325256288361969,0.004123785332124418,0.009444156337593906,-0.007869260644798438,0.06391275036129457,Kidd
2020,1629743,22,1.3636363636363635,1.3373692294030806,0.026267134233282974,0.03408693097465648,0.004123785332124418,0.10792222001325341,0.0028348074398420256,0.06065259486801417,Hall
2020,1629744,150,1.2866666666666666,1.0515961604279298,0.23507050623873682,0.011270456090894703,0.004123785332124418,0.2678784370601134,0.06297031981016245,0.05494644813437451,Thomas
2020,1629745,5,0.4,0.8920822745076361,-0.4920822745076361,0.27604652730270457,0.004123785332124418,0.014718851877426841,-0.00724288610998519,0.06374235598600489,Owens
2020,1629750,125,1.08,1.1569152712337938,-0.07691527123379371,0.009083193615202314,0.004123785332124418,0.3122428943493642,-0.024016246909706142,0.053255635047818516,Green
2020,1629752,26,1.2692307692307692,1.1972492044280156,0.07198156480275353,0.04806733031013055,0.004123785332124418,0.07901316692271891,0.005687491395118473,0.06162752626321952,Morgan
2020,1629760,4,0.5,0.9793078701526192,-0.4793078701526192,0.38321107428916107,0.004123785332124418,0.010646563896047017,-0.0051029818654580675,0.06387394764763153,Mooney
2021,2544,823,1.151883353584447,1.067569570851114,0.08431378273333312,0.0015500563926040332,0.005720762708198518,0.7868113109246606,0.06633903792143085,0.034922799175781,James
2021,2546,777,1.0128700128700128,0.9689000497832941,0.04396996308671863,0.0018260658419134827,0.005720762708198518,0.7580353350035516,0.03333078569853456,0.037205139862839236,Anthony
2021,2617,2,2.0,1.0340788739075144,0.9659211260924856,0.47325711194030284,0.005720762708198518,0.011943688865371303,0.01153666139853773,0.07518268217042523,Haslem
2021,2730,302,1.195364238410596,1.2557763499772683,-0.060412111566672255,0.002776533208304956,0.005720762708198518,0.6732450846024598,-0.0406721571627175,0.04323525569170153,Howard
2021,2738,243,1.02880658436214,1.122327635728607,-0.09352105136646705,0.007072002531308233,0.005720762708198518,0.4471873438692988,-0.041821430556434655,0.056236198554069125,Iguodala
2021,2760,16,0.5,0.9595683167713055,-0.4595683167713055,0.06118797648670567,0.005720762708198518,0.08550097905049472,-0.039293541024534515,0.07233002070877613,Varejao
2021,2772,240,1.0333333333333334,1.1357331122656735,-0.10239977893234009,0.006595031562786139,0.005720762708198518,0.4645061928061209,-0.04756533145604972,0.05534828816382663,Ariza
2021,101108,874,1.1212814645308924,0.9362304638648613,0.18505100066603108,0.001467641047713888,0.005720762708198518,0.7958321349845208,0.14726953294106948,0.034175955120421465,Paul
2021,101141,54,1.1111111111111112,1.0434300172912112,0.06768109381989995,0.03291799821943189,0.005720762708198518,0.14805761289585312,0.010020701189154664,0.0698123215319404,Ilyasova
2021,101150,646,0.9272445820433437,0.9384063759456356,-0.011161793902291883,0.0019312039432589647,0.005720762708198518,0.7476199216196107,-0.008344779482365706,0.03799745439750866,Williams
2021,200746,296,1.0506756756756757,0.9622905911250696,0.08838508455060601,0.00412177096485529,0.005720762708198518,0.5812286651210976,0.051371944709964076,0.04894580100312731,Aldridge
2021,200752,626,1.012779552715655,0.9981643636693537,0.014615189046301214,0.0022607908183535624,0.005720762708198518,0.7167480226960036,0.010475407850264686,0.0402544078180787,Gay
2021,200755,267,1.0411985018726593,1.0057662427140306,0.03543225915862869,0.0063592109904394,0.005720762708198518,0.47357410296709207,0.016779800347145112,0.0548776606678511,Redick
2021,200765,215,1.0511627906976744,1.013604815028957,0.037557975668717436,0.006386686883478033,0.005720762708198518,0.47249940335339846,0.017746121094630446,0.054933648539382006,Rondo
2021,200768,594,1.095959595959596,1.006454137979435,0.08950545798016107,0.002618949219515619,0.005720762708198518,0.685966464763315,0.061397742587672534,0.0423852726487134,Lowry
2021,200782,177,0.9717514124293786,1.1233068427220976,-0.151555430292719,0.009707127767975925,0.005720762708198518,0.3708065413760352,-0.05619774493359993,0.059995553788080205,Tucker
2021,200794,401,1.0748129675810474,1.0079646884045648,0.06684827917648262,0.0033033727559295513,0.005720762708198518,0.6339402517769352,0.042377814931994245,0.045761784893151275,Millsap
2021,201142,603,1.2155887230514095,1.001832152374597,0.21375657067681253,0.0020936541502128516,0.005720762708198518,0.7320780055444239,0.1564864839330966,0.03914994450299553,Durant
2021,201143,360,1.0555555555555556,1.0039641549151082,0.05159140064044743,0.0038935286084625614,0.005720762708198518,0.5950269780451447,0.030698275216201776,0.04813267665345233,Horford
2021,201144,637,1.108320251177394,1.0073238406489142,0.10099641052847974,0.002418769210005412,0.005720762708198518,0.7028368173609745,0.07098399574071912,0.04123105690484931,Conley
2021,201145,526,1.188212927756654,1.1410156012486048,0.0471973265080492,0.002675265915930143,0.005720762708198518,0.6813653173785145,0.03215862135557432,0.0426946531767113,Green
2021,201152,659,1.1411229135053111,1.0571993191675333,0.08392359433777785,0.0014893374759947706,0.005720762708198518,0.7934373395726391,0.06658811341873985,0.03437580493136299,Young
2021,201162,9,0.6666666666666666,0.9231731827233141,-0.2565065160566474,0.18282320909889543,0.005720762708198518,0.030341795886487603,-0.007782868353744851,0.07447942329121063,Dudley
2021,201188,194,1.1649484536082475,1.0340499010697422,0.13089855253850535,0.00839319107045329,0.005720762708198518,0.4053267282801727,0.05305668203704267,0.0583265349255139,Gasol
2021,201229,17,0.7058823529411765,1.0340577209195203,-0.3281753679783438,0.10780489254225255,0.005720762708198518,0.05039180523184682,-0.01653734922505436,0.07370538072643927,Tolliver
2021,201565,610,1.022950819672131,0.9559603168627862,0.06699050280934493,0.0019261405465980648,0.005720762708198518,0.7481149581185197,0.05011659720355166,0.037960170631183864,Rose
2021,201566,1238,0.9483037156704361,0.9347861109924542,0.01351760467798191,0.0009383336278407718,0.005720762708198518,0.8590899454686556,0.011612838265674321,0.028392128929918842,Westbrook
2021,201567,252,1.0436507936507937,1.0335834460029556,0.01006734764783812,0.006439466859607808,0.005720762708198518,0.47044857798934864,0.004736169385049858,0.05504033091390376,Love
2021,201568,473,1.0887949260042282,0.9692227098875577,0.11957221611667057,0.0031947829036226383,0.005720762708198518,0.6416615378663237,0.07672489207950726,0.04527658678707507,Gallinari
2021,201569,367,1.0544959128065394,1.0258100144769975,0.028685898329541937,0.004247499797507497,0.005720762708198518,0.5738976782487268,0.016462770449803148,0.04937236344506398,Gordon
2021,201571,343,1.0291545189504374,1.0371214116698673,-0.007966892719429852,0.004806876272261357,0.005720762708198518,0.5434041496689527,-0.004329242563705549,0.05110847790036451,Augustin
2021,201572,640,1.1546875,1.101739258448863,0.05294824155113709,0.002162183735180347,0.005720762708198518,0.7257137606210133,0.038425267494345494,0.03961220127197325,Lopez
2021,201577,425,1.2776470588235294,1.0313324343990178,0.24631462442451157,0.002270977166015522,0.005720762708198518,0.7158344488484913,0.17632049341824338,0.0403192719178091,Lopez
2021,201580,282,1.0390070921985815,1.1106204360038763,-0.07161334380529483,0.0033282004036051384,0.005720762708198518,0.6322009093767037,-0.04527402107721392,0.04587037520826574,McGee
2021,201586,365,1.126027397260274,1.0424833784825998,0.08354401877767414,0.003453967721281645,0.005720762708198518,0.6235346915280054,0.052092593977546946,0.04640763619962816,Ibaka
2021,201587,412,1.1941747572815533,1.1206573046837038,0.07351745259784948,0.004027670408693166,0.005720762708198518,0.5868392017057403,0.04314292319396159,0.04861681691936783,Batum
2021,201588,197,1.1218274111675126,1.0325260514894332,0.0893013596780794,0.007077052124388534,0.005720762708198518,0.44701089858182275,0.03991868103427682,0.056245172498920436,Hill
2021,201599,249,1.5261044176706828,1.5449144246835382,-0.0188100070128554,0.0022874816105301486,0.005720762708198518,0.7143591629465554,-0.013437100864722221,0.04042379804711521,Jordan
2021,201609,554,1.0306859205776173,0.9878241478247236,0.04286177275289371,0.002566919170778748,0.005720762708198518,0.690272960731027,0.029586322780320404,0.04209364436551769,Dragic
2021,201933,410,1.0195121951219512,1.0905349799579862,-0.07102278483603497,0.0035838429266053158,0.005720762708198518,0.614831292451561,-0.04366703059424851,0.04694101382062526,Griffin
2021,201935,732,1.099726775956284,1.0397693340232932,0.05995744193299091,0.0019805538478114334,0.005720762708198518,0.742829185970047,0.044538137783929996,0.0383563971527516,Harden
2021,201937,498,0.9076305220883534,1.025491862118904,-0.1178613400305506,0.0028796010169999517,0.005720762708198518,0.6651768333282323,-0.07839863293334366,0.04376578441815918,Rubio
2021,201939,1351,1.223538119911177,1.0217942755996385,0.20174384431153847,0.0011702071593013045,0.005720762708198518,0.8301825168587077,0.1674842124313043,0.03116866254356827,Curry
2021,201942,919,1.0108813928182807,0.9155833847375825,0.09529800808069822,0.0011137345832483018,0.005720762708198518,0.8370422087017125,0.07976845516874129,0.030532652283574054,DeRozan
2021,201949,326,0.99079754601227,1.0678226820245071,-0.07702513601223715,0.0040543396969099435,0.005720762708198518,0.5852381357364452,-0.0450780470046478,0.04871092491281437,Johnson
2021,201950,821,1.143727161997564,1.028917971172646,0.11480919082491803,0.0015960889843869817,0.005720762708198518,0.7818612360280076,0.0897648558457458,0.035325912672477304,Holiday
2021,201952,284,0.9929577464788732,0.9575206132163162,0.03543713326255704,0.0044675715892512095,0.005720762708198518,0.5615012759868411,0.019897995544241508,0.050085398550147466,Teague
2021,201959,158,1.2721518987341771,1.1739849610889588,0.09816693764521833,0.006004549808583174,0.005720762708198518,0.4878985272256714,0.047895504299356344,0.054125881131496766,Gibson
2021,201961,338,1.2248520710059172,1.0845752072525345,0.14027686375338266,0.005511324044597685,0.005720762708198518,0.5093232303226599,0.0714462653864045,0.05298155684527815,Ellington
2021,201976,220,1.1,1.055457276600131,0.0445427233998692,0.007592832990369583,0.005720762708198518,0.42969328780306854,0.01913970926539247,0.057119080624354515,Beverley
2021,201980,542,1.1494464944649447,1.1046880248026123,0.044758469662332434,0.0034310379103331986,0.005720762708198518,0.6250969559601636,0.027978383139359336,0.0463112443531072,Green
2021,201988,611,1.088379705400982,1.0576510545744966,0.03072865082648546,0.0028351526812933603,0.005720762708198518,0.6686324545968032,0.02054617322856106,0.043539351125733226,Mills
2021,202066,381,1.005249343832021,1.0799602979100675,-0.07471095407804662,0.003995466549754132,0.005720762708198518,0.5887842450316951,-0.04398863269244033,0.048502244855742276,Temple
2021,202083,252,0.9682539682539683,1.0880784888249657,-0.11982452057099746,0.007254138723918695,0.005720762708198518,0.44090991659001894,-0.0528318193703975,0.05655459043875588,Matthews
2021,202322,725,0.9172413793103448,1.0163769753596708,-0.09913559604932598,0.0018187705702395487,0.005720762708198518,0.7587688119315078,-0.07522099843446896,0.03714870636720279,Wall
2021,202324,243,1.2757201646090535,1.120877441844385,0.15484272276466848,0.0035714098434169667,0.005720762708198518,0.6156539470636433,0.0953295334441496,0.046890858028848265,Favors
2021,202326,305,1.0065573770491802,1.0668713661803377,-0.060313989131157486,0.004557183637134651,0.005720762708198518,0.5566056210048327,-0.033571105375626645,0.05036421376712233,Cousins
2021,202329,99,0.8484848484848485,1.0354420925835772,-0.18695724409872871,0.01332932152124195,0.005720762708198518,0.3003011765878447,-0.056143480374469125,0.0632677717005004,Aminu
2021,202330,658,1.074468085106383,1.0104820099955556,0.06398607511082743,0.0019341023380215075,0.005720762708198518,0.7473368470451915,0.04781915162812258,0.038018757780334256,Hayward
2021,202331,948,1.119198312236287,1.01683243116042,0.10236588107586697,0.0015028117993318604,0.005720762708198518,0.7919573200546045,0.08106940884187196,0.03449873628330896,George
2021,202334,44,0.8636363636363636,1.2006808148184904,-0.3370444511821268,0.019667228223577776,0.005720762708198518,0.2253334154550314,-0.07594737734503523,0.06657089234907679,Davis
2021,202335,164,1.1219512195121952,1.126400537689276,-0.00444931817708083,0.010160660887989838,0.005720762708198518,0.36021724838140695,-0.001602721150921434,0.060498308297077884,Patterson
2021,202339,728,1.0096153846153846,1.0109277034176556,-0.0013123188022710064,0.0020477944784835188,0.005720762708198518,0.7363996390482729,-0.0009663910923086309,0.03883291277769811,Bledsoe
2021,202340,171,0.9415204678362573,1.0795838887759528,-0.13806342093969548,0.009451233499417712,0.005720762708198518,0.37706064712346404,-0.05205828284360079,0.05969663490855581,Bradley
2021,202355,224,1.125,1.0260055210445531,0.09899447895544689,0.0039466666085822754,0.005720762708198518,0.5917563522567862,0.05858061176023644,0.048326649334174916,Whiteside
2021,202357,196,1.0459183673469388,1.0463911552671852,-0.00047278792024640914,0.007163858923808564,0.005720762708198518,0.44399927848772813,-0.0002099174954671192,0.05639812225029194,Bjelica
2021,202397,296,0.9324324324324325,0.9356888631931402,-0.003256430760707696,0.003774318333972853,0.005720762708198518,0.6024975124267368,-0.001961991432716293,0.0476866585883858,Smith
2021,202681,1086,1.1510128913443831,1.0010404219328144,0.14997246941156872,0.001220491417277149,0.005720762708198518,0.8241684578586853,0.12360257883619144,0.03171577729154795,Irving
2021,202683,560,1.2125,1.1682604078803958,0.044239592119604154,0.0015821644102821354,0.005720762708198518,0.7833520197294125,0.03465517383889732,0.0352049951901503,Freedom
2021,202684,324,1.0432098765432098,1.0611620611208965,-0.01795218457768666,0.0027702087726307538,0.005720762708198518,0.6737465460948409,-0.012095222354073456,0.04320206699362426,Thompson
2021,202685,743,1.2126514131897712,1.1074943069043857,0.10515710628538555,0.0013101328248015676,0.005720762708198518,0.8136606043067556,0.08556219464731653,0.03264970851248385,Valančiūnas
2021,202687,242,1.1735537190082646,1.2940314215917592,-0.12047770258349466,0.0030680930233545362,0.005720762708198518,0.6509109812396042,-0.0784202596061157,0.04468842624624507,Biyombo
2021,202689,671,1.0357675111773472,0.9887348297471239,0.04703268143022332,0.0022743484358706987,0.005720762708198518,0.7155326055025747,0.03365341708754026,0.040340679991037166,Walker
2021,202692,500,1.044,1.0138270942718677,0.03017290572813236,0.0030007336273538093,0.005720762708198518,0.6559382115289538,0.019791561819942866,0.04436548037383623,Burks
2021,202693,376,0.9867021276595744,1.0355834079537631,-0.0488812802941887,0.004138256236167806,0.005720762708198518,0.5802567923320096,-0.028363694908587804,0.049002564110938784,Morris
2021,202694,580,1.193103448275862,0.9906939788840406,0.20240946939182136,0.002592638098636255,0.005720762708198518,0.6881374832180899,0.13928554284679695,0.042238506792864804,Morris Sr.
2021,202695,907,1.1367144432194047,1.0143618082561758,0.1223526349632289,0.001351415576491815,0.005720762708198518,0.8089109858249297,0.09897239056638325,0.03306319564469169,Leonard
2021,202696,1396,1.0802292263610316,0.9602102256238466,0.12001900073718497,0.0009198270454767117,0.005720762708198518,0.8614841332477083,0.10339446482332985,0.028149891740649826,Vučević
2021,202697,4,0.5,1.1191780283687476,-0.6191780283687476,0.4586300060687373,0.005720762708198518,0.012319916521871099,-0.007628221621679705,0.07516836694509253,Shumpert
2021,202699,923,1.113759479956663,1.002585877899651,0.11117360205701199,0.00127275014807566,0.005720762708198518,0.818009893706877,0.09094110640166703,0.03226642548133869,Harris
2021,202704,584,1.1095890410958904,1.0308149347713191,0.07877410632457127,0.0025333538438406405,0.005720762708198518,0.6930799525462502,0.054596753873307126,0.04190246725279947,Jackson
2021,202709,425,1.0470588235294118,0.9666499252500317,0.08040889827938014,0.003011532874401355,0.005720762708198518,0.6551270114582255,0.052678041224418756,0.04441775018970185,Joseph
2021,202710,734,1.0313351498637602,1.0054355061306441,0.02589964373311604,0.0014402967042095375,0.005720762708198518,0.7988710020037094,0.020690474340613503,0.033920661421536484,Butler III
2021,202711,925,1.0724324324324324,1.0384071382631639,0.03402529416926847,0.001633117500583784,0.005720762708198518,0.777924380841362,0.026469105899573377,0.03564325911701724,Bogdanović
2021,202722,475,1.168421052631579,1.041183006721247,0.12723804591033194,0.004018326178805725,0.005720762708198518,0.5874022482567394,0.07473991423152321,0.048583678655072994,Bertans
2021,202734,121,1.0,0.9622867246544305,0.03771327534556945,0.01042832602309028,0.005720762708198518,0.35424678156078004,0.013359806413283493,0.060779938554972726,Moore
2021,202738,27,0.7777777777777778,1.021041137013581,-0.24326335923580322,0.05377057419546327,0.005720762708198518,0.09616127332055964,-0.02339251437635156,0.07190721022132186,Thomas
2021,202954,298,0.825503355704698,1.004192131719115,-0.1786887760144169,0.004135527820636061,0.005720762708198518,0.5804174188516893,-0.10371407815205551,0.0489931871104844,Wanamaker
2021,203076,612,1.026143790849673,1.0095794166711034,0.016564374178569707,0.0017504273832430624,0.005720762708198518,0.7657096979438098,0.012683501948900854,0.03661037042827645,Davis
2021,203078,1382,1.0636758321273516,0.9548099339116222,0.10886589821572945,0.0008923464087804135,0.005720762708198518,0.8650640125551013,0.09417597074091416,0.02778375001630844,Beal
2021,203081,1330,1.11203007518797,1.0555551058253647,0.05647496936260521,0.0011393845492765268,0.005720762708198518,0.8339125230825015,0.047095184192177085,0.03082445529524256,Lillard
2021,203082,615,0.9707317073170731,0.9643353467923952,0.006396360524677958,0.002290798507361014,0.005720762708198518,0.714063408401352,0.004567406997615402,0.04044472017614827,Ross
2021,203083,571,0.9877408056042032,1.1520280056103502,-0.16428720000614705,0.001521776904145058,0.005720762708198518,0.7898835235154987,-0.1297677524093509,0.034670253864813365,Drummond
2021,203084,642,1.1495327102803738,1.0594614550635746,0.09007125521679926,0.0020970756597337445,0.005720762708198518,0.7317576085563919,0.06591032631711748,0.039173346419837336,Barnes
2021,203085,244,1.0778688524590163,1.0472191564720017,0.030649695987014614,0.006652434369291645,0.005720762708198518,0.4623512154838274,0.014170924193805993,0.05545954486441789,Rivers
2021,203086,7,1.2857142857142858,1.0433640647965068,0.24235022091777902,0.2910584367677218,0.005720762708198518,0.019276157892132467,0.004671581123604293,0.07490319340970623,Leonard
2021,203087,275,1.0618181818181818,1.019829829038008,0.041988352780173877,0.0052558812817533685,0.005720762708198518,0.521175936236554,0.021883319071237837,0.05233773827522538,Lamb
2021,203090,165,0.9757575757575757,1.1713063120201521,-0.1955487362625764,0.008808228139575052,0.005720762708198518,0.3937481114922149,-0.07699694560807865,0.05889162245642637,Harkless
2021,203095,540,1.1314814814814815,1.0166544679574991,0.11482701352398239,0.002828782541328506,0.005720762708198518,0.6691306427689824,0.07683427336654497,0.043506609614319736,Fournier
2021,203107,327,1.162079510703364,1.055774608801181,0.10630490190218289,0.0040042940081755655,0.005720762708198518,0.5882498040928097,0.06253383771806444,0.04853375285138465,Satoransky
2021,203109,492,1.1097560975609757,1.069809331193256,0.039946766367719766,0.0036720011122420046,0.005720762708198518,0.6090606362047558,0.024330002938246144,0.047291345228981235,Crowder
2021,203110,378,0.9894179894179894,1.0719878773050227,-0.08256988788703323,0.0032820313562083444,0.005720762708198518,0.6354430266061432,-0.05246845946546631,0.045667756003610414,Green
2021,203114,1074,1.0921787709497206,0.9825386737810943,0.10964009716862633,0.0012298963521192592,0.005720762708198518,0.8230532757474901,0.09023964112791101,0.03181619432681484,Middleton
2021,203115,607,1.014827018121911,1.0288420505284688,-0.01401503240655777,0.002308453851562065,0.005720762708198518,0.712493263274132,-0.009985616174241057,0.04055561388781083,Barton
2021,203118,211,0.9715639810426541,1.0647347612844713,-0.09317078024181724,0.008326321934207565,0.005720762708198518,0.4072562281662614,-0.03794438053659012,0.0582318337803592,Scott
2021,203121,47,1.297872340425532,1.034188943680357,0.2636833967451748,0.04044726815971612,0.005720762708198518,0.12391177619347575,0.032673478043423576,0.07079472324858853,Miller
2021,203145,392,1.0892857142857142,1.0517492776185697,0.03753643666714446,0.0037044228770036227,0.005720762708198518,0.6069655240720467,0.022783322953470526,0.047417897179493136,Bazemore
2021,203200,625,1.1024,1.1247441311099178,-0.02234413110991773,0.002794260528739589,0.005720762708198518,0.67184346407675,-0.015011758446672204,0.04332788562994202,Holiday
2021,203210,374,1.1363636363636365,1.0993523471734905,0.03701128919014596,0.003991504540490955,0.005720762708198518,0.5890244328861988,0.021800553625612822,0.0484880778988544,Green
2021,203263,13,1.0769230769230769,1.073759034556301,0.00316404236677581,0.15333172683808813,0.005720762708198518,0.03596776588984915,0.00011380353511375655,0.07426304366506031,Nunnally
2021,203382,304,0.9703947368421053,1.128053985069522,-0.15765924822741662,0.004157181898183545,0.005720762708198518,0.5791450485055746,-0.09130757296201962,0.049067415991368504,Baynes
2021,203457,223,1.2286995515695067,1.3104167419173511,-0.08171719034784442,0.0033985765792734195,0.005720762708198518,0.6273220600595097,-0.05126299619128485,0.0461736078401916,Noel
2021,203458,278,1.2589928057553956,1.1328145231543612,0.12617828260103447,0.003321251623669065,0.005720762708198518,0.6326867552107632,0.0798313281969152,0.045840068859215946,Len
2021,203460,14,0.35714285714285715,1.119255594438791,-0.7621127372959338,0.11290457792861831,0.005720762708198518,0.04822546917452652,-0.03675324431997908,0.07378940467682003,Roberson
2021,203463,363,1.0110192837465564,1.0688937673374395,-0.0578744835908831,0.004886218146390707,0.005720762708198518,0.5393394017227219,-0.031213989354918373,0.05133546504864908,McLemore
2021,203468,884,1.1074660633484164,1.0152197184012048,0.09224634494721151,0.001685965149962453,0.005720762708198518,0.7723738225234235,0.07124866206069204,0.03608594390504115,McCollum
2021,203469,324,1.1296296296296295,1.1837621753182588,-0.05413254568862924,0.0028290999761513857,0.005720762708198518,0.6691057996370033,-0.03622040026937689,0.04350824291781731,Zeller
2021,203471,756,0.9722222222222222,0.983472536536942,-0.01125031431471979,0.0016531089572520401,0.005720762708198518,0.7758153338906757,-0.008728166356449381,0.0358121107675624,Schröder
2021,203473,65,1.4307692307692308,1.1974612757617902,0.23330795500744061,0.013887709175578777,0.005720762708198518,0.2917495428560899,0.06806748921810998,0.06365322303932011,Dedmon
2021,203476,163,1.2269938650306749,1.0760652442468714,0.15092862078380342,0.008293560220860008,0.005720762708198518,0.40820828356513655,0.06161031323100979,0.05818504947494123,Dieng
2021,203482,697,1.1477761836441893,1.1045890925454351,0.04318709109875418,0.0021634761417717637,0.005720762708198518,0.7255947995817099,0.031336328710317586,0.039620790470265656,Olynyk
2021,203484,506,1.098814229249012,1.0963932746102687,0.0024209546387432557,0.0031401171121398673,0.005720762708198518,0.645620166867363,0.0015630171378437372,0.045025802979211854,Caldwell-Pope
2021,203486,381,1.2283464566929134,1.1762350998147182,0.052111356878195236,0.0021952610944821044,0.005720762708198518,0.7226813424008758,0.03765990534306524,0.039830569098127926,Plumlee
2021,203487,270,0.8333333333333334,0.9729505622760091,-0.1396172289426757,0.004283523853275511,0.005720762708198518,0.5718311518813214,-0.0798374808487684,0.0494919425677519,Carter-Williams
2021,203488,266,1.150375939849624,1.0396345871563624,0.11074135269326169,0.006361563126689659,0.005720762708198518,0.47348190955747915,0.05243402714018383,0.05488246584288527,Muscala
2021,203490,226,1.0398230088495575,1.008650004558773,0.031173004290784512,0.0063811800979968235,0.005720762708198518,0.472714406257968,0.01473592821459529,0.05492245225087579,Porter Jr.
2021,203493,560,1.1767857142857143,1.0683097059914262,0.10847600829428816,0.0031134605823031777,0.005720762708198518,0.6475682717177093,0.07024562121396807,0.044901873995895555,Bullock Jr.
2021,203496,508,1.0688976377952757,1.0876751657835608,-0.018777527988285136,0.0033441147473428482,0.005720762708198518,0.6310910143304157,-0.011850329184744638,0.04593953382368937,Covington
2021,203497,576,1.3576388888888888,1.329682502002165,0.02795638688672386,0.0012854528680966424,0.005720762708198518,0.8165267890919821,0.022827138819229827,0.03239763421788743,Gobert
2021,203500,305,1.2393442622950819,1.1911255840352684,0.04821867825981352,0.0027083199606362514,0.005720762708198518,0.6786933920283109,0.032725698307274606,0.0428732884297694,Adams
2021,203501,907,1.1256890848952592,1.0618836131653513,0.06380547172990791,0.0017239882732325341,0.005720762708198518,0.7684290209931046,0.04902997617541635,0.0363972886490693,Hardaway Jr.
2021,203503,171,1.391812865497076,1.029189345768879,0.36262351972819706,0.009673335285680274,0.005720762708198518,0.3716205204405795,0.13475834112538734,0.05995673351059684,Snell
2021,203504,352,1.0142045454545454,0.9992052098923714,0.014999335562174032,0.004152970048124624,0.005720762708198518,0.5793920951055658,0.008690496456559432,0.04905301231416464,Burke
2021,203506,576,0.9513888888888888,1.0454285181661147,-0.09403962927722587,0.0024213626307899496,0.005720762708198518,0.7026129505529368,-0.06607346139537601,0.04124658461470414,Oladipo
2021,203507,1100,1.199090909090909,1.1379760564807544,0.06111485261015459,0.0009741168036825,0.005720762708198518,0.8544982322753097,0.0522225335211432,0.02885101535087407,Antetokounmpo
2021,203516,243,1.131687242798354,1.05464804716451,0.07703919563384387,0.005678151432383888,0.005720762708198518,0.501869093638618,0.0386635912874054,0.05338247570985559,Ennis III
2021,203521,56,0.5714285714285714,0.99004714760228,-0.41861857617370857,0.025891561521967664,0.005720762708198518,0.1809662164207293,-0.0757558198535889,0.06845069704433278,Dellavedova
2021,203524,297,0.9494949494949495,1.101015374664139,-0.1515204251691894,0.005805574185546391,0.005720762708198518,0.49632097004756565,-0.07520276440199167,0.05367893638526653,Hill
2021,203526,445,1.0831460674157303,0.9681975826422602,0.11494848477347008,0.0030149420757474284,0.005720762708198518,0.6548713412009821,0.07527646839262303,0.0444342116030879,Neto
2021,203552,551,1.1651542649727769,0.9997142455512168,0.16544001942156006,0.002779267270190619,0.005720762708198518,0.673028533163206,0.11134585359778487,0.04324958004564784,Curry
2021,203585,70,1.2142857142857142,1.0245041175274836,0.1897815967582306,0.01885801126181432,0.005720762708198518,0.23275215904495863,0.04417207639247789,0.0662513610160684,McGruder
2021,203648,133,1.0601503759398496,1.239851620218562,-0.17970124427871248,0.007288672466903852,0.005720762708198518,0.43973951452919263,-0.07902173791941289,0.05661375532640979,Antetokounmpo
2021,203658,15,1.0666666666666667,1.3587338322589073,-0.29206716559224066,0.043398313302746135,0.005720762708198518,0.11646722969552246,-0.03401625366155169,0.07109487551032903,Pelle
2021,203897,1122,1.1925133689839573,1.078214778937058,0.11429859004689935,0.001225623901371355,0.005720762708198518,0.8235595036298669,0.09413169008461807,0.031770650164110494,LaVine
2021,203901,622,0.909967845659164,1.0092035344485717,-0.0992356887894077,0.0017796773400495232,0.005720762708198518,0.7627236097347085,-0.07568940276796719,0.03684293588960626,Payton
2021,203903,1074,1.0446927374301676,1.013425222721353,0.031267514708814614,0.001462745455238636,0.005720762708198518,0.7963744980922045,0.02490065133282286,0.034130531460150486,Clarkson
2021,203914,345,0.9391304347826087,1.0510431093417623,-0.11191267455915355,0.004007292087430899,0.005720762708198518,0.588068511987486,-0.06581232000054121,0.04854443629248068,Harris
2021,203915,16,0.875,1.1854298976225717,-0.31042989762257167,0.08748759138172923,0.005720762708198518,0.06137607260695866,-0.019052967935853704,0.0732778599636544,Dinwiddie
2021,203918,259,0.8571428571428571,0.9975447143741174,-0.1404018572312603,0.0055519321232171195,0.005720762708198518,0.50748847491688,-0.07125232440178982,0.05308051964754576,Hood
2021,203920,380,1.0289473684210526,1.0665118843826813,-0.037564515961628686,0.002687557350221412,0.005720762708198518,0.6803692852378825,-0.02555774287512034,0.042761331520498276,Birch
2021,203922,99,1.0101010101010102,1.0558760977623844,-0.04577508766137428,0.014504896231441747,0.005720762708198518,0.282846790073494,-0.012947336610352517,0.06405203618474918,Robinson III
2021,203924,932,0.9817596566523605,0.9874063412919282,-0.005646684639567634,0.0013987022822783033,0.005720762708198518,0.8035382877576835,-0.004537327306785789,0.03352477944721892,Grant
2021,203925,707,1.3083451202263083,1.0810829612347572,0.2272621589915511,0.0023248131659526538,0.005720762708198518,0.7110445290284548,0.1615935148061373,0.04065766450085341,Harris
2021,203926,665,1.231578947368421,1.15224731072263,0.07933163664579101,0.0020654655571677605,0.005720762708198518,0.7347283579708156,0.058287203127899416,0.038955822636200926,McDermott
2021,203932,496,1.0504032258064515,1.0844221880650424,-0.03401896225859091,0.0025670584425907857,0.005720762708198518,0.6902613611122258,-0.023481975192240403,0.04209443258481276,Gordon
2021,203933,51,1.0588235294117647,1.0770690939543355,-0.018245564542570758,0.020678316184846383,0.005720762708198518,0.2167031179904428,-0.003953870725870951,0.06694068711963187,Warren
2021,203935,507,0.9842209072978304,1.002258563338263,-0.018037656040432615,0.0030707361563747405,0.005720762708198518,0.6507152871566918,-0.011737378529983746,0.04470095032298335,Smart
2021,203937,657,1.0806697108066972,1.0190515790078132,0.06161813179888398,0.0021194603536898206,0.005720762708198518,0.729668360586243,0.04496080121207872,0.039325604402277024,Anderson
2021,203939,194,1.2628865979381443,1.350830629668647,-0.08794403173050269,0.004254795158606756,0.005720762708198518,0.5734779733206664,-0.050433965082457066,0.049396673009954685,Powell
2021,203943,3,0.0,0.9587491472015174,-0.9587491472015174,0.5534826864771154,0.005720762708198518,0.010230199253121415,-0.009808194809631757,0.07524784492471409,Vonleh
2021,203944,1319,1.0341167551175132,0.9609416009157844,0.07317515420172882,0.0009574046344591739,0.005720762708198518,0.8566366211964137,0.06268451685089553,0.0286382239529775,Randle
2021,203952,1058,1.0869565217391304,1.0314769798490493,0.055479541890081085,0.001232889301783987,0.005720762708198518,0.822699022037042,0.045642964856032815,0.03184802698531916,Wiggins
2021,203953,55,1.1272727272727272,1.0504918351683519,0.07678089210437533,0.019584038894329928,0.005720762708198518,0.22607419722377517,0.01735817854462195,0.06653905523401146,Parker
2021,203954,898,1.0913140311804008,0.969765642822208,0.12154838835819282,0.0012276470602831458,0.005720762708198518,0.8233197089423518,0.10007318372547926,0.031792232075717075,Embiid
2021,203957,26,0.8461538461538461,1.1097800147679888,-0.2636261686141427,0.05250449190669108,0.005720762708198518,0.09825225747893221,-0.025901866196861145,0.07182398525295518,Exum
2021,203960,113,1.0176991150442478,1.124306329000962,-0.10660721395671424,0.00905291025443742,0.005720762708198518,0.3872268407908369,-0.041281174665971275,0.05920751504487225,Sampson
2021,203967,342,1.0321637426900585,1.0208748449018317,0.011288897788226837,0.0039653362031640375,0.005720762708198518,0.5906157639467849,0.006667400991310764,0.04839411194492127,Šarić
2021,203991,695,1.1884892086330936,1.2838264653298537,-0.09533725669676008,0.001104964307321215,0.005720762708198518,0.8381177118849251,-0.07990384344007431,0.030431729444225942,Capela
2021,203992,565,1.2035398230088497,1.0334308031852095,0.17010901982364013,0.002843679477600251,0.005720762708198518,0.6679667611843382,0.11362717101983927,0.04358306288570149,Bogdanović
2021,203994,332,1.0662650602409638,1.1420509173671762,-0.07578585712621244,0.002868810505625861,0.005720762708198518,0.6660124508853723,-0.050474324447077404,0.04371113720755368,Nurkić
2021,203998,17,0.9411764705882353,1.1233372719580437,-0.1821608013698084,0.06443476943716839,0.005720762708198518,0.08154399992782778,-0.014854120373752706,0.07248633550079668,Caboclo
2021,203999,1290,1.206201550387597,0.9757063713027206,0.23049517908487627,0.0008635558191808011,0.005720762708198518,0.8688465912470804,0.2002649506467801,0.02739155946357964,Jokić
2021,204001,680,1.098529411764706,1.0619729246746092,0.036556487090096734,0.00190432122258702,0.005720762708198518,0.7502557034292425,0.02742671293668255,0.0377985166164925,Porziņģis
2021,204020,182,1.054945054945055,1.0609075332478228,-0.00596247830276786,0.009599284442583515,0.005720762708198518,0.3734167820695313,-0.0022264894609789745,0.05987097716523132,Johnson
2021,204025,20,0.3,0.9603712175995348,-0.6603712175995349,0.07057769690897932,0.005720762708198518,0.07497874448451572,-0.04951380478932405,0.07274494554842938,Frazier
2021,204038,146,1.1506849315068493,0.9994101478090215,0.15127478369782776,0.010925687291005303,0.005720762708198518,0.34366262527278396,0.05198748930316803,0.06127601796246533,Galloway
2021,204060,560,1.3089285714285714,1.0424713429091617,0.2664572285194098,0.0031481195974078415,0.005720762708198518,0.6450376170379671,0.17187493572670115,0.04506279577725376,Ingles
2021,204222,3,0.0,1.00474871630802,-1.00474871630802,0.5665280573208176,0.005720762708198518,0.009996984717082413,-0.010044457561439448,0.07525670954031011,Whittington
2021,204456,489,1.1513292433537832,0.9999785774501853,0.15135066590359791,0.0021142750012210325,0.005720762708198518,0.7301512667030079,0.11050888042585576,0.039290464114082956,McConnell
2021,1626143,102,1.2549019607843137,1.0585029338193952,0.1963990269649185,0.009613171054114994,0.005720762708198518,0.373078610934041,0.07327227616886905,0.05988713136843801,Okafor
2021,1626145,413,0.9709443099273608,0.9743092155404098,-0.0033649056130490296,0.0032338714544862773,0.005720762708198518,0.6388605725555747,-0.00214970552654797,0.04545319536604915,Jones
2021,1626149,602,1.2458471760797343,1.15913865686041,0.08670851921932421,0.001398281455079091,0.005720762708198518,0.8035857872195975,0.06967773367550624,0.03352072648130251,Harrell
2021,1626153,517,1.0522243713733075,1.033949441493274,0.01827492988003354,0.0024991005356896087,0.005720762708198518,0.695968112663211,0.012718768457659464,0.041704847238414826,Wright
2021,1626156,651,1.0476190476190477,0.994186695776621,0.05343235184242667,0.002252141107777058,0.005720762708198518,0.7175256142856802,0.03833908107846579,0.04019911605764194,Russell
2021,1626157,875,1.1108571428571428,1.0430248662820698,0.06783227657507296,0.0014869379069946374,0.005720762708198518,0.7937014886744447,0.053838578897812066,0.03435381827902259,Towns
2021,1626158,574,1.278745644599303,1.0541285089232697,0.22461713567603336,0.001517486145016755,0.005720762708198518,0.7903517583064751,0.17752654812731705,0.03463160179546576,Holmes
2021,1626159,210,0.7523809523809524,1.035053522757471,-0.2826725703765187,0.005684544246371707,0.005720762708198518,0.501587789875848,-0.14178510983368312,0.053397546619569074,Winslow
2021,1626161,182,1.2692307692307692,1.4036993094087626,-0.13446854017799348,0.00414757413567107,0.005720762708198518,0.57970890117643,-0.07795260966938324,0.04903453522506008,Cauley-Stein
2021,1626162,724,1.0027624309392265,1.1019664556933964,-0.0992040247541699,0.0018280653815064267,0.005720762708198518,0.7578345460006523,-0.07518023706101382,0.03722057359113951,Oubre Jr.
2021,1626163,257,1.0622568093385214,1.0510569169994646,0.011199892339056827,0.0049456499800113966,0.005720762708198518,0.5363342742702938,0.006006886129573467,0.05150263675603712,Kaminsky
2021,1626164,1286,1.0668740279937792,0.988069329312984,0.0788046986807952,0.0009758432813233751,0.005720762708198518,0.8542779308129721,0.06732111492736947,0.02887284847684194,Booker
2021,1626166,393,1.1577608142493638,0.9832995564721901,0.1744612577771737,0.003581536558890306,0.005720762708198518,0.6149837307899088,0.10729083518610626,0.04693172397160381,Payne
2021,1626167,432,1.1134259259259258,1.1217119664062436,-0.00828604048031778,0.00328727800169561,0.005720762708198518,0.6350729190105707,-0.0052622399148751645,0.04569093166193996,Turner
2021,1626168,90,1.1111111111111112,1.0734111431886828,0.03769996792242836,0.015869689860278445,0.005720762708198518,0.26496724374138825,0.009989256589544592,0.06484557025201211,Lyles
2021,1626169,231,0.9653679653679653,1.0377100707504143,-0.072342105382449,0.006781012685424666,0.005720762708198518,0.4575960236108964,-0.03310345976264909,0.0557042587322134,Johnson
2021,1626171,598,1.1705685618729098,1.0336345009769285,0.13693406089598126,0.0020038668113219137,0.005720762708198518,0.7405873244460376,0.10141162978448554,0.03852321845774453,Portis
2021,1626172,197,1.116751269035533,1.115142749128973,0.0016085199065600797,0.004729803557330963,0.005720762708198518,0.5474117442868225,0.0008805226877701299,0.050883691055706254,Looney
2021,1626174,640,1.1484375,1.110613123853506,0.03782437614649403,0.001891691688940072,0.005720762708198518,0.7515004241403231,0.028425034716933386,0.037704205423018645,Wood
2021,1626178,18,1.0,1.0450850370394311,-0.04508503703943112,0.0513136799685332,0.005720762708198518,0.10030364880785293,-0.004522193721692141,0.07174224233045906,Hollis-Jefferson
2021,1626179,1131,1.0954907161803713,1.0308443063689365,0.06464640981143477,0.0013222809665790597,0.005720762708198518,0.8122571678329372,0.05250950974400341,0.03277243037970949,Rozier
2021,1626181,916,1.1430131004366813,1.0775709681055614,0.06544213233111984,0.0015599835032088882,0.005720762708198518,0.7857385138950839,0.051420403803979525,0.03501055725795005,Powell
2021,1626184,235,0.9702127659574468,1.0405918707350155,-0.0703791047775687,0.006603608755857726,0.005720762708198518,0.4641829179591832,-0.03266877821900693,0.055364992381060164,Randle
2021,1626188,68,1.0147058823529411,1.0200489940437407,-0.005343111690799596,0.02008314566902561,0.005720762708198518,0.22170140370084251,-0.0011845753619806525,0.06672676813357195,Cook
2021,1626192,386,1.1321243523316062,1.0966731553635718,0.03545119696803445,0.004365506603194076,0.005720762708198518,0.5671832202355365,0.020107324057534064,0.04975984418342881,Connaughton
2021,1626195,268,1.1305970149253732,1.166510021426076,-0.03591300650070273,0.0033404329236511833,0.005720762708198518,0.631347444711412,-0.022673584886122995,0.04592356465451093,Hernangomez
2021,1626196,617,0.9983792544570502,1.0229390596814065,-0.0245598052243563,0.0023003726330669263,0.005720762708198518,0.7132110935427738,-0.017516325541260685,0.040504953785747394,Richardson
2021,1626204,272,1.0919117647058822,1.1503394372640656,-0.058427672558183374,0.004826413609372197,0.005720762708198518,0.542397560820919,-0.031691027080002,0.051164782509421136,Nance Jr.
2021,1626220,394,1.1598984771573604,1.109048145654002,0.05085033150335838,0.004352431763917274,0.005720762708198518,0.5679194146439346,0.02887889050183732,0.049717506973314396,O'Neale
2021,1626224,586,0.9163822525597269,1.0941505461794203,-0.17776829361969337,0.002619746507494771,0.005720762708198518,0.6859008916906988,-0.12193143110808165,0.04238969763390932,Osman
2021,1626245,13,1.0769230769230769,1.235486168253901,-0.15856309133082402,0.06986592293177646,0.005720762708198518,0.07568479368769968,-0.012000814853857298,0.07271717790792095,Felicio
2021,1626246,122,1.0245901639344261,1.0597205153603875,-0.035130351425961326,0.007564575676987918,0.005720762708198518,0.43060722597606893,-0.015127383175097644,0.05707329452514381,Marjanović
2021,1626253,11,0.8181818181818182,1.180354492666537,-0.3621726744847188,0.09715849859615214,0.005720762708198518,0.05560656866766007,-0.020139179693284614,0.07350272596192393,Toupane
2021,1627732,583,1.1200686106346485,1.1179356444499005,0.0021329661847480086,0.0014718377842547683,0.005720762708198518,0.7953677830710786,0.0016964925857286001,0.034214797317870575,Simmons
2021,1627734,904,1.1283185840707965,1.0745444084042073,0.05377417566658926,0.0012120605805057796,0.005720762708198518,0.8251707089548064,0.04437287465825976,0.03162525712958123,Sabonis
2021,1627736,600,1.0933333333333333,1.0666489912574313,0.02668434207590198,0.0025384613544277602,0.005720762708198518,0.6926513513642858,0.018482945599140377,0.04193171457894851,Beasley
2021,1627737,14,0.7857142857142857,1.1268630060145786,-0.34114872030029286,0.09405935388379547,0.005720762708198518,0.05733369436308649,-0.01955931646205507,0.07343548357274514,Chriss
2021,1627739,12,0.16666666666666666,0.9055480706747487,-0.7388814040080821,0.09326188262320344,0.005720762708198518,0.05779561345370129,-0.042704104014179206,0.07341748918381183,Dunn
2021,1627740,13,0.9230769230769231,1.1786999153000088,-0.2556229922230857,0.12110171277474546,0.005720762708198518,0.04510842960929183,-0.011530751751211614,0.07391013520664323,Ellenson
2021,1627741,990,1.098989898989899,1.0673666597247382,0.03162323926516075,0.0017828018184051382,0.005720762708198518,0.7624060122246874,0.024109747741778362,0.036867585016612935,Hield
2021,1627742,1097,1.06563354603464,0.9747244287972163,0.09090911723742368,0.0011956419178020573,0.005720762708198518,0.8271295590042077,0.07519361805005206,0.03144758770078495,Ingram
2021,1627745,101,1.396039603960396,1.291894764020487,0.10414483993990897,0.007486785443221553,0.005720762708198518,0.4331434300001718,0.04510965318839106,0.05694604399387494,Jones
2021,1627747,813,0.986469864698647,1.0263218065090238,-0.03985194181037688,0.0015802417203056832,0.005720762708198518,0.7835583123143735,-0.031226320267389522,0.03518823006932124,LeVert
2021,1627748,18,1.1111111111111112,1.0312814305088716,0.0798296806022396,0.05762166258468819,0.005720762708198518,0.09031486688023854,0.007209806976683231,0.07213939829076851,Maker
2021,1627749,974,0.9702258726899384,0.9693301995314225,0.0008956731585159083,0.0011950227017627725,0.005720762708198518,0.8272036173879113,0.0007409040767216154,0.031440850843430436,Murray
2021,1627750,790,1.120253164556962,0.9841174666908769,0.13613569786608515,0.001727666294086162,0.005720762708198518,0.7680495721237016,0.10455896449680822,0.03642709647975553,Murray
2021,1627751,430,1.2325581395348837,1.1639292996987385,0.0686288398361452,0.0019568103907483454,0.005720762708198518,0.7451264396275482,0.05113716308287613,0.038184697975556986,Poeltl
2021,1627752,325,0.9969230769230769,1.0532684770115897,-0.05634540008851274,0.004533019705389147,0.005720762708198518,0.5579173106518941,-0.031436074084988025,0.05028966258748168,Prince
2021,1627756,416,0.9375,1.0202349802865451,-0.08273498028654513,0.003831082696845645,0.005720762708198518,0.5989170119082416,-0.04955138717350489,0.04790094572310824,Valentine
2021,1627759,1109,1.1172227231740306,1.0010160963423937,0.11620662683163685,0.001201632729918578,0.005720762708198518,0.8264137406392629,0.09603475316700394,0.03151262920174356,Brown
2021,1627761,227,1.092511013215859,1.07954569839856,0.012965314817299012,0.004844541486374147,0.005720762708198518,0.5414669187790391,0.007020289065123116,0.05121678388501406,Bembry
2021,1627763,980,1.0540816326530613,1.0488060472426564,0.005275585410404959,0.0013814574163966945,0.005720762708198518,0.8054893551366193,0.004249427890195248,0.03335789626883077,Brogdon
2021,1627774,182,1.1263736263736264,1.2001008116210774,-0.07372718524745103,0.007202301318181606,0.005720762708198518,0.442678508480698,-0.03263744039982174,0.056465068893619526,Layman
2021,1627775,1,2.0,1.4826824257434412,0.5173175742565588,0.7670176758784274,0.005720762708198518,0.007403232999075412,0.0038298225367378006,0.07535522920764891,McCaw
2021,1627777,405,1.180246913580247,1.0422085926045968,0.13803832097565016,0.004333993768118395,0.005720762708198518,0.5689608417342844,0.07853839929389324,0.04965755473621093,Niang
2021,1627780,13,1.6923076923076923,1.3610605212778841,0.33124717102980816,0.08427326730206137,0.005720762708198518,0.06356824677755085,0.02105680191238844,0.07319223901895572,Payton II
2021,1627783,960,0.9864583333333333,0.9753736171923738,0.011084716140959516,0.001256229060070813,0.005720762708198518,0.8199468908958703,0.009088878536243024,0.032094253567548574,Siakam
2021,1627788,420,1.05,1.0652145892282288,-0.015214589228228714,0.0038792900165959,0.005720762708198518,0.5959095092700156,-0.00906651840073864,0.048080201851757376,Korkmaz
2021,1627789,355,0.9436619718309859,1.102938787330865,-0.15927681549987904,0.004720301145478411,0.005720762708198518,0.547909943696388,-0.08726935101267871,0.05085567750850511,Luwawu-Cabarrot
2021,1627812,57,0.8596491228070176,1.0183343540851322,-0.15868523127811462,0.02607908048634135,0.005720762708198518,0.17989908545149025,-0.028547327981591035,0.06849527523054867,Ferrell
2021,1627814,274,1.2153284671532847,1.066835581942581,0.1484928852107037,0.006307565704634113,0.005720762708198518,0.475607458646974,0.07062432376221962,0.05477157378631584,Lee
2021,1627823,299,1.0535117056856187,1.129619051209733,-0.07610734552411436,0.005055681917246566,0.005720762708198518,0.5308580804740359,-0.040402199354905556,0.05180588381715735,Hernangomez
2021,1627826,393,1.3104325699745547,1.2977462225555647,0.012686347418989996,0.0019435550443722847,0.005720762708198518,0.7464151269406376,0.009469281619158448,0.03808804123555392,Zubac
2021,1627827,466,1.1995708154506437,1.1413823726984864,0.05818844275215729,0.0035181719424583276,0.005720762708198518,0.6192015556460071,0.03603037427275442,0.04667394926294893,Finney-Smith
2021,1627832,866,0.9815242494226328,1.0078308780531555,-0.026306628630522688,0.0017738558685962758,0.005720762708198518,0.7633160579927876,-0.020080272065330782,0.03679691113482599,VanVleet
2021,1627846,116,1.1379310344827587,1.0852407999889915,0.052690234493767196,0.011297148754493015,0.005720762708198518,0.33616126871620994,0.017712416076379387,0.06162518850426441,Nader
2021,1627853,116,1.0603448275862069,1.0011855048896054,0.0591593226966014,0.013195055680830178,0.005720762708198518,0.3024327359537666,0.01789171582030492,0.06317132886536234,Arcidiacono
2021,1627854,529,1.2362948960302458,1.023829148114371,0.2124657479158747,0.0031707415576102604,0.005720762708198518,0.6433964981827687,0.13669971819285665,0.04516684641204231,Forbes
2021,1627863,271,1.0,1.1014075391316496,-0.10140753913164957,0.005677212167374525,0.005720762708198518,0.5019104508168958,-0.05089750368179824,0.05338025963134793,House Jr.
2021,1627884,303,1.1122112211221122,1.2670740003515564,-0.15486277922944414,0.004352166533251736,0.005720762708198518,0.5679343685506589,-0.08795189473367446,0.04971664662755962,Jones Jr.
2021,1627885,78,0.7051282051282052,0.988308825094378,-0.28318061996617283,0.014918359663727856,0.005720762708198518,0.27718052178323144,-0.07849215200112275,0.06430457771995708,Harrison
2021,1627936,303,1.0594059405940595,1.082041531832143,-0.022635591238083563,0.004669579665182227,0.005720762708198518,0.5505846200847693,-0.01246280840221437,0.05070501696982184,Caruso
2021,1628021,218,1.0504587155963303,1.1179351781503237,-0.06747646255399342,0.005610376775813267,0.005720762708198518,0.5048709104914384,-0.03406690308637611,0.053221386969947194,Nwaba
2021,1628035,93,1.2043010752688172,1.0896470931765347,0.1146539820922825,0.014594374110014005,0.005720762708198518,0.2816009933573203,0.032286675249559166,0.06410764577496432,McKinnie
2021,1628365,104,0.8269230769230769,0.875017709447644,-0.04809463252456714,0.010549592615545817,0.005720762708198518,0.35160650117148057,-0.016910385467091144,0.060904066763530273,Fultz
2021,1628366,698,1.0773638968481376,1.064365887793342,0.012998009054795645,0.002395952495144286,0.005720762708198518,0.7048125460706651,0.009161159855760078,0.041093763253893,Ball
2021,1628367,704,0.9502840909090909,1.0177676971463236,-0.06748360623723271,0.001867311129217741,0.005720762708198518,0.753915002775782,-0.05087690318366308,0.03752057935543429,Jackson
2021,1628368,1109,1.0468890892696123,0.9819284156186653,0.06496067365094704,0.001136893671683296,0.005720762708198518,0.8342154216098402,0.05419119575778402,0.030796334743745723,Fox
2021,1628369,1317,1.0607441154138193,0.9941320155377454,0.06661209987607386,0.0010067519418160396,0.005720762708198518,0.8503530658511668,0.056643803352403536,0.029259094317406423,Tatum
2021,1628370,399,1.0802005012531328,1.0411569962108285,0.03904350504230436,0.0037653002097525626,0.005720762708198518,0.6030702892949145,0.02354597788094994,0.047652289418008864,Monk
2021,1628372,145,0.9310344827586207,1.000516345628582,-0.06948186286996128,0.009598148179908433,0.005720762708198518,0.37344447983178175,-0.02594761813721588,0.05986965386900334,Smith Jr.
2021,1628373,78,1.0384615384615385,0.9981358464540588,0.04032569200747971,0.020964620170260077,0.005720762708198518,0.21437813855826382,0.008644946788637357,0.06703996008114405,Ntilikina
2021,1628374,520,1.1903846153846154,1.1016419693291843,0.08874264605543103,0.002922822828196461,0.005720762708198518,0.6618506503013682,0.058734378001251177,0.0439826350911074,Markkanen
2021,1628378,1087,1.0432382704691812,0.989519136339484,0.0537191341296972,0.0013045433554987737,0.005720762708198518,0.8143079684115262,0.04374391897798,0.03259294478136276,Mitchell
2021,1628379,412,1.191747572815534,1.0126758348128375,0.1790717380026965,0.003768552261049007,0.005720762708198518,0.6028636130993719,0.1079558349762897,0.0476646937706497,Kennard
2021,1628381,770,1.222077922077922,1.1171582839086984,0.10491963816922367,0.0014894807114472024,0.005720762708198518,0.7934215775033585,0.08324550482730703,0.03437711645466013,Collins
2021,1628382,221,0.9683257918552036,1.0202870151074594,-0.05196122325225583,0.006865373544897613,0.005720762708198518,0.4545289033233878,-0.02361787782018956,0.0558615315603476,Jackson
2021,1628383,70,0.9571428571428572,1.1176929511388227,-0.16055009399596554,0.020162412648265467,0.005720762708198518,0.22102244525302542,-0.03548517436059138,0.06675586675132128,Patton
2021,1628384,518,1.162162162162162,1.0995398974153234,0.06262226474683863,0.002817094081840504,0.005720762708198518,0.6700466930849482,0.04195984140710936,0.04344634131484961,Anunoby
2021,1628385,97,0.9484536082474226,1.0831091902183447,-0.1346555819709221,0.011822931316860099,0.005720762708198518,0.3260865528107843,-0.04390937454162798,0.062091053439554206,Giles III
2021,1628386,482,1.2489626556016598,1.2438739497188482,0.005088705882811517,0.0017130613624357874,0.005720762708198518,0.7695585278641633,0.003916057007910139,0.03630841473015674,Allen
2021,1628388,10,1.0,1.2501813001712523,-0.2501813001712523,0.0837446136768947,0.005720762708198518,0.06394387347764754,-0.015997561404623918,0.07317755790807608,Leaf
2021,1628389,800,1.1425,1.0373002222845564,0.10519977771544364,0.001084355144759345,0.005720762708198518,0.8406559345202188,0.08843681744669557,0.030192210710205943,Adebayo
2021,1628390,7,0.2857142857142857,1.190353862014997,-0.9046395763007112,0.23724341357336792,0.005720762708198518,0.02354570453863469,-0.021300376177532217,0.07473997136563297,Ferguson
2021,1628391,167,0.9940119760479041,1.0541905809075325,-0.06017860485962834,0.008932193763892853,0.005720762708198518,0.3904169591368486,-0.023494747914394074,0.05905319574519376,Wilson
2021,1628392,171,1.1111111111111112,1.1781944994374782,-0.06708338832636707,0.0049015872164515405,0.005720762708198518,0.5385590522604613,-0.03612836603946874,0.05137892725489833,Hartenstein
2021,1628394,1,0.0,0.8972599428167203,-0.8972599428167203,1.886704423466697,0.005720762708198518,0.0030229795872468443,-0.0027123984915892164,0.07552131460262163,Pasečņiks
2021,1628395,22,0.6363636363636364,1.1118860125246346,-0.47552237616099824,0.04374200300946757,0.005720762708198518,0.11565796261480167,-0.05499794920453039,0.07112742754216227,Bell
2021,1628396,197,1.3299492385786802,1.1355365241994235,0.19441271437925667,0.004456292872140707,0.005720762708198518,0.5621235595146304,0.10928396702176893,0.05004984726777305,Bradley
2021,1628398,756,1.0674603174603174,1.0832052463539905,-0.01574492889367307,0.001954977048490151,0.005720762708198518,0.7453044122833142,-0.011734764975541582,0.038171363875978026,Kuzma
2021,1628400,221,1.0678733031674208,1.0567356434466262,0.011137659720794613,0.007969297023252013,0.005720762708198518,0.4178771181732729,0.004654173147320192,0.05770777134791633,Ojeleye
2021,1628401,453,1.0066225165562914,1.0148018442402547,-0.008179327683963233,0.0034055979122920845,0.005720762708198518,0.6268394320682661,-0.005127125120115759,0.046203496200980756,White
2021,1628402,293,1.1228668941979523,0.9969776455082205,0.12588924868973173,0.005157150231999703,0.005720762708198518,0.5259062781296971,0.06620594623496066,0.05207857221801178,Jackson
2021,1628404,343,1.055393586005831,1.1156088767605135,-0.06021529075468246,0.004492079575738735,0.005720762708198518,0.5601538287922185,-0.03372982566807206,0.05016229234783212,Hart
2021,1628407,726,0.8856749311294766,0.9822678452548897,-0.09659291412541315,0.0017352791737317765,0.005720762708198518,0.7672653666367912,-0.07411239767095121,0.03648862304130562,Bacon
2021,1628408,353,0.9716713881019831,1.0313414660156166,-0.059670077913633546,0.0039197828979736175,0.005720762708198518,0.5934065292462215,-0.0354086138345809,0.04822887895115561,Dozier
2021,1628410,281,1.1779359430604983,1.1458036688838478,0.032132274176650544,0.004352187083393199,0.005720762708198518,0.5679332098899035,0.0182489856142076,0.049716713289525455,Sumner
2021,1628411,102,0.7156862745098039,1.1263659563426132,-0.41067968183280923,0.01273170465001509,0.005720762708198518,0.31002697889353414,-0.12732178105158368,0.06282652249495382,Iwundu
2021,1628412,24,0.8333333333333334,1.0205952970645258,-0.18726196373119242,0.04949190842476124,0.005720762708198518,0.10361322121913155,-0.019402815274009028,0.07161016726814556,Mason III
2021,1628414,46,0.8043478260869565,1.050697109583632,-0.2463492834966754,0.032020557779634105,0.005720762708198518,0.1515782339953587,-0.037341189338448016,0.06966792375105836,Thornwell
2021,1628415,1031,0.962172647914646,1.008077833865739,-0.04590518595109305,0.0012954947908699426,0.005720762708198518,0.8153581462707228,-0.03742916732129606,0.032500649704076595,Brooks
2021,1628418,91,1.3956043956043955,1.1390458172580284,0.2565585783463671,0.01192965149990242,0.005720762708198518,0.324114926751854,0.08315446482829256,0.06218181504319424,Bryant
2021,1628419,33,1.2727272727272727,1.1688878446021416,0.10383942812513114,0.03894790498094731,0.005720762708198518,0.12807103959334393,0.013298823510763861,0.07062647294671241,Oliver
2021,1628420,385,1.0987012987012987,1.010293627629483,0.0884076710718158,0.00342882028101421,0.005720762708198518,0.6252484637762445,0.055276760523688365,0.04630188563405346,Morris
2021,1628422,291,0.9759450171821306,1.0419436909359059,-0.06599867375377533,0.005274867314877364,0.005720762708198518,0.5202760274938945,-0.03433752780047978,0.052386897332651616,Dotson
2021,1628425,332,1.177710843373494,1.0827645437047,0.09494629966879398,0.004977619278028569,0.005720762708198518,0.5347315804916416,0.05077078488372723,0.05159157124594948,Brown
2021,1628427,71,1.056338028169014,1.0887172919416759,-0.03237926377266187,0.01948310056352343,0.005720762708198518,0.22697959620408903,-0.00734943221650448,0.0665001225465954,Čančar
2021,1628436,101,1.0198019801980198,1.156143905124482,-0.13634192492646213,0.014850037521390785,0.005720762708198518,0.2781011260791741,-0.037916842853851336,0.06426361456545036,Kornet
2021,1628449,560,1.1892857142857143,1.135390472605204,0.0538952416805103,0.0024089358092184666,0.005720762708198518,0.7036869443488479,0.03792537793310096,0.04117203758282388,Boucher
2021,1628455,91,0.8681318681318682,0.968170254863443,-0.10003838673157484,0.014369813033512632,0.005720762708198518,0.28474856976454527,-0.028485787543368397,0.06396705174600939,James
2021,1628464,465,1.189247311827957,1.1079296064043764,0.08131770542358052,0.002601247833116013,0.005720762708198518,0.6874255541732197,0.05589986871489947,0.04228669097034742,Theis
2021,1628467,275,1.16,1.0878453795943006,0.07215462040569931,0.006497156124189033,0.005720762708198518,0.46822726412568594,0.03378476050658798,0.05515564918144356,Kleber
2021,1628470,227,1.13215859030837,1.1083898608148754,0.02376872949349451,0.006191098168360889,0.005720762708198518,0.4802576832857444,0.01141511496119122,0.05452818045131908,Craig
2021,1628539,265,1.2188679245283018,1.1222069137389536,0.09666101078934819,0.0068824437423370055,0.005720762708198518,0.4539132744235445,0.0438757159164826,0.05589304585652873,Mulder
2021,1628578,8,1.25,1.3442773687314127,-0.09427736873141268,0.0853497218580915,0.005720762708198518,0.06281686910356106,-0.005922209131029311,0.0732215972646396,Brimah
2021,1628778,82,1.2926829268292683,1.0507683413508768,0.2419145854783915,0.021968332297249538,0.005720762708198518,0.20660706704473047,0.04998126298103221,0.0673707110234021,Watson
2021,1628960,414,1.0942028985507246,1.0784460538560752,0.01575684469464944,0.004046940534017786,0.005720762708198518,0.5856814612746639,0.009228491825840221,0.04868488518683397,Allen
2021,1628961,10,0.6,1.092140407556769,-0.49214040755676913,0.08813631483134955,0.005720762708198518,0.06095185209435047,-0.029996869331053555,0.07329441742548695,Antetokounmpo
2021,1628962,9,0.8888888888888888,1.1694092660659643,-0.28052037717707545,0.0844607506841332,0.005720762708198518,0.06343609120098181,-0.017795116230338776,0.073197403528418,Azubuike
2021,1628963,490,1.083673469387755,1.096311570071023,-0.012638100683268094,0.0022807449875399052,0.005720762708198518,0.7149605956444155,-0.009035743992323451,0.04038121834225097,Bagley III
2021,1628964,301,1.069767441860465,1.0908023759535284,-0.02103493409306334,0.0043597844381631536,0.005720762708198518,0.5675051785520678,-0.01193743402831489,0.04974133337605966,Bamba
2021,1628966,67,0.9701492537313433,1.034198817756687,-0.06404956402534367,0.017568902289528038,0.005720762708198518,0.24563525103332126,-0.015732830737940077,0.06569278289331418,Bates-Diop
2021,1628968,4,0.5,0.862949630900156,-0.362949630900156,0.30617419317018296,0.005720762708198518,0.018341953277465763,-0.006657205172044105,0.0749388600520002,Bowen II
2021,1628969,669,1.2855007473841555,1.1432885855659793,0.1422121618181762,0.0021347221546657567,0.005720762708198518,0.7282507455704788,0.10356611287327638,0.03942858101328472,Bridges
2021,1628970,619,1.198707592891761,1.133400189458614,0.0653074034331469,0.0022232429946357725,0.005720762708198518,0.7201357756021554,0.0470301976238921,0.04001295812976204,Bridges
2021,1628971,423,1.1513002364066194,1.1537441826473058,-0.0024439462406864454,0.002432475052890123,0.005720762708198518,0.7016553271021827,-0.0017148078989289975,0.04131294081645022,Brown
2021,1628972,142,1.028169014084507,1.0105798561095656,0.017589157974941427,0.010200887218117011,0.005720762708198518,0.3593071531326135,0.00631991027797601,0.06054132262982441,Brown Jr.
2021,1628973,627,1.1754385964912282,0.9939201372922412,0.18151845919898701,0.0020737048025144,0.005720762708198518,0.7339517036071744,0.1332257823652459,0.0390128078018466,Brunson
2021,1628975,222,1.0990990990990992,1.034432001293398,0.06466709780570112,0.007643619049467764,0.005720762708198518,0.42806040802574996,0.027681424272549503,0.05720079273146978,Carter
2021,1628976,457,1.039387308533917,1.0605859341539445,-0.02119862562002761,0.0021807962689473583,0.005720762708198518,0.7240043040550608,-0.015347896188951871,0.03973544872006739,Carter Jr.
2021,1628977,469,1.0085287846481876,1.0253207946483958,-0.016792010000208135,0.002316933949354175,0.005720762708198518,0.7117415538222573,-0.011951571289347021,0.04060859723281364,Diallo
2021,1628978,602,1.058139534883721,1.1015034165644475,-0.04336388168072647,0.002603325023394689,0.005720762708198518,0.6872540142129882,-0.029802001756936324,0.04229829278622391,DiVincenzo
2021,1628981,44,0.8181818181818182,1.2472202029928339,-0.42903838481101564,0.018744372466793245,0.005720762708198518,0.23383327610003463,-0.10032345109302712,0.06620466767796325,Fernando
2021,1628983,565,1.1415929203539823,1.0246571710726116,0.11693574928137074,0.002246319509479183,0.005720762708198518,0.7180499148741112,0.08396570481722866,0.040161791949084924,Gilgeous-Alexander
2021,1628984,666,1.0255255255255256,1.0179848647171663,0.007540660808359245,0.002591585666197432,0.005720762708198518,0.6882246088024723,0.0051896683349451755,0.0422326062574502,Graham
2021,1628988,435,0.9356321839080459,1.0126897528236587,-0.07705756891561277,0.0032078788607896014,0.005720762708198518,0.6407203899939787,-0.04937235560759931,0.04533600550046898,Holiday
2021,1628989,730,1.0575342465753426,1.029321654982205,0.028212591593137493,0.002089961289258606,0.005720762708198518,0.7324241273998392,0.020663582779291766,0.039124647903651194,Huerter
2021,1628990,102,0.8431372549019608,0.9952942155798927,-0.15215696067793194,0.011099721048212656,0.005720762708198518,0.3401069072117521,-0.05174963330691161,0.06144177566298677,Hutchison
2021,1628991,124,0.9919354838709677,1.0355977808970656,-0.04366229702609781,0.0115185061459436,0.005720762708198518,0.3318448570296516,-0.014489108714211609,0.06182521350707831,Jackson Jr.
2021,1628993,68,1.1911764705882353,1.0004846801823621,0.19069179040587314,0.014935829017014386,0.005720762708198518,0.27694610922749185,0.052811349414530924,0.06431500395980093,Johnson
2021,1628995,143,1.027972027972028,1.0688377575798915,-0.04086572960786361,0.01126452982766848,0.005720762708198518,0.3368068401599954,-0.01376385726005731,0.06159521651187727,Knox II
2021,1628997,255,0.8745098039215686,1.0554544651551299,-0.18094466123356123,0.005735714800992849,0.005720762708198518,0.4993474393511298,-0.09035425325123644,0.05351742238490335,Martin
2021,1628998,187,0.9732620320855615,1.127193234457189,-0.1539312023716276,0.00647716068008724,0.005720762708198518,0.46899480559883144,-0.07219293433187587,0.05511582997642247,Martin
2021,1629001,393,1.0966921119592876,1.0617048958101334,0.03498721614915423,0.0038649604708897406,0.005720762708198518,0.5968003249539536,0.02088038196704946,0.04802717631676031,Melton
2021,1629002,179,1.089385474860335,1.1016402732286135,-0.012254798368278363,0.00597781019673239,0.005720762708198518,0.4890137245532945,-0.005992764593721439,0.0540669143652268,Metu
2021,1629003,667,1.0059970014992503,0.9599521160362019,0.04604488546304841,0.0019184708531409704,0.005720762708198518,0.7488660560334303,0.034481451777224094,0.037903531516295004,Milton
2021,1629004,505,1.0316831683168317,1.0941040812329872,-0.06242091291615548,0.0032048745722678055,0.005720762708198518,0.6409360506636714,-0.04000781340330165,0.045322396794760876,Mykhailiuk
2021,1629006,253,0.9209486166007905,1.1496518147563042,-0.22870319815551365,0.0053652113930154725,0.005720762708198518,0.5160360881207593,-0.11801910371687811,0.05261789333670281,Okogie
2021,1629007,15,1.2666666666666666,1.035744522048079,0.23092214461858762,0.09623571740597855,0.005720762708198518,0.05610984904335712,0.012957006675317233,0.07348313804015606,Porter
2021,1629008,815,1.2957055214723927,1.1023291137257543,0.19337640774663845,0.001734798267712165,0.005720762708198518,0.7673148575516462,0.14838059076396093,0.0364847431904132,Porter Jr.
2021,1629010,95,0.7052631578947368,0.9363243763534902,-0.23106121845875338,0.014966013885551821,0.005720762708198518,0.27654200654570865,-0.06389813298748,0.0643329737374345,Robinson
2021,1629011,176,1.3068181818181819,1.4536164677435595,-0.14679828592537758,0.003867169711006384,0.005720762708198518,0.5966628109246648,-0.08758907791915845,0.04803536561838363,Robinson
2021,1629012,1105,1.0389140271493214,1.031068455834386,0.00784557131493524,0.0010755171319796197,0.005720762708198518,0.841749139636453,0.006604002904303174,0.03008846324603685,Sexton
2021,1629013,455,1.1010989010989012,1.0788465093106878,0.022252391788213366,0.0038338451682495825,0.005720762708198518,0.598743850315414,0.013323482738001971,0.0479112848664164,Shamet
2021,1629014,401,1.1371571072319202,1.046403325641376,0.09075378159054415,0.004314892065900467,0.005720762708198518,0.5700437925548447,0.05173362984656783,0.04959513522222427,Simons
2021,1629017,66,1.106060606060606,1.0730814073535553,0.03297919870705068,0.02085619296635083,0.005720762708198518,0.21525274671232722,0.00709886310606429,0.06700263294803671,Thomas
2021,1629018,784,1.0267857142857142,1.0382133509992113,-0.011427636713497114,0.0019885120080313954,0.005720762708198518,0.7420623753561292,-0.008480019244324578,0.03841353855223394,Trent Jr.
2021,1629020,236,1.2161016949152543,1.294095032169982,-0.07799333725472768,0.0033222125471974173,0.005720762708198518,0.6326195247283182,-0.04934010794606126,0.04584426379226179,Vanderbilt
2021,1629021,229,1.0436681222707425,1.067534015204569,-0.02386589293382646,0.005803285055850248,0.005720762708198518,0.49641955893704415,-0.01184749604384885,0.053673682636941535,Wagner
2021,1629022,608,1.006578947368421,1.0439240581026126,-0.037345110734191556,0.0023710843694858385,0.005720762708198518,0.70697859873986,-0.026402194056643652,0.040942714920155,Walker IV
2021,1629023,685,1.0452554744525548,1.0836997725494133,-0.038444298096858454,0.0019866225056288456,0.005720762708198518,0.7422442955018307,-0.028535060956965074,0.03839998987133414,Washington
2021,1629026,410,1.1951219512195121,1.055759767395727,0.13936218382378507,0.003012373164891266,0.005720762708198518,0.65506397602566,0.09129114624322757,0.04442180931329423,Williams
2021,1629027,1112,0.9982014388489209,0.9809605209458068,0.017240917903114106,0.0012063290729997145,0.005720762708198518,0.8258534589834687,0.014238471686336797,0.03156344464105804,Young
2021,1629028,687,1.25764192139738,1.1477843586456613,0.10985756275171865,0.001263404363861929,0.005720762708198518,0.8191045043988039,0.089984824492207,0.032169243157345366,Ayton
2021,1629029,1345,1.1048327137546468,1.004795894676678,0.1000368190779688,0.001035393169651709,0.005720762708198518,0.8467481821954105,0.08470599470688124,0.02960941208906602,Dončić
2021,1629033,9,0.2222222222222222,0.9473321814675713,-0.725109959245349,0.20488513716602325,0.005720762708198518,0.027163354453104478,-0.019696418840457558,0.0746013914281337,Pinson
2021,1629034,4,1.0,1.0901431010256848,-0.09014310102568479,0.3126447766230954,0.005720762708198518,0.017969164376944208,-0.001619796199778018,0.0749530878799093,Spalding
2021,1629035,111,1.009009009009009,1.0743609968021,-0.06535198779309104,0.014101385325957724,0.005720762708198518,0.28860458000519773,-0.01886088298952985,0.06379439152064613,Edwards
2021,1629048,194,0.9587628865979382,1.097396480075872,-0.1386335934779338,0.0068666228888641274,0.005720762708198518,0.4544837896706285,-0.06300672093950868,0.055863841550416564,Bitadze
2021,1629052,150,1.1933333333333334,1.1625316166159152,0.03080171671741816,0.009516424368125151,0.005720762708198518,0.3754474286850317,0.011564425340639404,0.05977388275232057,Brissett
2021,1629056,456,1.0701754385964912,1.0839958174616484,-0.01382037886515719,0.0034193443308839625,0.005720762708198518,0.6258966863010382,-0.008650129335126789,0.046261823202534,Davis
2021,1629057,256,1.453125,1.2522098000191437,0.20091519998085627,0.002911292272056589,0.005720762708198518,0.6627347394431737,0.13315348270948593,0.04392510131308007,Williams III
2021,1629060,648,1.0262345679012346,1.0064530219043286,0.019781545996905958,0.0017414117896405144,0.005720762708198518,0.7666348073011682,0.015165221703457193,0.036538019812012774,Hachimura
2021,1629066,32,0.875,1.1374371675018802,-0.2624371675018802,0.04833187399050243,0.005720762708198518,0.10583688525847632,-0.02777553238445602,0.07152129054945765,Kurucs
2021,1629067,81,0.9012345679012346,1.0567985644081315,-0.1555639965068969,0.019689442643920217,0.005720762708198518,0.2251364217220509,-0.035023121522344394,0.0665793561290116,Bonga
2021,1629076,103,1.3495145631067962,1.2543609420967188,0.0951536210100774,0.007482701973969887,0.005720762708198518,0.43327738937527094,0.04122791250085027,0.056939314860251514,Cook
2021,1629091,13,1.0,1.1043401586538673,-0.10434015865386725,0.10230878873488775,0.005720762708198518,0.05295553514551447,-0.005525388938683423,0.07360581945434316,Bryant
2021,1629103,138,1.0724637681159421,1.0796637301874088,-0.00719996207146667,0.0100429586797081,0.005720762708198518,0.36290686490991203,-0.0026129156628262452,0.06037100834732393,Martin
2021,1629109,131,0.8473282442748091,1.0739041181126616,-0.2265758738378525,0.01417383367926683,0.005720762708198518,0.28755359479435844,-0.06515270701574752,0.06384149768364246,Clark
2021,1629117,59,1.0338983050847457,1.1384547773201548,-0.10455647223540909,0.025310074503431843,0.005720762708198518,0.18435734328348627,-0.019275753444413617,0.06830884345207286,Gabriel
2021,1629121,8,0.25,0.9087058610167543,-0.6587058610167543,0.14926495116472563,0.005720762708198518,0.036911548588853066,-0.02431385339468222,0.07422668319094926,Adams
2021,1629130,717,1.2273361227336124,1.0978173921095764,0.12951873062403596,0.0026452453203968493,0.005720762708198518,0.6838103296870754,0.08856624588867354,0.042530531088193144,Robinson
2021,1629134,657,1.156773211567732,1.059713797759088,0.09705941380864402,0.0022422758946660628,0.005720762708198518,0.7184145391610386,0.06972889404257754,0.04013581447458647,Nunn
2021,1629139,180,1.0777777777777777,1.0997517068449048,-0.02197392906712703,0.008067419040669377,0.005720762708198518,0.41490334348604246,-0.009117056639476139,0.057854983651166,Watanabe
2021,1629162,242,0.9628099173553719,1.07725602482359,-0.11444610746821815,0.005479073524045967,0.005720762708198518,0.5107898534916396,-0.058457910466379596,0.05290231717625762,McLaughlin
2021,1629164,219,0.91324200913242,1.038285971070396,-0.12504396193797596,0.006468987378274229,0.005720762708198518,0.46930926947772156,-0.058684290429711516,0.05509950762718737,Goodwin
2021,1629185,87,0.8620689655172413,1.0343576680558233,-0.17228870253858197,0.01677728788529208,0.005720762708198518,0.254278151096954,-0.04380925273640371,0.06531537142123128,Chiozza
2021,1629216,232,0.9568965517241379,1.0667573263510568,-0.1098607746269189,0.007068810725863953,0.005720762708198518,0.4472989453238847,-0.049140608623085814,0.05623052180420443,Vincent
2021,1629234,205,1.1414634146341462,1.1277466441605264,0.013716770473619855,0.004089672018885105,0.005720762708198518,0.5831303981265208,0.007998665827292051,0.04883453770211574,Eubanks
2021,1629244,18,0.8333333333333334,1.1334790375131447,-0.30014570417981135,0.09232507439728932,0.005720762708198518,0.05834783889950912,-0.017512853193863354,0.07339597105644309,Reynolds
2021,1629308,207,1.3478260869565217,1.1864912506728758,0.16133483628364598,0.006334970408326475,0.005720762708198518,0.47452632311153053,0.07655762665147928,0.054828005753296494,Toscano-Anderson
2021,1629346,27,0.9629629629629629,0.9835584423545757,-0.02059547939161277,0.04907891226844434,0.005720762708198518,0.10439409924669929,-0.0021500465196413734,0.07157896924566619,Smailagic
2021,1629599,103,1.0970873786407767,1.0373282351885287,0.059759143452247976,0.014879755628507454,0.005720762708198518,0.2776999401032192,0.016595110557308945,0.06428146892213228,Coffey
2021,1629603,40,0.825,1.1184425927724753,-0.2934425927724753,0.025569534530595753,0.005720762708198518,0.18282864699366977,-0.05364971220690608,0.06837282649186548,Diakite
2021,1629604,66,0.8636363636363636,1.0824644493495172,-0.2188280857131536,0.022100410790511546,0.005720762708198518,0.20562621876693168,-0.0449967918252018,0.06741234237177036,Elleby
2021,1629605,29,1.4482758620689655,1.1989252592331368,0.24935060283582877,0.024429831532466806,0.005720762708198518,0.1897396337377223,0.04731169205435041,0.06808309105236418,Fall
2021,1629606,28,1.1071428571428572,1.0353073107965074,0.07183554634634981,0.05505769267255323,0.005720762708198518,0.09412484526565078,0.006761509684423661,0.07198817127478532,Franks
2021,1629607,4,0.0,0.9328375500541399,-0.9328375500541399,0.3142208466584785,0.005720762708198518,0.017880646157662147,-0.016679738155098527,0.07495646586160043,Harper
2021,1629610,120,1.0,1.1014699480631682,-0.10146994806316822,0.012723090116372385,0.005720762708198518,0.3101717825777333,-0.0314731146688229,0.06281992949130366,Jeffries
2021,1629611,349,1.1289398280802292,1.0866819027411867,0.04225792533904249,0.003363226176584884,0.005720762708198518,0.6297632879958024,0.02661249000539653,0.046022129190636626,Mann
2021,1629617,78,0.8717948717948718,1.2054120123171497,-0.33361714052227787,0.014684234387087092,0.005720762708198518,0.2803608685403953,-0.09353319127678894,0.0641629543164471,Perry
2021,1629620,21,0.8571428571428571,1.0451654356723221,-0.18802257852946502,0.07852764137568799,0.005720762708198518,0.06790351426125923,-0.012767393842614263,0.07302261852369497,Robinson
2021,1629622,187,1.1764705882352942,1.1011265079481425,0.07534408028715167,0.009562927693685401,0.005720762708198518,0.37430506361823174,0.028201670765139467,0.05982852378892082,Strus
2021,1629626,58,1.0172413793103448,1.0312669071100347,-0.014025527799689907,0.02326488996474979,0.005720762708198518,0.19736532320824998,-0.002768152827352094,0.06776195486626115,Bol
2021,1629627,1036,1.2335907335907337,1.1329504186195265,0.10064031497120718,0.0008454398058557693,0.005720762708198518,0.8712437205452936,0.08768224245236476,0.027140083307736384,Williamson
2021,1629628,1058,1.0,1.034089871977775,-0.03408987197777491,0.0011752350367120472,0.005720762708198518,0.8295772301289683,-0.028280181570773645,0.031224160941586507,Barrett
2021,1629629,261,0.8620689655172413,1.0842812117655833,-0.22221224624834202,0.005432025257434683,0.005720762708198518,0.5129446310489165,-0.11398257866640678,0.05278568169042841,Reddish
2021,1629630,955,0.9738219895287958,1.040450260282138,-0.0666282707533421,0.001225712937969823,0.005720762708198518,0.823548947638516,-0.054871642261889,0.031771600528962364,Morant
2021,1629631,247,1.097165991902834,1.0392715187030581,0.05789447319977592,0.005429500754975358,0.005720762708198518,0.5130607655229455,0.02970338273942469,0.05277938815252663,Hunter
2021,1629632,899,1.0155728587319244,1.0346451172970015,-0.019072258565077105,0.0016661691668844816,0.005720762708198518,0.7744436803993457,-0.014770390116666258,0.03592150027170259,White
2021,1629633,167,0.9041916167664671,1.1252063752729928,-0.22101475850652574,0.007316914487332437,0.005720762708198518,0.43878695740062323,-0.09697839342571195,0.0566618623542956,Culver
2021,1629634,495,1.0747474747474748,1.1350266677368521,-0.06027919298937734,0.0020526373036394087,0.005720762708198518,0.735940862362223,-0.04436192127110122,0.0388666909751429,Clarke
2021,1629635,282,0.851063829787234,1.121489681540769,-0.27042585175353484,0.004730560297657198,0.005720762708198518,0.5473721082960752,-0.14802356861209426,0.050885919108829405,Doumbouya
2021,1629636,802,1.0336658354114714,1.0195197457567722,0.014146089654699212,0.0016362844442672016,0.005720762708198518,0.7775895124283934,0.0109998509573659,0.03567012227637996,Garland
2021,1629637,279,1.2652329749103943,1.2707387641688455,-0.0055057892584511325,0.002869276948230826,0.005720762708198518,0.6659762861416743,-0.0036667250826220078,0.04371350370188464,Hayes
2021,1629638,456,1.0021929824561404,1.0247622451065934,-0.022569262650453004,0.0032188115239308907,0.005720762708198518,0.6399368202165296,-0.014442902175162581,0.045385416286519355,Alexander-Walker
2021,1629639,695,1.037410071942446,0.9983178482336864,0.03909222370875953,0.0020280030795655677,0.005720762708198518,0.7382805036167249,0.028861026607200663,0.03869412274387334,Herro
2021,1629640,703,1.0469416785206258,1.052775394230498,-0.005833715709872234,0.0016877692802112936,0.005720762708198518,0.7721857335769483,-0.004504712044907058,0.036100849848010444,Johnson
2021,1629641,59,0.7966101694915254,1.075060898308706,-0.2784507288171806,0.02102367308053323,0.005720762708198518,0.2139047820410125,-0.059561942456800084,0.06706015365321617,Langford
2021,1629642,167,1.1017964071856288,1.0800890932034446,0.021707313982184173,0.00843073019703427,0.005720762708198518,0.4042515334960282,0.008775214965377727,0.05837923955176511,Little
2021,1629643,321,0.9937694704049844,0.9822284437778535,0.011541026627130968,0.004379391124136936,0.005720762708198518,0.5664035224774104,0.006536878134612568,0.04980464395031318,Okeke
2021,1629644,96,0.875,1.1154298775850326,-0.24042987758503265,0.0158063386856082,0.005720762708198518,0.26574700437116744,-0.06389351972954892,0.06481116536351182,Okpala
2021,1629645,366,0.9808743169398907,1.0281925120933155,-0.047318195153424836,0.0038351868833729178,0.005720762708198518,0.5986597829319192,-0.028327500439279504,0.04791630356260147,Porter Jr.
2021,1629647,689,0.9129172714078374,1.0739937560630248,-0.16107648465518742,0.0019766465888903465,0.005720762708198518,0.7432062512723718,-0.11971305032871357,0.03832826765481993,Bazley
2021,1629648,54,1.037037037037037,0.9918497657716284,0.04518727126540856,0.02989429826210994,0.005720762708198518,0.16062762641253933,0.007258324127422119,0.0692953834906137,Bone
2021,1629649,82,0.9878048780487805,0.9762743466920711,0.01153053135670934,0.01596386595308956,0.005720762708198518,0.26381649405006236,0.003041944357061367,0.06489631073666087,Brazdeikis
2021,1629650,268,1.0895522388059702,1.294604451749492,-0.20505221294352172,0.002876938707894527,0.005720762708198518,0.665382807722362,-0.13643821717804414,0.043752320568216777,Brown
2021,1629651,145,1.2482758620689656,1.3217059642443327,-0.07343010217536716,0.005281617863824063,0.005720762708198518,0.519956810323901,-0.03818048170886205,0.0524043240374656,Claxton
2021,1629652,637,0.9529042386185244,1.0284750691013127,-0.07557083048278834,0.0023583286757334313,0.005720762708198518,0.7080948136787042,-0.05351131313025495,0.04086465837660471,Dort
2021,1629653,21,1.0952380952380953,1.0986916409160483,-0.003453545677952974,0.05687792447147382,0.005720762708198518,0.09138790230182686,-0.0003156122950116628,0.07209683907585503,Dotson
2021,1629655,225,1.3688888888888888,1.177977167898439,0.19091172099044984,0.003504713421543388,0.005720762708198518,0.6201048734769815,0.11838528859005569,0.046618557172431255,Gafford
2021,1629657,88,0.8068181818181818,1.0227938789488287,-0.2159756971306469,0.01713052294321576,0.005720762708198518,0.250347520724483,-0.054068980313399295,0.0654872808074052,Guy
2021,1629658,88,1.0,1.1186095484028664,-0.11860954840286642,0.011168366229267894,0.005720762708198518,0.3387245564516784,-0.04017596667369481,0.061506096423839744,Hoard
2021,1629659,488,0.9938524590163934,1.0363587498172198,-0.04250629080082635,0.002493938005767091,0.005720762708198518,0.6964054939302647,-0.029601614440292943,0.041674838076922266,Horton-Tucker
2021,1629660,284,1.1408450704225352,0.9770513416835993,0.16379372873893594,0.005574517560690863,0.005720762708198518,0.5064737281424728,0.08295722044076578,0.05313517376991238,Jerome
2021,1629661,482,1.0850622406639003,1.0969871770359387,-0.011924936372038397,0.0035124921046004853,0.005720762708198518,0.6195824575607379,-0.007388481383642981,0.04665060010686955,Johnson
2021,1629662,89,0.8876404494382022,1.113760196443184,-0.22611974700498183,0.017121927001796572,0.005720762708198518,0.2504417290970481,-0.056629820422914715,0.0654831658046812,Kabengele
2021,1629663,34,1.1176470588235294,1.0092880297987818,0.10835902902474759,0.035932111757639565,0.005720762708198518,0.13734376754455313,0.014882437293728418,0.07024992245281238,King
2021,1629665,9,0.2222222222222222,0.9276039794862257,-0.7053817572640035,0.11071098655137751,0.005720762708198518,0.049134044146708626,-0.03465825840169246,0.0737541761579712,Lecque
2021,1629667,283,1.0636042402826855,1.104544236578162,-0.0409399962954764,0.004587374527865793,0.005720762708198518,0.5549754118701207,-0.02272069130604323,0.05045671479599934,McDaniels
2021,1629669,333,1.003003003003003,1.0084050414292112,-0.005402038426208122,0.0042084874572884505,0.005720762708198518,0.5761525405093819,-0.003112398163189113,0.049241555014221575,Nowell
2021,1629670,134,1.1343283582089552,1.0310382747505502,0.10329008345840496,0.010706546260094547,0.005720762708198518,0.34824709995047676,0.03597047201803224,0.061061638412046794,Nwora
2021,1629671,98,1.0204081632653061,1.0913931528543026,-0.07098498958899646,0.01992491187665272,0.005720762708198518,0.22306930119037469,-0.015834572022623464,0.0666681045823617,Oni
2021,1629672,298,1.0536912751677852,0.9918259183132319,0.0618653568545533,0.0037276555604169944,0.005720762708198518,0.6054730586177561,0.03745780683720535,0.047507841601562614,Paschall
2021,1629673,473,1.06553911205074,1.0338133334763357,0.031725778574404284,0.003312235310079187,0.005720762708198518,0.6333182733598428,0.020092515307738416,0.045800645710959736,Poole
2021,1629675,580,1.153448275862069,1.1009639264124835,0.052484349449585466,0.0020831464289820427,0.005720762708198518,0.733063725837452,0.038474372755667945,0.039077859238890754,Reid
2021,1629676,427,1.044496487119438,1.1076842679890817,-0.06318778086964372,0.002647590051993721,0.005720762708198518,0.6836187326389788,-0.043196350676375346,0.04254341495333344,Roby
2021,1629677,105,1.0095238095238095,1.0554171911571801,-0.045893381633370645,0.012715023967357965,0.005720762708198518,0.31030749101602073,-0.014241060108891972,0.06281374997179695,Samanic
2021,1629680,243,1.0164609053497942,1.1561610181413968,-0.13970011279160266,0.006226886117403856,0.005720762708198518,0.4788191209587289,-0.06689108520471046,0.0546035908805037,Thybulle
2021,1629681,57,0.8421052631578947,1.0437782665150082,-0.20167300335711347,0.027716008261576747,0.005720762708198518,0.17109196080475975,-0.03450462958575344,0.06886208099639515,Tillie
2021,1629682,83,1.0,0.9648686278408862,0.03513137215911377,0.017081260076338638,0.005720762708198518,0.2508883866249781,0.008814053280921727,0.06546365237346792,Waters
2021,1629683,35,0.9428571428571428,1.1175385998496936,-0.17468145699255078,0.030154276642544477,0.005720762708198518,0.1594635939564492,-0.02785533292958106,0.06934341588483475,Weatherspoon
2021,1629684,246,1.0731707317073171,1.055544807008975,0.01762592469834212,0.006135872637689224,0.005720762708198518,0.48249461515088765,0.008504413754005107,0.05441071132540654,Williams
2021,1629685,130,1.0769230769230769,1.1182816630252816,-0.041358586102204775,0.012270432730356893,0.005720762708198518,0.31797568581456437,-0.013151024780169274,0.062463583492117315,Windler
2021,1629686,40,0.95,1.0414960742500976,-0.09149607425009765,0.042447010626880236,0.005720762708198518,0.11876743125330032,-0.010866753708445333,0.07100227050268255,Sirvydis
2021,1629690,19,0.7894736842105263,1.181928092389193,-0.3924544081786667,0.07840677584065373,0.005720762708198518,0.06800107083694733,-0.026687320010829758,0.07301879701855506,Mokoka
2021,1629712,13,0.6153846153846154,1.0404257728494175,-0.4250411574648021,0.1265363391135696,0.005720762708198518,0.0432548621540786,-0.018385096675950032,0.07398183497210108,Louzada
2021,1629713,110,1.0727272727272728,1.0161648464397504,0.056562426287522394,0.011640867874555877,0.005720762708198518,0.3295060726543191,0.018637662945800923,0.061933324274034716,James
2021,1629714,52,1.1923076923076923,1.0019322142914084,0.19037547801628385,0.02928593047315638,0.005720762708198518,0.16341911184131738,0.03111099153378735,0.06918006033077585,Brantley
2021,1629716,3,0.6666666666666666,0.982404337132604,-0.31573767046593737,0.31624330907962134,0.005720762708198518,0.017768326373908593,-0.005610129977376375,0.07496075192586826,Bolden
2021,1629717,192,1.125,1.0520683219116502,0.07293167808834977,0.009479053354902508,0.005720762708198518,0.3763705221463965,0.027449333763125108,0.059729693291010695,Brooks
2021,1629718,43,0.7209302325581395,1.0282668709632021,-0.30733663840506265,0.03377781084527847,0.005720762708198518,0.14483466600263922,-0.04451299937377115,0.06994424888492429,Brown Jr.
2021,1629719,29,1.1724137931034482,1.262428308518712,-0.09001451541526384,0.02623640727294633,0.005720762708198518,0.17901343302845163,-0.01611380742687886,0.06853225033706947,Cacok
2021,1629723,138,1.1521739130434783,1.1378334276495976,0.014340485393880664,0.009662899118396944,0.005720762708198518,0.3718726251709716,0.005332833949648377,0.059944705036562976,Konchar
2021,1629725,33,0.6363636363636364,1.008231954081536,-0.37186831771789974,0.039897931960514485,0.005720762708198518,0.12540391060601805,-0.046633741272305816,0.0707344095397802,Martin
2021,1629726,236,1.1440677966101696,1.0618392132101169,0.08222858340005268,0.007913552978994048,0.005720762708198518,0.4195856132018663,0.03450193058863191,0.057623024732277574,Mathews
2021,1629730,18,1.1111111111111112,1.2408757231767644,-0.12976461206565326,0.0664959987989745,0.005720762708198518,0.07921655013054409,-0.010279504896869428,0.07257812082397534,Tucker
2021,1629731,311,1.112540192926045,1.12157342090391,-0.0090332279778651,0.00537091800499036,0.005720762708198518,0.5157705902403125,-0.0046590733259187864,0.05263232418928694,Wade
2021,1629735,16,1.3125,1.0444338531896955,0.2680661468103045,0.0557911930276606,0.005720762708198518,0.09300245195851466,0.02493080894042948,0.07203275469717386,Silva
2021,1629738,12,0.5,0.9502246200099242,-0.45022462000992425,0.08350381789369969,0.005720762708198518,0.06411644268436956,-0.028866801043958373,0.07317081217198172,Poirier
2021,1629740,141,0.8156028368794326,1.0415911076570419,-0.2259882707776093,0.011166640367780643,0.005720762708198518,0.33875917347740675,-0.07655559982421133,0.06150448651528453,Melli
2021,1629743,35,1.4285714285714286,1.339840549136003,0.08873087943542557,0.02086962203066391,0.005720762708198518,0.215144036627552,0.019089919575250098,0.0670072736840436,Hall
2021,1629744,126,1.007936507936508,0.9987680124834755,0.009168495453032444,0.013059916046691879,0.005720762708198518,0.3046089432049339,0.0027928057107274545,0.06307271379390593,Thomas
2021,1629750,102,1.1372549019607843,1.1690661765362667,-0.031811274575482384,0.011257327642270951,0.005720762708198518,0.336949715198113,-0.010718799908297763,0.06158858127084144,Green
2021,1629751,48,0.9583333333333334,0.9607853663279466,-0.0024520329946132735,0.0319133394426564,0.005720762708198518,0.15201007547003648,-0.00037273372056618326,0.0696501912214108,Mathias
2021,1629752,30,1.0666666666666667,1.1496654965126496,-0.08299882984598295,0.04513073637318502,0.005720762708198518,0.11249939159203388,-0.009337317860523825,0.07125433589672833,Morgan
2021,1629833,20,0.6,0.9721403742077243,-0.3721403742077243,0.0670151309287987,0.005720762708198518,0.078651164124677,-0.02926927364923044,0.07260039987160996,Blevins
2021,1629962,28,1.0,0.966030235533707,0.03396976446629296,0.05607035982805004,0.005720762708198518,0.09258227514547165,0.0031449980804452013,0.0720494377570438,Cannady
2021,1630162,1207,0.9784589892294946,1.088843095705995,-0.11038410647650032,0.0011411166626937625,0.005720762708198518,0.8337020222864429,-0.09202745279774036,0.03084398270899117,Edwards
2021,1630163,669,1.0134529147982063,1.0126939488568247,0.0007589659413815841,0.0020247568416176995,0.005720762708198518,0.738589925621485,0.0005605645981942646,0.03867124261065333,Ball
2021,1630164,368,1.0706521739130435,1.1054387047883298,-0.03478653087528638,0.002550609450621812,0.005720762708198518,0.6916340600269179,-0.024059549583526053,0.04200105200916509,Wiseman
2021,1630165,201,0.8059701492537313,0.9365254123761843,-0.1305552631224529,0.006653071040921633,0.005720762708198518,0.4623274260982612,-0.0603592787629849,0.05546077181213924,Hayes
2021,1630166,311,1.0064308681672025,1.0084383715191616,-0.0020075033519590946,0.00483315636125434,0.005720762708198518,0.5420510305746638,-0.0010881692608115192,0.05118415171267769,Avdija
2021,1630167,209,1.1196172248803828,1.183997149344126,-0.06437992446374308,0.006297557217444851,0.005720762708198518,0.4760035299103816,-0.030645071300105433,0.05475088552084203,Toppin
2021,1630168,149,1.2885906040268456,1.21694804916234,0.07164255486450566,0.00539750775820958,0.005720762708198518,0.5145371058819622,0.03686275283797243,0.052699317081766776,Okongwu
2021,1630169,611,1.1538461538461537,1.0144367256842468,0.13940942816190693,0.0023817799496975156,0.005720762708198518,0.7060453674530871,0.09842938093299833,0.0410078614387117,Haliburton
2021,1630170,303,0.9834983498349835,1.0392038022920957,-0.055705452457112226,0.004842694779498307,0.005720762708198518,0.5415615781917468,-0.030167932746559014,0.05121149702445767,Vassell
2021,1630171,559,0.9516994633273703,1.1312309156903715,-0.17953145236300116,0.002370307659524224,0.005720762708198518,0.7070464658199043,-0.12693707889677447,0.04093797324700445,Okoro
2021,1630172,527,1.064516129032258,1.0703180507261227,-0.005801921693864731,0.0022435395794658964,0.005720762708198518,0.71830054932234,-0.004167523539828238,0.04014393742966384,Williams
2021,1630173,228,1.087719298245614,1.209111723585555,-0.12139242533994099,0.0034957921709083996,0.005720762708198518,0.6207051097983435,-0.07534889869931528,0.04658171382931169,Achiuwa
2021,1630174,178,1.101123595505618,1.0684727723501024,0.032650823155515596,0.008994427441541906,0.005720762708198518,0.388765802547202,0.012693523467880788,0.05913311933902706,Nesmith
2021,1630175,552,0.8985507246376812,0.9534710673153178,-0.05492034267763668,0.0023210880079334957,0.005720762708198518,0.7113739001300564,-0.03906889836706959,0.04063448570793968,Anthony
2021,1630176,36,1.0277777777777777,1.0482418052344795,-0.02046402745670184,0.030024517355980593,0.005720762708198518,0.16004246428975055,-0.003275113383463679,0.06931953365943484,Carey Jr.
2021,1630177,611,0.911620294599018,1.0089756898365698,-0.09735539523755177,0.0024699160135993486,0.005720762708198518,0.698447943388848,-0.06799767558147647,0.041534416572785116,Maledon
2021,1630178,429,0.9953379953379954,0.9835046385084024,0.011833356829592967,0.002755361137855007,0.005720762708198518,0.6749267486059798,0.007986649050091546,0.043123855741431016,Maxey
2021,1630179,16,0.625,1.0178481561355044,-0.3928481561355044,0.08681270890023605,0.005720762708198518,0.061823712098542524,-0.024287331303364704,0.07326038439390536,Terry
2021,1630180,689,1.0638606676342526,1.0719095048520904,-0.008048837217837779,0.0024183724344853056,0.005720762708198518,0.7028710800238828,-0.005657294908238063,0.041228679883385466,Bey
2021,1630181,312,0.9583333333333334,1.0116153002743113,-0.053281966940977976,0.003937282980835587,0.005720762708198518,0.5923312947974517,-0.0315605764675045,0.04829260736409159,Hampton
2021,1630182,93,0.946236559139785,1.1587541806290937,-0.21251762148930875,0.012247240635736213,0.005720762708198518,0.3183861110605601,-0.06766265903782112,0.06244478614932486,Green
2021,1630183,366,1.092896174863388,1.1289703401525015,-0.03607416528911345,0.00407418294126471,0.005720762708198518,0.5840525218750979,-0.02106920721164583,0.0487804963220564,McDaniels
2021,1630184,336,0.8928571428571429,1.0041782161316002,-0.11132107327445728,0.0039034917786022437,0.005720762708198518,0.5944109973447076,-0.06617047019055343,0.04816926863930805,Lewis Jr.
2021,1630185,114,0.8771929824561403,0.9785954791986138,-0.10140249674247348,0.013210578432279973,0.005720762708198518,0.3021847562593722,-0.03064228876221613,0.06318255632375001,Mannion
2021,1630186,38,0.9210526315789473,1.1320783917950137,-0.21102576021606634,0.0381818350981692,0.005720762708198518,0.13030579040971393,-0.02749787848176529,0.07053590718038788,Ramsey
2021,1630187,52,0.8653846153846154,1.030425542963159,-0.1650409275785436,0.018433118365820567,0.005720762708198518,0.23684652129681996,-0.03908936956857845,0.0660743517682703,Oturu
2021,1630188,50,0.96,1.1454355845705928,-0.18543558457059284,0.024250822057016817,0.005720762708198518,0.1908728801967778,-0.03539462411796223,0.06803546320237959,Smith
2021,1630189,22,0.6818181818181818,1.0355715554102503,-0.3537533735920685,0.0491077445883153,0.005720762708198518,0.10433920218291741,-0.03691034477011195,0.07158116296447899,Bey
2021,1630190,30,0.9333333333333333,0.9632064856282764,-0.02987315229494303,0.05881219457935475,0.005720762708198518,0.08864869903152424,-0.002648216086917292,0.07220543287487903,Hughes
2021,1630191,409,1.156479217603912,1.1095538001576772,0.046925417446234796,0.0025478500215928043,0.005720762708198518,0.691864874453117,0.03246604805009934,0.04198533000125969,Stewart
2021,1630192,104,1.1923076923076923,1.0795177052066782,0.11278998710101407,0.014700140922349326,0.005720762708198518,0.28014248593978813,0.03159726737559472,0.06417268906358958,Nnaji
2021,1630193,580,0.993103448275862,0.9663707643821514,0.02673268389371064,0.002619861497100929,0.005720762708198518,0.6858914353872546,0.018335718927610933,0.042390335723633495,Quickley
2021,1630194,78,1.0769230769230769,1.1627131453881459,-0.08579006846506898,0.011476319536109131,0.005720762708198518,0.33265891428135314,-0.0285388310317128,0.061787539171162545,Reed
2021,1630197,406,0.8275862068965517,1.0221443566592199,-0.19455814976266816,0.003688120079477673,0.005720762708198518,0.6080172149334887,-0.1182947043613101,0.04735441372316093,Pokusevski
2021,1630198,133,1.0150375939849625,1.007267458519784,0.007770135465178463,0.01365015401096086,0.005720762708198518,0.2953274122819509,0.002294734000011368,0.06349224095357765,Joe
2021,1630199,43,0.6744186046511628,1.1304711352464143,-0.4560525305952515,0.02704576603922459,0.005720762708198518,0.17459166188449002,-0.0796229692232522,0.06871655724588742,Stanley
2021,1630200,78,0.9871794871794872,1.0016785861763442,-0.014499098996856974,0.012706505028325741,0.005720762708198518,0.31045094639068643,-0.0045012590053865,0.06280721703245369,Jones
2021,1630201,339,0.9085545722713865,0.9842570269383857,-0.07570245466699921,0.0044112791260591784,0.005720762708198518,0.5646209127222419,-0.04274318904939523,0.049906917821361266,Flynn
2021,1630202,417,1.1270983213429258,0.9959597865300696,0.1311385348128562,0.0037924074415250134,0.005720762708198518,0.6013518751543377,0.07886040381470348,0.04775532772697023,Pritchard
2021,1630203,12,1.5,0.986629875312531,0.513370124687469,0.10715099269763974,0.005720762708198518,0.0506837400342461,0.026019517941008184,0.07369405035888972,Riller
2021,1630205,135,0.9481481481481482,1.1081490074747828,-0.16000085932663466,0.0077994847601301955,0.005720762708198518,0.4231255915691965,-0.06770045825416209,0.05744703302229821,Stevens
2021,1630206,36,0.8333333333333334,0.9895676648795094,-0.15623433154617605,0.03296914240681897,0.005720762708198518,0.14786189553041845,-0.023101104409345444,0.06982034009000926,Scrubb
2021,1630207,42,0.8095238095238095,0.9518393196020947,-0.14231551007828513,0.03352181544603442,0.005720762708198518,0.1457794818096436,-0.020746681312687518,0.06990559981175617,Hinton
2021,1630208,9,0.8888888888888888,1.2617550466829823,-0.3728661577940935,0.09527012148669511,0.005720762708198518,0.05664632757505628,-0.021121498516056842,0.0734622522786413,Richards
2021,1630210,106,0.9245283018867925,0.9922667835921585,-0.067738481705366,0.014934623827837626,0.005720762708198518,0.27696226832733756,-0.018761003546168026,0.06431428528696727,Howard
2021,1630211,13,0.5384615384615384,0.8819588389161368,-0.34349730045459836,0.08396533178661361,0.005720762708198518,0.06378650715501313,-0.021910493013174933,0.07318370882088364,Mane
2021,1630214,298,1.1946308724832215,1.1131642860012254,0.08146658648199612,0.0036892815245554464,0.005720762708198518,0.607942169738799,0.04952697334707823,0.047358946512939905,Tillman
2021,1630216,33,1.0909090909090908,0.9361644148075474,0.1547446761015434,0.0458160559712943,0.005720762708198518,0.11100341182826802,0.017177187009531567,0.07131436411641459,Winston
2021,1630217,499,1.1723446893787575,1.0705195413935684,0.10182514798518905,0.0030939681786997684,0.005720762708198518,0.6490002680287759,0.06608454833445745,0.04481055876965443,Bane
2021,1630218,19,0.8947368421052632,0.9623738585121528,-0.06763701640688968,0.060220370417335724,0.005720762708198518,0.08675560211116967,-0.005867890083382776,0.07228038803792929,Woodard II
2021,1630219,98,1.0408163265306123,1.1301192659931636,-0.0893029394625513,0.013701883107642322,0.005720762708198518,0.29454085516674267,-0.02630336415820371,0.06352766616144273,Mays
2021,1630221,98,0.6530612244897959,0.9218812013106072,-0.2688199768208114,0.0134583180551643,0.005720762708198518,0.2982813816148429,-0.08018399409178166,0.06335902227549281,Hall
2021,1630222,123,1.0406504065040652,1.0116264467406517,0.02902395976341343,0.012311394967644827,0.005720762708198518,0.3172533654063095,0.009207948912360226,0.0624966518009695,Jones
2021,1630223,71,1.2535211267605635,1.0419838272957367,0.2115372994648268,0.020657733854847746,0.005720762708198518,0.21687220477200192,0.04587656052645221,0.06693346163686782,Harris
2021,1630230,207,0.9323671497584541,1.059043498138034,-0.12667634837957975,0.006421342174698642,0.005720762708198518,0.4711508229727562,-0.059683665790222565,0.055003823959784225,Marshall
2021,1630231,317,1.1324921135646688,1.1890830782875,-0.056590964722831094,0.0036515649962788376,0.005720762708198518,0.6103886770269025,-0.03454248408884498,0.047210951347715774,Martin
2021,1630233,100,0.8,1.1746661269463836,-0.37466612694638357,0.011889552734029044,0.005720762708198518,0.3248529378684933,-0.12171139205834255,0.06214785704746151,Knight
2021,1630234,12,0.6666666666666666,1.0933437345631234,-0.42667706789645676,0.14337600190684813,0.005720762708198518,0.038369462429107506,-0.01637136972601485,0.07417048010091654,Alexander
2021,1630235,71,0.971830985915493,0.9768438581099055,-0.005012872194412488,0.01909161741001582,0.005720762708198518,0.23056082008025522,-0.0011557719241012518,0.06634590391811483,Forrest
2021,1630237,117,0.9829059829059829,1.1166894554458564,-0.13378347253987355,0.01345509109412185,0.005720762708198518,0.2983315771580548,-0.039911834360501795,0.06335675612683046,Lamb
2021,1630238,3,1.0,0.9685196890000238,0.03148031099997617,0.5382266529299106,0.005720762708198518,0.010517124530295718,0.0003310823510391875,0.07523693730069109,Fitts
2021,1630240,209,0.9856459330143541,0.9701458414198643,0.01550009159448984,0.0048576557344381325,0.005720762708198518,0.5407956528870896,0.008382382153651823,0.05125425937818422,Lee
2021,1630241,72,1.1805555555555556,1.0695150210833502,0.11104053447220541,0.022985633933805216,0.005720762708198518,0.19928529447780957,0.02212874561126682,0.06768086012498294,Merrill
2021,1630253,33,0.9393939393939394,1.128032801243375,-0.18863886184943546,0.05030676924670297,0.005720762708198518,0.10210627719249456,-0.019261211917275145,0.07167033504430347,McDermott
2021,1630256,624,1.108974358974359,1.0787878989557806,0.030186460018578387,0.0020120890777127103,0.005720762708198518,0.7397998651185052,0.02233193905014944,0.0385816436702518,Tate
2021,1630264,60,1.1166666666666667,1.042741212391413,0.07392545427525365,0.022594800478555773,0.005720762708198518,0.20203598531547584,0.014935601994395028,0.06756450826944277,Gill
2021,1630266,1,0.0,0.9805075507939016,-0.9805075507939016,1.9801275952178494,0.005720762708198518,0.00288076513262729,-0.0028246119646048533,0.0755267008047929,Magnay
2021,1630267,313,1.0095846645367412,1.046758578703822,-0.037173914167080824,0.0054278431202001015,0.005720762708198518,0.5131370501615667,-0.01907531265865513,0.05277525374111653,Campazzo
2021,1630268,7,0.8571428571428571,1.0098097562688684,-0.15266689912601128,0.2869495449353745,0.005720762708198518,0.019546782023291267,-0.0029841465993879386,0.0748928581811002,Darling
2021,1630271,107,0.8785046728971962,1.0716848643728647,-0.19318019147566845,0.013822600795472312,0.005720762708198518,0.2927215014510674,-0.05654799569936236,0.0636095311946989,Thomas
2021,1630273,84,1.0476190476190477,1.0766002389978155,-0.028981191378767868,0.010339358055508664,0.005720762708198518,0.35620919620519625,-0.010323366886099866,0.06068751454978579,Gillespie
2021,1630466,66,1.0,0.9956072944591025,0.004392705540897546,0.017405759688629334,0.005720762708198518,0.2473680482536884,0.0010866149962049886,0.0656172904237059,Deck
2022,2207,1,2.0,0.6592397884648163,1.3407602115351835,0.8838824782344968,0.0043681384487047736,0.0049176869305374085,0.006593438969251143,0.06592918406400007,Johnson
2022,2544,1221,1.1801801801801801,1.0861564196320816,0.09402376054809847,0.0010659182222110977,0.0043681384487047736,0.8038448461687749,0.07558051533399594,0.029271707660499992,James
2022,2546,723,1.0885200553250345,1.0206681650038507,0.06785189032118377,0.0021543246043034827,0.0043681384487047736,0.669706890357949,0.0454408784719086,0.03798376010309806,Anthony
2022,2617,31,0.9354838709677419,1.0548894625390097,-0.11940559157126784,0.03443716587010685,0.0043681384487047736,0.1125654991085132,-0.01344095001156704,0.06226103728698418,Haslem
2022,2730,219,1.2602739726027397,1.2041809522338507,0.05609302036888897,0.004192088713098929,0.0043681384487047736,0.5102830060627006,0.02862331505297296,0.04625096355971019,Howard
2022,2738,118,0.923728813559322,1.1367541249458644,-0.21302531138654235,0.013114240866319335,0.0043681384487047736,0.2498594939506236,-0.053226396501715484,0.05724262036634187,Iguodala
2022,2772,99,0.8686868686868687,1.130581957971184,-0.26189508928431526,0.018137590768812845,0.0043681384487047736,0.19409006508906088,-0.05083123492569816,0.05933233665445543,Ariza
2022,101108,733,1.0763983628922238,0.9232387360928516,0.15315962679937223,0.001721444465945786,0.0043681384487047736,0.7173132396630536,0.10986342808504194,0.035139933220875746,Paul
2022,101150,320,0.896875,0.9682724658521831,-0.0713974658521831,0.004120118130424311,0.0043681384487047736,0.5146096148230423,-0.03674182240153326,0.04604619858493303,Williams
2022,200746,458,1.1310043668122272,0.955599467855979,0.1754048989562481,0.002249524996523523,0.0043681384487047736,0.6600726200203555,0.11577997121845642,0.0385337496002733,Aldridge
2022,200752,379,1.0131926121372032,1.0291564925143852,-0.015963880377181994,0.004055251988673771,0.0043681384487047736,0.5185724775764031,-0.008278428998928592,0.04585784634021961,Gay
2022,200765,176,0.9488636363636364,1.0134979698073698,-0.06463433344373348,0.008438045511972572,0.0043681384487047736,0.3410960253356952,-0.02204651423787949,0.053648707214019105,Rondo
2022,200768,623,1.117174959871589,1.0338985004610233,0.08327645941056572,0.0026164248158847404,0.0043681384487047736,0.6253989380911551,0.05208100928335898,0.040451320144708036,Lowry
2022,200782,428,1.1542056074766356,1.0686287527563534,0.0855768547202822,0.0034636517622302007,0.0043681384487047736,0.5577445681072829,0.047730025875943494,0.04395262172156643,Tucker
2022,200794,114,0.8596491228070176,1.0762204234220005,-0.21657130061498298,0.010946784567234417,0.0043681384487047736,0.28522105166043477,-0.061770694120873604,0.05587712775874237,Millsap
2022,201142,1115,1.1399103139013453,0.975628611433254,0.16428170246809137,0.0011124244113870378,0.0043681384487047736,0.7970236926780907,0.1309364091405616,0.029776309579747258,Durant
2022,201143,569,1.0913884007029877,1.043921338216483,0.047467062486504785,0.0025458209031093133,0.0043681384487047736,0.6317853817810861,0.029988996195063098,0.0401050175316903,Horford
2022,201144,788,1.083756345177665,0.9757934978685431,0.10796284730912198,0.0019458363101606975,0.0043681384487047736,0.6918207017808325,0.07469093279165363,0.036690187266434054,Conley
2022,201145,527,1.1518026565464896,1.1473112332776947,0.004491423268794925,0.002300761496912478,0.0043681384487047736,0.6550013471975209,0.002941888291894969,0.03882012210256245,Green
2022,201152,272,1.099264705882353,1.0738813630828983,0.025383342799454756,0.004110895653874872,0.0043681384487047736,0.5151693454536076,0.01307672009541965,0.046019641711282346,Young
2022,201565,273,1.0293040293040292,1.0083678838177472,0.020936145486281976,0.004881093079539186,0.0043681384487047736,0.47227041893869637,0.009887522199767886,0.04801245540016406,Rose
2022,201566,1233,0.9529602595296026,0.9969799364594274,-0.04401967692982478,0.0009511070496691748,0.0043681384487047736,0.821195120631315,-0.03614874390653897,0.02794717281562434,Westbrook
2022,201567,760,1.106578947368421,1.0411944040174919,0.06538454335092925,0.0021637535929863276,0.0043681384487047736,0.6687401476975217,0.04372526917763543,0.03803930726701946,Love
2022,201568,595,1.053781512605042,1.002889280989298,0.05089223161574408,0.002472278928731981,0.0043681384487047736,0.6385777661920397,0.03249864758170975,0.03973339094154081,Gallinari
2022,201569,564,1.1702127659574468,1.031107306863177,0.13910545909426975,0.0027050101277114767,0.0043681384487047736,0.6175663357714983,0.08590684865866022,0.04087203436086304,Gordon
2022,201571,222,1.1531531531531531,1.0648234320058285,0.08832972114732462,0.007954758762360157,0.0043681384487047736,0.3544733331689686,0.0313105306729777,0.05310131686737029,Augustin
2022,201572,131,1.0763358778625953,1.1328359894336584,-0.05650011157106305,0.010194125918354842,0.0043681384487047736,0.29996285870112793,-0.01694793498378875,0.055297912731214184,Lopez
2022,201577,198,1.121212121212121,0.9929458210007374,0.12826630021138374,0.004930033678145622,0.0043681384487047736,0.469784640369355,0.06025753771631264,0.0481253997229784,Lopez
2022,201580,458,1.262008733624454,1.1486140087214851,0.11339472490296898,0.0018970679729086487,0.0043681384487047736,0.6972058308622953,0.07905946339137589,0.03636821211242071,McGee
2022,201586,296,1.125,1.0249918614355324,0.10000813856446755,0.004354197330116456,0.0043681384487047736,0.5007991619986798,0.050083991986133204,0.04669666341505793,Ibaka
2022,201587,387,1.2041343669250646,1.1086996098198767,0.0954347571051879,0.004419866639506345,0.0043681384487047736,0.49705688661520214,0.04743650324158274,0.046871368137567954,Batum
2022,201588,274,1.010948905109489,1.0566668969126636,-0.045717991803174485,0.005339828309633203,0.0043681384487047736,0.44995399731391406,-0.020570993161003116,0.049017110205411545,Hill
2022,201599,143,1.2867132867132867,1.4405276613769866,-0.15381437466369996,0.0047584890534211315,0.0043681384487047736,0.4786147399669028,-0.07361782693283851,0.04772298189487438,Jordan
2022,201609,150,0.8666666666666667,0.9918896984257422,-0.12522303175907545,0.00929754588126735,0.0043681384487047736,0.319642861874425,-0.040026648244062886,0.05451508207732121,Dragic
2022,201933,312,0.9743589743589743,1.1305683392030603,-0.15620936484408598,0.004584121188277184,0.0043681384487047736,0.48793697075762965,-0.07622032428599669,0.047294420455206286,Griffin
2022,201935,992,0.969758064516129,1.0419737512059533,-0.07221568668982425,0.001463218818450669,0.0043681384487047736,0.7490774872100346,-0.054095145122760695,0.03310686146048071,Harden
2022,201937,409,0.8728606356968215,1.0107067480272929,-0.1378461123304714,0.0034515738077887854,0.0043681384487047736,0.5586060337549419,-0.07700167007746281,0.0439097933834963,Rubio
2022,201939,1218,1.11247947454844,1.0161885569466116,0.09629091760182851,0.0013315132599554817,0.0043681384487047736,0.7663869078294148,0.07379609859292231,0.0319445508660107,Curry
2022,201942,1531,1.0437622468974526,0.9372099833113131,0.10655226358613945,0.0006805704722335602,0.0043681384487047736,0.8651991067635025,0.09218892327835713,0.024265798249101377,DeRozan
2022,201949,307,1.013029315960912,1.1344046674927841,-0.12137535153187207,0.003861137782561141,0.0043681384487047736,0.5308046936264794,-0.06442660628368159,0.04527151486003081,Johnson
2022,201950,953,1.1416579223504721,0.9971309429097275,0.14452697944074466,0.0013901827849879193,0.0043681384487047736,0.7585784591429569,0.10963505336874589,0.03247403139376447,Holiday
2022,201954,7,0.5714285714285714,1.1569835526435597,-0.5855549812149883,0.2026119388540164,0.0043681384487047736,0.02110414927672532,-0.012357639733291202,0.06539076848318809,Collison
2022,201959,166,1.1265060240963856,1.1282108512100035,-0.0017048271136179682,0.00680490729191823,0.0043681384487047736,0.39095324140874843,-0.0006665076861104653,0.05157907098098472,Gibson
2022,201961,237,1.1729957805907174,1.0899459423047315,0.08304983828598589,0.008270455402433256,0.0043681384487047736,0.3456190221914164,0.028703603901557698,0.053464256370651025,Ellington
2022,201976,435,1.0045977011494254,1.0534828295583334,-0.04888512840890802,0.0036455962024243105,0.0043681384487047736,0.5450814930700669,-0.026646378782049528,0.044577427260307535,Beverley
2022,201980,319,1.1128526645768024,1.1139218703052813,-0.0010692057284789058,0.006026930137470806,0.0043681384487047736,0.42021256641961635,-0.0004492936831946765,0.050324862450863574,Green
2022,201988,791,1.1061946902654867,1.0695152582344771,0.03667943203100954,0.0022331293663084904,0.0043681384487047736,0.661712048520485,0.024271222107807217,0.038440715492707,Mills
2022,202066,295,0.9525423728813559,1.0756294722861222,-0.12308709940476625,0.005592790017645713,0.0043681384487047736,0.43852723804422467,-0.05397704574084707,0.04952363839016157,Temple
2022,202083,220,1.0318181818181817,1.1046843199109104,-0.07286613809272868,0.008003690254821132,0.0043681384487047736,0.35307136506504305,-0.02572694684341765,0.053158948859317,Matthews
2022,202324,182,1.043956043956044,1.019650163117398,0.024305880838646043,0.005465085370445485,0.0043681384487047736,0.4442224166806617,0.010797217125695533,0.04927183202018596,Favors
2022,202326,324,1.0339506172839505,1.058241931494633,-0.024291314210682424,0.004089810433698904,0.0043681384487047736,0.5164536354425667,-0.01254533753378462,0.045958649531450985,Cousins
2022,202328,57,1.1228070175438596,1.0817490948655901,0.041057922678269465,0.015940199473708387,0.0043681384487047736,0.21509088854996383,0.00883118507088469,0.058554177207639106,Monroe
2022,202330,617,1.0567260940032415,1.033097039873431,0.023629054129810534,0.002159621882991764,0.0043681384487047736,0.6691634230954544,0.0158116987460118,0.03801499666992777,Hayward
2022,202331,636,0.9858490566037735,1.0061834259436826,-0.020334369339909064,0.0022121743831895056,0.0043681384487047736,0.6638192682166624,-0.01349834617486577,0.03832080349126965,George
2022,202334,16,1.375,1.2247830059236782,0.15021699407632183,0.05197446134954315,0.0043681384487047736,0.077528166331448,0.011646048102559219,0.06347822212770925,Davis
2022,202339,466,0.9549356223175965,0.9968003832376935,-0.041864760920096944,0.002863484194983368,0.0043681384487047736,0.6040329624385675,-0.025287695560348527,0.0415889269059905,Bledsoe
2022,202340,349,1.0830945558739256,1.0823931845752295,0.0007013712986960741,0.004709851537747139,0.0043681384487047736,0.4811790335992692,0.0003374851637008413,0.04760548089589264,Bradley
2022,202355,330,1.303030303030303,1.1351455287020853,0.1678847743282177,0.002568144072562256,0.0043681384487047736,0.6297520949170996,0.10572578833787959,0.04021559535484975,Whiteside
2022,202357,342,1.0935672514619883,1.0122609132740026,0.08130633818798572,0.004083531209377018,0.0043681384487047736,0.5168373381143454,0.04202215140090329,0.04594041140827182,Bjelica
2022,202362,323,0.9938080495356038,0.9786668883325553,0.015141161203048425,0.0038833894020881615,0.0043681384487047736,0.5293732903398024,0.008015326325623106,0.04534051858386853,Stephenson
2022,202397,427,0.9250585480093677,0.9279801111178752,-0.002921563108507441,0.0025990596023871184,0.0043681384487047736,0.6269576975811967,-0.0018316964798479893,0.04036707103802465,Smith
2022,202681,615,1.102439024390244,0.9726251732628846,0.12981385112735944,0.0022617825707104146,0.0043681384487047736,0.6588522602174344,0.08552814922279031,0.03860285687397962,Irving
2022,202683,97,1.0721649484536082,1.0531285969786357,0.019036351474972513,0.010009152410782861,0.0043681384487047736,0.3038220824351078,0.005783663947092784,0.05514527657791217,Freedom
2022,202684,265,1.0679245283018868,1.0944851453333795,-0.026560617031492706,0.003358307363354094,0.0043681384487047736,0.5653490045691261,-0.015016018399496178,0.04357310781788927,Thompson
2022,202685,938,1.14818763326226,1.0238750491934736,0.12431258406878642,0.0011835708602470601,0.0043681384487047736,0.7868096482756012,0.09781034054739295,0.03051630666152508,Valančiūnas
2022,202687,145,1.186206896551724,1.1424488426111785,0.04375805394054555,0.005755484444712272,0.0043681384487047736,0.4314797671439525,0.018880714924939104,0.04983347356953047,Biyombo
2022,202688,24,1.0,1.1169732316828416,-0.11697323168284157,0.06959268249671698,0.0043681384487047736,0.05906016716510183,-0.006908458617030809,0.06411049416221935,Knight
2022,202689,370,1.0027027027027027,1.0333929355946379,-0.030690232891935176,0.0042332069581170195,0.0043681384487047736,0.5078436270261126,-0.015585839186116461,0.04636601315147038,Walker
2022,202691,572,1.0594405594405594,1.0061984104525266,0.05324214898803281,0.002687531922854153,0.0043681384487047736,0.6190961621892844,0.03296201010520121,0.040790203470933976,Thompson
2022,202692,728,0.9986263736263736,1.014066039383535,-0.01543966575716138,0.002130337931120973,0.0043681384487047736,0.6721788606119243,-0.01037821693687768,0.037841354669980565,Burks
2022,202693,114,1.0614035087719298,0.9887254558849802,0.07267805288694962,0.011487783210109131,0.0043681384487047736,0.27548940658877663,0.020022033661853473,0.05625622258535918,Morris
2022,202694,688,1.0188953488372092,0.9555328545702619,0.06336249426694729,0.0020385498931745393,0.0043681384487047736,0.6818091056733753,0.0432011255493817,0.03728138784347878,Morris Sr.
2022,202696,1152,1.0381944444444444,1.0100376572849241,0.028156787159520302,0.00108160965738495,0.0043681384487047736,0.8015303393240644,0.022568519166245766,0.02944389504973729,Vučević
2022,202699,1021,1.0646425073457395,1.027958953194358,0.03668355415138147,0.001202491215168355,0.0043681384487047736,0.7841372900864692,0.02876494274300451,0.030706973195267863,Harris
2022,202704,1220,0.9221311475409836,1.003184679651076,-0.08105353211009236,0.0011650397385136453,0.0043681384487047736,0.7894447460222996,-0.06398728507086217,0.030327124830369118,Jackson
2022,202709,398,1.0577889447236182,0.9841590678740969,0.07362987684952127,0.003451048560781036,0.0043681384487047736,0.5586435576237769,0.041132856350617135,0.043907926909922915,Joseph
2022,202710,827,0.9951632406287787,1.0022004304167058,-0.007037189787927112,0.0012902576760775734,0.0043681384487047736,0.771974664264566,-0.005432532223901064,0.03156020019430745,Butler III
2022,202711,928,1.1045258620689655,1.0310850974588286,0.07344076461013693,0.0016386476199209488,0.0043681384487047736,0.7272006025851606,0.053406168278806516,0.03451992955715949,Bogdanović
2022,202722,274,1.0036496350364963,1.0815644797375403,-0.07791484470104404,0.006790630833169821,0.0043681384487047736,0.39145342450981807,-0.03050003277837434,0.05155788682855694,Bertans
2022,202738,167,0.9700598802395209,1.0035188941125552,-0.03345901387303429,0.009065115755189274,0.0043681384487047736,0.3251735121217711,-0.010879985053225624,0.05429305229866247,Thomas
2022,202954,76,0.7894736842105263,0.9553427496274978,-0.16586906541697144,0.015662861774404988,0.0043681384487047736,0.21806891318713348,-0.03617088682684451,0.05844299140653902,Wanamaker
2022,203076,695,1.083453237410072,1.0740882245499181,0.009365012860153898,0.001409726011900596,0.0043681384487047736,0.7560126199718964,0.007080067908475452,0.03264614304476874,Davis
2022,203078,771,0.9844357976653697,0.9750583876682457,0.009377409997123998,0.0016164059252292428,0.0043681384487047736,0.7299032600928519,0.006844602128128107,0.03434850731048188,Beal
2022,203081,551,0.9727767695099818,1.054681594173179,-0.08190482466319726,0.0027468822879884672,0.0043681384487047736,0.6139319350367626,-0.05028398749432345,0.041065785739261944,Lillard
2022,203082,550,0.94,1.004923107453637,-0.06492310745363716,0.002657903983981641,0.0043681384487047736,0.6217068129824277,-0.040363138223916455,0.04065017853705594,Ross
2022,203083,430,1.1488372093023256,1.234086369531208,-0.08524916022888251,0.0018772148735262428,0.0043681384487047736,0.6994221500897169,-0.059625150940627786,0.03623486805581222,Drummond
2022,203084,834,1.1079136690647482,1.045514570124216,0.062399098940532305,0.0016998147011648556,0.0043681384487047736,0.7198701672241197,0.04491924978895538,0.03498065026807766,Barnes
2022,203085,350,1.06,1.0622532758417682,-0.002253275841768154,0.004858420408544852,0.0043681384487047736,0.4734309417288957,-0.0010667705037432675,0.04795963458297275,Rivers
2022,203087,343,0.9358600583090378,0.9735941783165502,-0.037734120007512306,0.004326303822327382,0.0043681384487047736,0.5024058257604846,-0.018957841721719444,0.04662145690931515,Lamb
2022,203090,181,1.0883977900552486,1.1584102583043634,-0.07001246824911478,0.008454439872509012,0.0043681384487047736,0.3406599156020039,-0.02385044152483142,0.053666458551232324,Harkless
2022,203095,962,1.0862785862785862,1.0565677749452618,0.029710811333324427,0.0017507864082329434,0.0043681384487047736,0.713873523671748,0.021209761577666814,0.035353077128332897,Fournier
2022,203107,188,0.824468085106383,1.0107560476933781,-0.1862879625869951,0.006467826673861619,0.0043681384487047736,0.40311484942009695,-0.07509544398703318,0.051061501894372564,Satoransky
2022,203109,542,1.0350553505535056,1.0470569293482874,-0.012001578794781809,0.0031493925784278876,0.0043681384487047736,0.5810602487624011,-0.006973640360037476,0.04277834539894885,Crowder
2022,203110,253,1.1304347826086956,1.0363309175001505,0.09410386510854507,0.004401644717685464,0.0043681384487047736,0.49808967517525965,0.046872163604651663,0.04682321846764541,Green
2022,203114,1020,1.0450980392156863,0.9849372853230749,0.06016075389261144,0.0014004140346238346,0.0043681384487047736,0.757233025326354,0.04555570967601639,0.03256439399325115,Middleton
2022,203115,895,1.0513966480446928,1.038754635015626,0.012642013029066757,0.0016502826496256435,0.0043681384487047736,0.7257947520349728,0.009175506711654402,0.03460876314566387,Barton
2022,203145,136,0.875,1.0870403280387242,-0.2120403280387242,0.011610036907699987,0.0043681384487047736,0.273381556483784,-0.05796791491655856,0.056337997485366845,Bazemore
2022,203200,661,1.0574886535552193,1.0911468118437064,-0.03365815828848717,0.002667034129069043,0.0043681384487047736,0.6208999708841557,-0.02089834950133599,0.040693505785149776,Holiday
2022,203210,325,1.08,1.18288799824492,-0.10288799824492001,0.003850885286144571,0.0043681384487047736,0.5314668249689442,-0.054681557754637934,0.04523955986022497,Green
2022,203457,59,1.0847457627118644,1.1234634048495655,-0.038717642137701125,0.01561667677902497,0.0043681384487047736,0.21857287139907122,-0.008462626215839009,0.058424154981503044,Noel
2022,203458,176,1.1022727272727273,1.1331999369263042,-0.03092720965357687,0.005604133799511182,0.0043681384487047736,0.43802839914305747,-0.01354699613451799,0.049545633074806736,Len
2022,203463,537,1.085661080074488,1.111984816984192,-0.02632373690970402,0.0033748828206202736,0.0043681384487047736,0.5641387640260919,-0.014850240404788441,0.04363372804560266,McLemore
2022,203468,1164,1.077319587628866,0.9995376891319816,0.07778189849688433,0.0012169682494509117,0.0043681384487047736,0.7821047447754617,0.06083359187205658,0.03085120163197287,McCollum
2022,203469,90,1.1333333333333333,1.2168064898814437,-0.08347315654811038,0.009671710093369267,0.0043681384487047736,0.31112432841526144,-0.025970529771732826,0.054855303366462375,Zeller
2022,203471,723,0.9820193637621023,0.950055221471406,0.03196414229069633,0.0018317300113569978,0.0043681384487047736,0.704553407357493,0.022520445364169837,0.035924248368762735,Schröder
2022,203473,288,1.2048611111111112,1.095562892053866,0.10929821905724513,0.0036986268329550005,0.0043681384487047736,0.5414981465539814,0.05918478304114929,0.044752648802500565,Dedmon
2022,203476,112,1.2053571428571428,1.022752517003857,0.18260462585328585,0.014296318291113351,0.0043681384487047736,0.23403512406476495,0.04273589626637374,0.05784324182590462,Dieng
2022,203482,285,1.03859649122807,1.0583363009455151,-0.019739809717445045,0.004823121784040827,0.0043681384487047736,0.47524913212036535,-0.009381327436436913,0.04787676306911559,Olynyk
2022,203484,827,1.0652962515114872,1.0226035982060337,0.042692653305453465,0.0018179542462185693,0.0043681384487047736,0.7061223722511489,0.030146237629742657,0.03582873378984953,Caldwell-Pope
2022,203486,318,1.2893081761006289,1.3049452066336018,-0.01563703053297294,0.0023117217769848737,0.0043681384487047736,0.6539266243784009,-0.01022547059172898,0.03888054035280061,Plumlee
2022,203488,248,1.1935483870967742,1.0377149824206735,0.15583340467610074,0.00662960182529055,0.0043681384487047736,0.3971850889253534,0.06189470469381766,0.05131451052594882,Muscala
2022,203490,416,1.1201923076923077,1.0593697234350794,0.06082258425722831,0.0036295322836219527,0.0043681384487047736,0.5461763299467532,0.033219855847490126,0.04452375345915814,Porter Jr.
2022,203493,501,1.0838323353293413,1.1089459433210538,-0.025113607991712472,0.0036735543311725055,0.0043681384487047736,0.543186437019226,-0.013641371245715857,0.04467017896031018,Bullock Jr.
2022,203496,498,1.0963855421686748,1.097015900521157,-0.0006303583524822631,0.0033911385718492244,0.0043681384487047736,0.5629568885263098,-0.0003548645767699857,0.04369284631343892,Covington
2022,203497,506,1.4308300395256917,1.3037449857626748,0.12708505376301682,0.0015229412284979245,0.0043681384487047736,0.7414835120306719,0.09423147199080846,0.033604104075587955,Gobert
2022,203500,383,1.0966057441253263,1.1806794449185132,-0.08407370079318688,0.00224869383618392,0.0043681384487047736,0.660155533740909,-0.055501718820699764,0.03852904981498879,Adams
2022,203501,526,0.9885931558935361,1.044349341820213,-0.05575618592667686,0.002992879233879631,0.0043681384487047736,0.5934150190997978,-0.03308655813661082,0.04214284622253306,Hardaway Jr.
2022,203503,171,1.0701754385964912,1.0890434225429233,-0.018867983946432076,0.010424449410681231,0.0043681384487047736,0.2952923781982581,-0.005571571851348483,0.05548207330199089,Snell
2022,203504,215,0.9023255813953488,0.953148146999195,-0.05082256560384624,0.006359069038858929,0.0043681384487047736,0.4072018233793703,-0.020695041382703856,0.050886388235152395,Burke
2022,203506,72,1.1805555555555556,1.0604573598720197,0.12009819568353586,0.020420987697075062,0.0043681384487047736,0.1762118770551505,0.021162728492332628,0.059986836667903505,Oladipo
2022,203507,1243,1.165728077232502,1.1009038699256852,0.06482420730681682,0.0008681864602822461,0.0043681384487047736,0.8341992761388447,0.054076306811621,0.026911717089791863,Antetokounmpo
2022,203516,24,1.0416666666666667,1.1353554169260025,-0.09368875025933576,0.053846265895543755,0.0043681384487047736,0.07503535418612141,-0.007029968558964333,0.06356393342983264,Ennis III
2022,203524,19,0.42105263157894735,1.1318148670457775,-0.7107622354668302,0.08553924993054493,0.0043681384487047736,0.04858486635468686,-0.034532288220114414,0.06446637127957244,Hill
2022,203526,439,1.0091116173120729,0.979242484860977,0.029869132451095903,0.0028385561861958863,0.0043681384487047736,0.6061223168178522,0.01810434776259754,0.04147905799309692,Neto
2022,203552,739,1.1880920162381596,1.0024190248466227,0.18567299139153692,0.0020737252835762187,0.0043681384487047736,0.678086130076841,0.1259022801924779,0.03749885801438089,Curry
2022,203585,223,1.1390134529147982,1.0883615593929508,0.0506518935218474,0.007525709427020065,0.0043681384487047736,0.3672603260396559,0.018602430929359613,0.05257275433004344,McGruder
2022,203648,127,1.1181102362204725,1.2653109651606635,-0.1472007289401911,0.007140670367250093,0.0043681384487047736,0.3795473987411404,-0.055869653762049235,0.05205980083670813,Antetokounmpo
2022,203658,5,1.2,1.532724027636774,-0.332724027636774,0.12767064721612117,0.0043681384487047736,0.033082237364656486,-0.011007255259204282,0.06498946572870899,Pelle
2022,203816,4,1.0,0.9144445529582952,0.08555544704170481,0.31018640956854476,0.0043681384487047736,0.01388674389303452,0.0011880865817222325,0.065631389051111,Hopson
2022,203897,1186,1.108768971332209,1.0712302217650793,0.03753874956712977,0.0011463525234564297,0.0043681384487047736,0.7921199745826841,0.02973519335298058,0.030133846945637442,LaVine
2022,203901,175,0.7885714285714286,0.9063201229089647,-0.1177486943375361,0.005916985677270982,0.0043681384487047736,0.424704495074858,-0.05000839977434706,0.050129536347651764,Payton
2022,203903,1111,1.00990099009901,1.0018307728567384,0.008070217242271527,0.0013934457444260038,0.0043681384487047736,0.758148853211703,0.006118425947397471,0.03250291207183292,Clarkson
2022,203914,553,1.077757685352622,1.0639039164706843,0.013853768881937789,0.0028415153064230898,0.0043681384487047736,0.6058735408198954,0.008393632006200132,0.0414921551621085,Harris
2022,203915,733,0.9877216916780355,0.9835570318205353,0.0041646598575001414,0.0019643238604908305,0.0043681384487047736,0.68980093925891,0.0028727862813974756,0.03681022200388451,Dinwiddie
2022,203917,14,1.0,1.0550639433740654,-0.055063943374065394,0.1246625545189576,0.0043681384487047736,0.03385348360331224,-0.0018641063041476363,0.06496354166264759,Stauskas
2022,203918,156,0.9358974358974359,1.025455544830676,-0.08955810893324001,0.010245179304997264,0.0043681384487047736,0.2989149023053426,-0.02677025338243067,0.05533928777147367,Hood
2022,203920,200,0.97,1.0804762101838534,-0.11047621018385345,0.004790678875406099,0.0043681384487047736,0.47693258792328047,-0.0526897048269415,0.04779990453920198,Birch
2022,203924,698,0.9842406876790831,1.0096192416771843,-0.025378553998101183,0.0019063604685454361,0.0043681384487047736,0.6961732731669836,-0.01766787100510314,0.03643016891565864,Grant
2022,203925,124,1.2338709677419355,1.0898130568539748,0.14405791088796072,0.014148984750590529,0.0043681384487047736,0.2358972504363426,0.03398286508207359,0.057772888097532796,Harris
2022,203926,465,1.156989247311828,1.0663207062130575,0.09066854109877043,0.0033637675212970816,0.0043681384487047736,0.5649497634415392,0.05122317084533983,0.04359311488559999,McDermott
2022,203932,830,1.1506024096385543,1.1472979358030435,0.0033044738355108016,0.0014528019500584081,0.0043681384487047736,0.7504179994065743,0.002479736644735385,0.03301830905568607,Gordon
2022,203935,716,1.0041899441340782,1.0084194199405823,-0.004229475806504013,0.002095199466275357,0.0043681384487047736,0.6758332159271301,-0.0028584202359955993,0.03762984710707288,Smart
2022,203937,469,0.9680170575692963,1.0487171686669208,-0.08070011109762443,0.0025173167962515156,0.0043681384487047736,0.63440081930741,-0.05119621659853195,0.039962330237340596,Anderson
2022,203939,400,1.3775,1.3324632932526088,0.04503670674739113,0.0021354490140019413,0.0043681384487047736,0.671650604186202,0.030248931297442053,0.037871831490743,Powell
2022,203944,1246,0.9181380417335474,1.0276813707499828,-0.10954332901643538,0.001025687857609286,0.0043681384487047736,0.8098403991228625,-0.08871261329191707,0.02882088589862876,Randle
2022,203952,1019,1.086359175662414,1.0166288072333374,0.06973036842907665,0.0013496874407324102,0.0043681384487047736,0.7639509375013057,0.053270580333704555,0.03211066778628658,Wiggins
2022,203953,37,1.1891891891891893,1.0394265580017445,0.1497626311874447,0.03595874563541853,0.0043681384487047736,0.10831827322916103,0.016222029604479708,0.06240984885989684,Parker
2022,203954,1333,1.0690172543135783,0.999046921230944,0.06997033308263434,0.0008445295080016312,0.0043681384487047736,0.8379851709305416,0.058634101528318265,0.026602691670555314,Embiid
2022,203991,603,1.2271973466003316,1.3332587575252273,-0.10606141092489563,0.0012417476024083407,0.0043681384487047736,0.7786501203242884,-0.08258473037843378,0.03109480535439402,Capela
2022,203992,791,1.0783817951959545,1.0421943148689627,0.036187480326991706,0.002026416477430516,0.0043681384487047736,0.6831028115579527,0.024719769554566135,0.03720552100320796,Bogdanović
2022,203994,600,1.095,1.1058098521611066,-0.010809852161106637,0.0016658746149607712,0.0043681384487047736,0.7239192893048222,-0.007825460493958512,0.03472691704331592,Nurkić
2022,203999,1308,1.242354740061162,0.9887867565907149,0.2535679834704472,0.0008960434410223031,0.0043681384487047736,0.8297848631007774,0.2104068744507652,0.027267623366201928,Jokić
2022,204001,766,1.0208877284595301,1.041949265231138,-0.021061536771607825,0.0016272239753272705,0.0043681384487047736,0.7285862204418797,-0.015345145473123415,0.034432150179681,Porziņģis
2022,204020,20,0.85,0.9904251396852718,-0.14042513968527182,0.08431448950925902,0.0043681384487047736,0.04925585257549317,-0.006916759978230784,0.06444363479232086,Johnson
2022,204025,45,0.7555555555555555,0.9632414237128963,-0.2076858681573408,0.030810827083819752,0.0043681384487047736,0.1241690419994367,-0.02578815528591832,0.06185265460922593,Frazier
2022,204038,26,0.5384615384615384,1.0620554976059655,-0.5235939591444271,0.0629229228212395,0.0043681384487047736,0.06491409655706848,-0.03398862882059911,0.06391075564934988,Galloway
2022,204060,285,1.080701754385965,1.0349119188530356,0.04578983553292937,0.006435161532212794,0.0043681384487047736,0.4043337180695199,0.018514374450821148,0.05100934021037272,Ingles
2022,204456,206,1.0194174757281553,0.9549435529549656,0.06447392277318975,0.005380423159072639,0.0043681384487047736,0.4480803039927314,0.028889494915814752,0.04910052591089835,McConnell
2022,1626144,2,0.0,0.8266488201704354,-0.8266488201704354,0.4849727341329265,0.0043681384487047736,0.008926575917641308,-0.007379143450480009,0.0657962455556823,Mudiay
2022,1626145,552,1.0471014492753623,0.9801929163053757,0.06690853296998656,0.002496474102746751,0.0043681384487047736,0.6363270200560889,0.04257570740111612,0.03985691817549418,Jones
2022,1626147,95,0.9157894736842105,1.0638613938938268,-0.14807192020961635,0.01701822757843252,0.0043681384487047736,0.20424874628826678,-0.030243504063310413,0.0589572018242322,Anderson
2022,1626149,552,1.298913043478261,1.175001642400052,0.12391140107820897,0.0015018383839529696,0.0043681384487047736,0.7441491803515375,0.09220856754855983,0.033430402367292555,Harrell
2022,1626153,266,1.0827067669172932,1.09563562166823,-0.012928854750936747,0.005222853539921877,0.0043681384487047736,0.45544177848179546,-0.005888340601499443,0.048771976635891647,Wright
2022,1626156,971,1.007209062821833,1.0323915152836762,-0.02518245246184314,0.0015898429379915696,0.0043681384487047736,0.7331574513573421,-0.018462702665852343,0.0341409606847313,Russell
2022,1626157,1214,1.1812191103789127,1.0698695293873597,0.11134958099155301,0.0010158173990727516,0.0043681384487047736,0.8113250873905147,0.09034070852886894,0.028708154591953583,Towns
2022,1626158,300,1.3266666666666667,1.146444092170393,0.18022257449627377,0.0028143944104865766,0.0043681384487047736,0.6081612899431361,0.1096043933825268,0.041371557078387425,Holmes
2022,1626159,255,0.9215686274509803,1.0518336666726886,-0.1302650392217083,0.004704356420754632,0.0043681384487047736,0.4814704787995161,-0.06271877080491363,0.047592107941803866,Winslow
2022,1626161,35,0.9428571428571428,1.1904645600915749,-0.24760741723443203,0.02502687042118173,0.0043681384487047736,0.14860136521951114,-0.03679480023951371,0.06098382664083492,Cauley-Stein
2022,1626162,930,1.0870967741935484,1.1102295733776342,-0.02313279918408573,0.001691858168080007,0.0043681384487047736,0.7208153279501917,-0.01667447623028268,0.03492158788299582,Oubre Jr.
2022,1626163,66,1.1666666666666667,1.1163524869584098,0.05031417970825691,0.017116894038439526,0.0043681384487047736,0.2033107676852933,0.010229414501941519,0.05899193900307872,Kaminsky
2022,1626164,1418,1.0627644569816643,0.9788040280998801,0.08396042888178423,0.0009338097742799099,0.0043681384487047736,0.8238742184935502,0.0691728327293633,0.027737011338759974,Booker
2022,1626166,586,0.9402730375426621,0.9674946837760602,-0.027221646233398067,0.0022905032669736152,0.0043681384487047736,0.6560104350440702,-0.01785768398818724,0.03876330796819623,Payne
2022,1626167,393,1.173027989821883,1.0655715028016322,0.10745648702025079,0.0036580938039458017,0.0043681384487047736,0.5442327497141942,0.05848133940565871,0.04461899202843875,Turner
2022,1626168,561,1.053475935828877,1.0330107632164345,0.020465172612442517,0.0023860369454057153,0.0043681384487047736,0.646731568817965,0.0132354731897754,0.03928263505621617,Lyles
2022,1626169,251,1.0637450199203187,1.0389209923612421,0.024824027559076534,0.005613020725644942,0.0043681384487047736,0.4376383917341307,0.010863947497317993,0.049562822388778426,Johnson
2022,1626171,868,1.1140552995391706,1.0495980021799276,0.064457297359243,0.001572281713496054,0.0043681384487047736,0.7353248304723365,0.04739705125339034,0.03400202618126221,Portis
2022,1626172,364,1.1428571428571428,1.1517546236930545,-0.008897480835911686,0.0022661202662723643,0.0043681384487047736,0.6584214810380403,-0.005858292509488554,0.038627221773373355,Looney
2022,1626174,876,1.1506849315068493,1.1099262197638777,0.04075871174297152,0.0014922816057761263,0.0043681384487047736,0.745362688697524,0.030380022972588596,0.03335102742008336,Wood
2022,1626179,1164,1.0807560137457044,1.0507273458987436,0.030028667846960788,0.0013004105261705612,0.0043681384487047736,0.7705919924244528,0.023139850986041616,0.03165574100114391,Rozier
2022,1626181,605,1.0975206611570247,1.0705738744877145,0.026946786669310274,0.002316152554953275,0.0043681384487047736,0.6534931597553524,0.01760954076578098,0.03890488210510152,Powell
2022,1626192,495,1.2121212121212122,1.1031433539456534,0.10897785817555872,0.0035687501805592575,0.0043681384487047736,0.5503590453063748,0.05997694998503401,0.044318099488917004,Connaughton
2022,1626195,326,1.0552147239263803,1.1054129808923299,-0.050198256965949595,0.0028104072215374494,0.0043681384487047736,0.6084990817586289,-0.030545593269664023,0.0413537206750899,Hernangomez
2022,1626196,533,1.0694183864915572,0.9871902878467105,0.0822280986448467,0.002730080141098334,0.0043681384487047736,0.6153851693127329,0.050601952406823095,0.040988423120036324,Richardson
2022,1626204,246,1.1422764227642277,1.204606124574179,-0.06232970180995134,0.004660941339337176,0.0043681384487047736,0.48378556300830405,-0.030154209882267018,0.047485746598320576,Nance Jr.
2022,1626208,190,0.868421052631579,1.0477982580671588,-0.17937720543557978,0.007755438704410412,0.0043681384487047736,0.3603011218171997,-0.06462980834687368,0.052861075144037706,Sykes
2022,1626220,443,1.18510158013544,1.099130506089786,0.08597107404565407,0.0038443300785198794,0.0043681384487047736,0.5318910427752903,0.04572724422265464,0.045219074893637,O'Neale
2022,1626224,571,1.0893169877408055,1.104066511908759,-0.014749524167953387,0.002815842497711375,0.0043681384487047736,0.6080387018403625,-0.00896828152784543,0.04137802819003521,Osman
2022,1626246,70,1.2142857142857142,1.0273542059177552,0.18693150836795902,0.013152089807767192,0.0043681384487047736,0.24931972259500582,0.04660571181056555,0.05726321142249289,Marjanović
2022,1627734,773,1.1966364812419146,1.0906618264229537,0.10597465481896085,0.0013863274664100587,0.0043681384487047736,0.759086683827826,0.08044394929632352,0.032439832292671354,Sabonis
2022,1627736,846,1.0685579196217494,1.093212238967188,-0.024654319345438713,0.002109873326297309,0.0043681384487047736,0.6743023323237738,-0.01662446503648446,0.03771859627332377,Beasley
2022,1627737,132,1.0,1.1985620911138288,-0.19856209111382883,0.0073868941518698255,0.0043681384487047736,0.3715973062032388,-0.07378513817198085,0.05239227011729197,Chriss
2022,1627739,102,0.8725490196078431,0.9827326642319423,-0.11018364462409913,0.01015045015732819,0.0043681384487047736,0.30086522645112107,-0.03315042719103943,0.055262260948728506,Dunn
2022,1627741,1095,1.0511415525114156,1.0637881604069,-0.01264660789548433,0.0015358456442392456,0.0043681384487047736,0.739862841758878,-0.009356755256163298,0.03370927354378678,Hield
2022,1627742,980,0.996938775510204,0.9536537835979956,0.04328499191220847,0.0012104692318629221,0.0043681384487047736,0.7830158883408448,0.0338928363939642,0.030786630879269753,Ingram
2022,1627745,265,1.3584905660377358,1.1521710661072517,0.20631949993048404,0.003506713965229102,0.0043681384487047736,0.5546946430355606,0.11444432136521522,0.04410391650602667,Jones
2022,1627747,854,0.9836065573770492,1.0120383796917192,-0.028431822314670008,0.001494216956385591,0.0043681384487047736,0.7451166206866029,-0.021185023363068864,0.033367137862193884,LeVert
2022,1627749,1241,1.000805801772764,0.9918917554867052,0.008914046286058741,0.0009647283995534909,0.0043681384487047736,0.8190976022833619,0.007301473939553623,0.028110615769294873,Murray
2022,1627751,662,1.2356495468277946,1.0742249290993167,0.16142461772847794,0.0013425977841601611,0.0043681384487047736,0.7648993528306222,0.12347358563144335,0.032046094554811735,Poeltl
2022,1627752,388,1.134020618556701,1.0779759826593407,0.056044635897360306,0.004116031785304701,0.0043681384487047736,0.5148574731792558,0.02885499962336634,0.046034440634241225,Prince
2022,1627756,66,1.0454545454545454,1.0545464439474712,-0.009091898492925798,0.026549060844574028,0.0043681384487047736,0.14128506296022675,-0.0012845494510010122,0.06124529151665891,Valentine
2022,1627759,1215,1.0847736625514404,1.0106409564492853,0.07413270610215505,0.0011146280595309146,0.0043681384487047736,0.7967033507889445,0.05906177535463897,0.029799797145478337,Brown
2022,1627760,4,0.0,1.0364212012158356,-1.0364212012158356,0.24274824656011507,0.0043681384487047736,0.017676442007473,-0.01832023925860722,0.06550515477987691,Barber
2022,1627761,221,1.1900452488687783,1.1916391878114867,-0.0015939389427084283,0.004667336640385663,0.0043681384487047736,0.48344314002690647,-0.00077057884747413,0.04750149346063424,Bembry
2022,1627763,542,1.003690036900369,0.9951315718160026,0.008558465084366307,0.002455712823717597,0.0043681384487047736,0.640128026581996,0.00547851336502632,0.039648084489650265,Brogdon
2022,1627767,8,0.75,1.0773635806775577,-0.32736358067755766,0.11589084695837759,0.0043681384487047736,0.036322761529364464,-0.011890749274349792,0.06488047161901046,Diallo
2022,1627774,73,0.9315068493150684,1.1540176375370326,-0.22251078822196413,0.01931141104268813,0.0043681384487047736,0.18446881560362935,-0.04104630156233572,0.05968545151608999,Layman
2022,1627777,562,1.1530249110320285,1.0584571868550514,0.09456772417697712,0.003049934409842826,0.0043681384487047736,0.5888508419907891,0.05568628400676568,0.04237872632881536,Niang
2022,1627780,343,1.3615160349854227,1.1938978537058473,0.1676181812795754,0.0036418993089233297,0.0043681384487047736,0.545333065945278,0.09140773670536224,0.044565099753048336,Payton II
2022,1627782,4,0.75,0.9255130508703695,-0.1755130508703695,0.375435104393573,0.0043681384487047736,0.011501056220625123,-0.0020185854655135568,0.06571073156514654,Selden
2022,1627783,1206,1.050580431177446,0.9711547672487665,0.07942566392867956,0.0009384907062428058,0.0043681384487047736,0.823147486127269,0.06537903559688188,0.027794176828925352,Siakam
2022,1627788,468,0.9423076923076923,1.05995015115589,-0.11764245884819768,0.0033476608735635667,0.0043681384487047736,0.566129089969722,-0.06660081816953062,0.04353398906461234,Korkmaz
2022,1627789,186,1.032258064516129,1.144064565140416,-0.11180650062428699,0.00892442877164839,0.0043681384487047736,0.32861511070761534,-0.03674130558048113,0.054154428708993535,Luwawu-Cabarrot
2022,1627814,381,1.05249343832021,1.0581114321118545,-0.0056179937916445155,0.003895546758652844,0.0043681384487047736,0.5285944877009083,-0.002969640550201216,0.04537801828203865,Lee
2022,1627820,20,0.8,1.1002762352719855,-0.30027623527198544,0.06718640561739535,0.0043681384487047736,0.06104627603621661,-0.018330745945529546,0.06404279712193035,Wallace
2022,1627822,15,0.7333333333333333,1.2004819332497259,-0.46714859991639257,0.09164232014058708,0.0043681384487047736,0.04549648562132747,-0.021253619559119415,0.06457091838112038,Cornelie
2022,1627823,106,1.0566037735849056,1.1174030272117803,-0.06079925362687466,0.01533636795400517,0.0043681384487047736,0.2216822060614534,-0.013478112670895395,0.058307802917054286,Hernangomez
2022,1627826,495,1.2525252525252526,1.2016057661666601,0.05091948635859245,0.001666269301738642,0.0043681384487047736,0.7238719406032509,0.036859187404915075,0.03472989480285212,Zubac
2022,1627827,690,1.1942028985507247,1.1615801286936747,0.03262276985705004,0.0023331640609357738,0.0043681384487047736,0.6518342430327141,0.021264638495400653,0.03899790032208405,Finney-Smith
2022,1627832,1091,1.0320806599450045,1.0112484956605463,0.02083216428445822,0.001462930407479121,0.0043681384487047736,0.7491145373926306,0.0156056771108392,0.03310441715898853,VanVleet
2022,1627846,34,0.8235294117647058,1.0983193301101744,-0.2747899183454685,0.03834169765878006,0.0043681384487047736,0.10227476494435117,-0.028104074307860244,0.06262098782053115,Nader
2022,1627853,12,1.3333333333333333,1.0129442255916632,0.32038910774167007,0.14875765312269212,0.0043681384487047736,0.02852647097447377,0.009139570582530301,0.06514238922572087,Arcidiacono
2022,1627854,539,1.0834879406307978,0.9901018827173791,0.0933860579134187,0.00291199619626941,0.0043681384487047736,0.6000079204194806,0.056032374404803534,0.04179977011890192,Forbes
2022,1627863,197,1.0355329949238579,1.122276943685191,-0.08674394876133307,0.00800142417007288,0.0043681384487047736,0.35313604719326996,-0.030632415183512705,0.05315629128650933,House Jr.
2022,1627884,195,1.1794871794871795,1.2601324500421986,-0.08064527055501913,0.0060334616539856585,0.0043681384487047736,0.4199487007364309,-0.033866876590118236,0.050336312762600664,Jones Jr.
2022,1627885,6,0.6666666666666666,1.2331124206091368,-0.5664457539424702,0.2009196943906706,0.0043681384487047736,0.02127811662429387,-0.01205289881372395,0.0653849576688872,Harrison
2022,1627936,254,0.968503937007874,1.0739981082550087,-0.10549417124713478,0.005767111430945558,0.0043681384487047736,0.43098478089574993,-0.04546638228072511,0.04985516278649029,Caruso
2022,1628021,176,1.0511363636363635,1.1477157097497286,-0.09657934611336505,0.006542307480054763,0.0043681384487047736,0.40036296199319593,-0.03866679307731289,0.05117907385821833,Nwaba
2022,1628035,61,0.9344262295081968,1.1399680124810885,-0.20554178297289172,0.02284316716063112,0.0043681384487047736,0.16052660285459125,-0.03299492416531397,0.060555231175643875,McKinnie
2022,1628221,7,0.7142857142857143,0.9048175873620223,-0.19053187307630803,0.25184902017359095,0.0043681384487047736,0.01704857891716805,-0.0032482976743772843,0.06552608561207449,York
2022,1628238,6,0.6666666666666666,0.9126879192515606,-0.24602125258489393,0.20106855902225182,0.0043681384487047736,0.021262697962336135,-0.005231075586028208,0.06538547270007533,Bass
2022,1628365,172,0.9883720930232558,0.9294361644158802,0.05893592860737562,0.0060556103838412785,0.0043681384487047736,0.4190563797034463,0.0246974768766676,0.05037501527887731,Fultz
2022,1628366,381,1.1391076115485563,1.101094801373101,0.038012810175455325,0.004480323321566816,0.0043681384487047736,0.49366076976006423,0.018765433131958477,0.047029351044838394,Ball
2022,1628367,300,0.91,1.0507833809162603,-0.1407833809162603,0.004627590479158022,0.0043681384487047736,0.48557915470031354,-0.06836147510116992,0.04740317999004678,Jackson
2022,1628368,1092,1.0128205128205128,0.9734975024269545,0.03932301039355823,0.0010986385293760578,0.0043681384487047736,0.7990335925937578,0.03142040626636652,0.029628518206101268,Fox
2022,1628369,1562,1.0537772087067863,1.023042388119132,0.03073482058765431,0.0008857981006667699,0.0043681384487047736,0.8314029694986084,0.025553021103582756,0.02713770755370799,Tatum
2022,1628370,824,1.1516990291262137,1.0924131698950406,0.05928585923117313,0.0018228354775409043,0.0043681384487047736,0.7055656348650937,0.041830064906965246,0.03586265565969375,Monk
2022,1628372,188,0.8723404255319149,0.9587810295220721,-0.08644060399015718,0.005679902268198578,0.0043681384487047736,0.4347253929172936,-0.03757792553362926,0.049691022783541636,Smith Jr.
2022,1628373,221,0.9773755656108597,1.0005149751468754,-0.023139409536015676,0.006791467027074208,0.0043681384487047736,0.3914240927410439,-0.009057322384198395,0.0515591293511948,Ntilikina
2022,1628374,703,1.0839260312944523,1.1031129644277065,-0.019186933133254147,0.002136913773668782,0.0043681384487047736,0.6714993668584158,-0.012884013450934921,0.0378805523461527,Markkanen
2022,1628378,1373,1.0677348871085215,0.991422214462406,0.07631267264611552,0.0010754810786407622,0.0043681384487047736,0.8024327245432604,0.06123578582860042,0.029376882273795347,Mitchell
2022,1628379,639,1.1956181533646322,1.0372990927872046,0.15831906057742762,0.0026586749610967896,0.0043681384487047736,0.62163859974021,0.09841723912953758,0.04065384336050609,Kennard
2022,1628380,155,1.070967741935484,1.0134939329388049,0.05747380899667909,0.007767257295273775,0.0043681384487047736,0.35995022666419396,0.02068771057560923,0.052875571145784415,Collins
2022,1628381,644,1.1521739130434783,1.127629422011563,0.02454449103191525,0.0018076331450347905,0.0043681384487047736,0.7073024613042352,0.017360378918333384,0.03575672485866432,Collins
2022,1628382,15,0.8666666666666667,0.9506868726608001,-0.0840202059941334,0.10536384406049812,0.0043681384487047736,0.039807341021460454,-0.003344620992701824,0.06476306410175656,Jackson
2022,1628384,697,1.0516499282639886,1.1064315135841611,-0.05478158532017252,0.002000483784222356,0.0043681384487047736,0.6858843701107863,-0.037573833140996826,0.03704187576592461,Anunoby
2022,1628386,545,1.3559633027522935,1.280434511494599,0.07552879125769452,0.0014334592481713977,0.0043681384487047736,0.7529199156737059,0.05686713114468029,0.032852397420202115,Allen
2022,1628389,726,1.118457300275482,1.0742599533062291,0.044197346969252926,0.001183589860454357,0.0043681384487047736,0.7868069555021823,0.034774780010151496,0.030516499384224027,Adebayo
2022,1628391,15,1.4666666666666666,1.2670584311019266,0.19960823556473994,0.059094771261790247,0.0043681384487047736,0.06882978528137677,0.013738991994315525,0.06377680155982345,Wilson
2022,1628392,366,1.289617486338798,1.1457021409716353,0.14391534536716266,0.002553765517397042,0.0043681384487047736,0.6310602501994496,0.09081925385494186,0.040144487870183425,Hartenstein
2022,1628396,123,1.170731707317073,1.1993617019176654,-0.028629994600592346,0.006809732714828517,0.0043681384487047736,0.39078446913535714,-0.011188157241340622,0.051586216995607816,Bradley
2022,1628398,934,1.0428265524625269,0.995085866166205,0.04774068629632189,0.0014747609585864865,0.0043681384487047736,0.7475977497154656,0.035690829645002205,0.03320433667470983,Kuzma
2022,1628400,98,0.7653061224489796,1.0345889024287656,-0.269282779979786,0.01516381316521429,0.0043681384487047736,0.22364065481259462,-0.06022257724443519,0.0582343979596627,Ojeleye
2022,1628401,799,0.9874843554443054,1.0087780474247818,-0.02129369198047648,0.0018332448932824803,0.0043681384487047736,0.7043812981419383,-0.014998878399442604,0.035934710486414,White
2022,1628402,483,0.9813664596273292,1.0342916627809968,-0.052925203153667666,0.0032768376608747984,0.0043681384487047736,0.571373721263989,-0.0302400702745637,0.04327006965873777,Jackson
2022,1628404,569,1.1370826010544814,1.101820625808383,0.03526197524609853,0.002341177830406732,0.0043681384487047736,0.6510556764635387,0.022957509147289234,0.039041479430176496,Hart
2022,1628408,99,0.8787878787878788,1.0089348056945373,-0.13014692690665852,0.014909782487814828,0.0043681384487047736,0.22658763167919646,-0.029489683938105245,0.05812376710749158,Dozier
2022,1628411,18,1.0555555555555556,1.0298923815556975,0.02566317399985807,0.06971061016514271,0.0043681384487047736,0.05896614792286382,0.0015132585142458236,0.06411369706069756,Iwundu
2022,1628415,523,0.9560229445506692,1.0047378070810147,-0.048714862530345515,0.002392363923952326,0.0043681384487047736,0.6461263095434654,-0.03147595434664939,0.03931627237249534,Brooks
2022,1628418,148,1.1216216216216217,1.1339867200478557,-0.012365098426234011,0.007808449768504926,0.0043681384487047736,0.35873254238252833,-0.004435763195253127,0.05292584470296186,Bryant
2022,1628419,15,1.4,1.2222229826945703,0.1777770173054296,0.07257028749359531,0.0043681384487047736,0.05677447121131196,0.010093196151040021,0.06418831434226763,Oliver
2022,1628420,773,1.1280724450194048,1.018335811648152,0.10973663337125283,0.0018306664568654737,0.0043681384487047736,0.7046742904877621,0.07732858426140327,0.035916898343418005,Morris
2022,1628422,4,1.0,0.9873987303418584,0.012601269658141567,0.31637147547359,0.0043681384487047736,0.013618955249360116,0.00017161612755934945,0.06564029986714605,Dotson
2022,1628425,154,0.948051948051948,1.1035109850761256,-0.15545903702417752,0.010449044590204088,0.0043681384487047736,0.2948022196415037,-0.04582966917805824,0.055501365193346475,Brown
2022,1628427,41,1.2926829268292683,1.0949221260801656,0.19776080074910274,0.029844959232025882,0.0043681384487047736,0.12767445057057714,0.025249001580039072,0.06172875158506106,Čančar
2022,1628432,161,1.236024844720497,1.0273459536087095,0.2086788911117874,0.009496330009562114,0.0043681384487047736,0.31505992904475244,0.06574635662681735,0.05469838259947174,Reed
2022,1628436,27,0.9629629629629629,1.2146536609054885,-0.25169069794252563,0.037066744370420346,0.0043681384487047736,0.10542176426015062,-0.026533677424969714,0.06251113170395908,Kornet
2022,1628449,576,1.0486111111111112,1.169213065276148,-0.12060195416503694,0.0022818518993688607,0.0043681384487047736,0.656863878000986,-0.07921906730734334,0.03871519194894099,Boucher
2022,1628464,290,1.1551724137931034,1.167388214557597,-0.012215800764493467,0.0043202908718673995,0.0043681384487047736,0.5027535228216728,-0.006141536868436775,0.046605165544665234,Theis
2022,1628467,353,1.0339943342776203,1.1210911477583527,-0.0870968134807324,0.004846153899641331,0.0043681384487047736,0.47406119575626676,-0.04128921954523653,0.04793092438585828,Kleber
2022,1628470,439,1.0865603644646924,1.0951715788005159,-0.008611214335823458,0.00345766432361262,0.0043681384487047736,0.5581712925549835,-0.0048065326362945835,0.04393141205028708,Craig
2022,1628476,26,0.5769230769230769,0.9303287149052514,-0.3534056379821745,0.05740291938685232,0.0043681384487047736,0.0707149691419135,-0.024991068784487723,0.06371220976466764,Walton Jr.
2022,1628537,6,0.0,1.0892721147245763,-1.0892721147245763,0.21723771416892135,0.0043681384487047736,0.019711295514572253,-0.021470964549119172,0.06543727363585519,Morris
2022,1628539,77,0.8441558441558441,1.0554766764725891,-0.21132083231674503,0.02190427788032228,0.0043681384487047736,0.16626329280107516,-0.03513489741844589,0.060347969036349,Mulder
2022,1628591,4,1.5,1.3319253195525096,0.1680746804474904,0.29304673521535113,0.0043681384487047736,0.014687020843613867,0.0024685163350160314,0.06560475217742123,Sword
2022,1628778,35,0.8571428571428571,1.084401333305197,-0.22725847616233985,0.05106635437106921,0.0043681384487047736,0.07879820354641395,-0.01790755966228792,0.06343450942590174,Watson
2022,1628960,569,1.1757469244288226,1.1026635818157788,0.07308334261304372,0.003010737716093984,0.0043681384487047736,0.5919788259278782,0.04326379135495449,0.042217211873240734,Allen
2022,1628962,49,1.510204081632653,1.3580076050373713,0.15219647659528168,0.015152355955739374,0.0043681384487047736,0.22377191674562802,0.0340572972896573,0.05822947479951912,Azubuike
2022,1628963,445,1.0629213483146067,1.0652019239996648,-0.0022805756850581282,0.0025762061229373003,0.0043681384487047736,0.6290209829942057,-0.001434529959207948,0.04025528173849628,Bagley III
2022,1628964,617,1.13290113452188,1.1327484335431806,0.00015270097869946042,0.002286294398359599,0.0043681384487047736,0.6564253557133414,0.00010023679426056867,0.038739922737514844,Bamba
2022,1628966,263,1.0988593155893536,1.1122658870635262,-0.01340657147417268,0.004236943759377296,0.0043681384487047736,0.5076230933159626,-0.006805485282481079,0.04637640021973317,Bates-Diop
2022,1628969,858,1.2016317016317015,1.0864959762012976,0.11513572543040396,0.0015478462349300343,0.0043681384487047736,0.738362028013394,0.08501184772558637,0.033806373438685144,Bridges
2022,1628970,1206,1.1160862354892205,1.108537887445789,0.007548348043431519,0.0010836812260201004,0.0043681384487047736,0.801225775855327,0.006047931017524458,0.029466478091176876,Bridges
2022,1628971,506,1.0869565217391304,1.0956287743804694,-0.008672252641338973,0.0021784470905733587,0.0043681384487047736,0.667239192476271,-0.005786466849357224,0.03812538888413402,Brown
2022,1628972,256,1.02734375,1.1170463294482151,-0.08970257944821514,0.005874975753215311,0.0043681384487047736,0.42644632897736906,-0.038253335705492136,0.05005358970932777,Brown Jr.
2022,1628973,1008,1.0972222222222223,0.9485273541180583,0.148694868104164,0.0012219393361522892,0.0043681384487047736,0.7814092427367656,0.11619154428411803,0.03090039953355015,Brunson
2022,1628975,252,1.0396825396825398,1.0515422043989449,-0.011859664716405094,0.00680911943574509,0.0043681384487047736,0.39080591088283456,-0.004634827072259706,0.051585309181940285,Carter
2022,1628976,683,1.1537335285505124,1.0893529284888879,0.0643806000616245,0.001813775723088825,0.0043681384487047736,0.7065996594768991,0.0454913100804623,0.03579962720898124,Carter Jr.
2022,1628977,524,1.0400763358778626,1.026624091180139,0.013452244697723659,0.00210482756707403,0.0043681384487047736,0.6748279595562213,0.009077950840815854,0.03768814790230814,Diallo
2022,1628978,335,0.9253731343283582,1.0816967415783485,-0.15632360724999028,0.005008902789586127,0.0043681384487047736,0.4658333409975415,-0.07282074824205047,0.04830438821892698,DiVincenzo
2022,1628981,55,1.3272727272727274,1.2096622007306344,0.11761052654209303,0.01570190438393004,0.0043681384487047736,0.21764469987089313,0.025597307750911548,0.05845884250514985,Fernando
2022,1628982,48,0.5625,1.0644888000134776,-0.5019888000134776,0.03002412303729483,0.0043681384487047736,0.1270093404727966,-0.06375726641444238,0.06175227983840691,Frazier Jr.
2022,1628983,1052,0.9914448669201521,0.953958582265103,0.03748628465504911,0.0011797616244350329,0.0043681384487047736,0.7873498785338877,0.029514821669839653,0.03047761755285123,Gilgeous-Alexander
2022,1628984,810,0.9641975308641976,1.041242532404631,-0.07704500154043348,0.002131226311136324,0.0043681384487047736,0.6720869823609608,-0.05178094259130551,0.03784665718633409,Graham
2022,1628988,338,1.0088757396449703,0.9483731192234051,0.06050262042156529,0.0037930365131184007,0.0043681384487047736,0.5352340158296213,0.032383060496449644,0.045057320882457556,Holiday
2022,1628989,758,1.121372031662269,1.0459233468429041,0.07544868481936495,0.002063818228773795,0.0043681384487047736,0.6791305768584801,0.05123950884458897,0.037437976230536206,Huerter
2022,1628990,2,1.0,1.0445888219233939,-0.04458882192339386,0.46681921284671807,0.0043681384487047736,0.009270491741120738,-0.0004133603053871261,0.06578482847353168,Hutchison
2022,1628991,1035,0.9545893719806763,1.020638549510785,-0.06604917753010875,0.0013084874859434642,0.0043681384487047736,0.7694955593327206,-0.050824548806997195,0.03173129858477165,Jackson Jr.
2022,1628993,38,0.8947368421052632,1.0632033661457243,-0.16846652404046114,0.02710561419927779,0.0043681384487047736,0.13878670578497943,-0.023380913906621642,0.06133432075923175,Johnson
2022,1628994,5,0.0,1.135950056803137,-1.135950056803137,0.38153468087528597,0.0043681384487047736,0.011319270629731872,-0.012858126114814001,0.06571677341026222,King
2022,1628995,84,0.9166666666666666,1.1050746825488622,-0.18840801588219558,0.018910256498228778,0.0043681384487047736,0.18764775057140207,-0.03535434036991499,0.059569011193915826,Knox II
2022,1628997,409,1.17359413202934,1.1412601709545682,0.03233396107477171,0.003188050950934503,0.0043681384487047736,0.5780874747413429,0.018691857906099656,0.04292985352377136,Martin
2022,1628998,422,1.1113744075829384,1.1506630493879488,-0.03928864180501046,0.0031079444330603975,0.0043681384487047736,0.5842817044416468,-0.022955634599028853,0.042613555010799754,Martin
2022,1629001,692,1.0130057803468209,1.0696232726239843,-0.056617492277163395,0.0022015948131417305,0.0043681384487047736,0.6648882495842845,-0.03764430533601491,0.03825982908487236,Melton
2022,1629002,449,1.0311804008908685,1.1199080439558697,-0.08872764306500125,0.0029634043518950515,0.0043681384487047736,0.5958007158257873,-0.052863993251662696,0.0420190246690749,Metu
2022,1629003,402,0.9676616915422885,0.9882783708150653,-0.020616679272776772,0.0032509927669450225,0.0043681384487047736,0.573311880983564,-0.011819787173510508,0.043172129647276056,Milton
2022,1629004,234,0.9529914529914529,1.1049116387447306,-0.1519201857532777,0.0066683784883530784,0.0043681384487047736,0.3957895841248304,-0.060128427139456764,0.051373872237667956,Mykhailiuk
2022,1629005,5,1.2,0.9911788674148909,0.20882113258510904,0.23695491608192618,0.0043681384487047736,0.018100792140231796,0.0037798279154108434,0.06549100459303564,Newman
2022,1629006,104,0.9423076923076923,1.1479513681724514,-0.20564367586475907,0.013291003491766335,0.0043681384487047736,0.24735847661396856,-0.05086770638720354,0.0573379662736154,Okogie
2022,1629008,102,0.8235294117647058,1.0306023877114054,-0.2070729759466996,0.014144925885134729,0.0043681384487047736,0.23594896932974938,-0.04885865525066775,0.05777093286284403,Porter Jr.
2022,1629011,343,1.521865889212828,1.4417561774443313,0.0801097117684968,0.001983316940247668,0.0043681384487047736,0.6877381924625655,0.055094508370363095,0.03693240863477926,Robinson
2022,1629012,151,0.9735099337748344,1.0287795629916978,-0.0552696292168634,0.008274594716516549,0.0043681384487047736,0.3455058642478519,-0.019095981009230715,0.05346887878785902,Sexton
2022,1629013,483,1.0455486542443064,1.0652588574037096,-0.019710203159403195,0.003542907926445995,0.0043681384487047736,0.5521568502525085,-0.01088312369433311,0.04422941194952818,Shamet
2022,1629014,794,1.114609571788413,1.0347978297112614,0.07981174207715158,0.0019793347627353533,0.0043681384487047736,0.6881696547898817,0.054924018993412475,0.0369068844578515,Simons
2022,1629018,1083,1.0240073868882733,1.0165266490986147,0.007480737789658631,0.0013936419574732332,0.0043681384487047736,0.7581230350294301,0.005671319637355352,0.032504646906926456,Trent Jr.
2022,1629020,361,1.18005540166205,1.3358462334486698,-0.1557908317866199,0.0021101297418016436,0.0043681384487047736,0.6742756428494371,-0.10504596325297165,0.037720141677212986,Vanderbilt
2022,1629021,396,1.1616161616161615,1.150764316434713,0.01085184518144855,0.003586600315289034,0.0043681384487047736,0.5491240602993325,0.005959009287776774,0.04437891985844609,Wagner
2022,1629022,759,0.9657444005270093,1.0345337613582424,-0.0687893608312331,0.0019051130159647568,0.0043681384487047736,0.6963117090564268,-0.047898837405295144,0.036421868432194186,Walker IV
2022,1629023,529,1.1531190926275992,1.1384099480936816,0.014709144533917584,0.0028753547373523954,0.0043681384487047736,0.6030430810803966,0.008870247839790535,0.04164087871325608,Washington
2022,1629026,316,1.0537974683544304,1.0736880493750187,-0.01989058102058827,0.004165852335733065,0.0043681384487047736,0.5118517888102591,-0.010181029475863496,0.04617682286563645,Williams
2022,1629027,1543,1.0725858716785484,0.9993995468436632,0.07318632483488519,0.0009033854464362661,0.0043681384487047736,0.8286291659857693,0.060644323309494506,0.027360035252977383,Young
2022,1629028,697,1.278335724533716,1.0554760315508398,0.2228596929828761,0.0013057005138128806,0.0043681384487047736,0.7698735331688896,0.17157377923766082,0.031705271924863804,Ayton
2022,1629029,1401,1.0585296216987865,0.988895890681313,0.0696337310174735,0.0010029329994721524,0.0043681384487047736,0.8132713353100949,0.05663111740720465,0.02855970342470797,Dončić
2022,1629033,39,0.9743589743589743,1.0636687340468465,-0.08930975968787214,0.045968963739863734,0.0043681384487047736,0.08677770985586794,-0.0077500964134914595,0.06315917508796967,Pinson
2022,1629035,30,0.7333333333333333,1.0458848693876475,-0.3125515360543142,0.05202914802091653,0.0043681384487047736,0.07745298971179569,-0.024208050906420735,0.0634808086462164,Edwards
2022,1629048,252,1.130952380952381,1.1273281274639304,0.003624253488450524,0.004865996193742105,0.0043681384487047736,0.47304253379906275,0.001714426053306728,0.04797731931803152,Bitadze
2022,1629052,504,0.9900793650793651,1.126536067076612,-0.1364567019972469,0.002838876345590796,0.0043681384487047736,0.6060953908631078,-0.082705778132912,0.041480475748150294,Brissett
2022,1629056,266,1.0338345864661653,1.0856341638091922,-0.05179957734302687,0.0058451539487244485,0.0043681384487047736,0.42769151011521744,-0.022154239457169166,0.04999922718588644,Davis
2022,1629057,368,1.4728260869565217,1.32261873168001,0.15020735527651174,0.002091171941898899,0.0043681384487047736,0.6762546130402842,0.10157841691832195,0.03760538089648262,Williams III
2022,1629060,381,1.125984251968504,1.0135244862314698,0.11245976573703409,0.003383756848512933,0.0043681384487047736,0.5634929628464637,0.06337028659618056,0.0436660414065732,Hachimura
2022,1629067,13,0.5384615384615384,1.0022500613987755,-0.46378852293723705,0.09963826917247474,0.0043681384487047736,0.0419987436217849,-0.019478535269567325,0.06468911903785025,Bonga
2022,1629076,38,1.2105263157894737,1.3263425151388857,-0.11581619934941201,0.018245517445772054,0.0043681384487047736,0.19316374446874157,-0.022371490736470656,0.059366425440606406,Cook
2022,1629083,1,0.0,0.9968634902751854,-0.9968634902751854,1.9968536525819316,0.0043681384487047736,0.002182735800840529,-0.002175889628774492,0.06601972399616465,Kulboka
2022,1629103,170,0.9529411764705882,1.063361218640308,-0.1104200421697199,0.008411172766056834,0.0043681384487047736,0.3418132930090207,-0.03774303822822689,0.053619498890176885,Martin
2022,1629109,88,1.0681818181818181,1.0914646718198127,-0.02328285363799454,0.021265707095881162,0.0043681384487047736,0.17040511698126223,-0.003967517397840066,0.06019788455886874,Clark
2022,1629111,203,1.1379310344827587,1.150053993996075,-0.012122959513316323,0.00673497455032388,0.0043681384487047736,0.3934156528071827,-0.004769362030886387,0.05147469678740644,Landale
2022,1629117,110,1.0545454545454545,1.1392526412687078,-0.08470718672325339,0.010463811041282602,0.0043681384487047736,0.2945087192788499,-0.024947005075579756,0.055512913709730896,Gabriel
2022,1629130,726,1.118457300275482,1.1109909006737628,0.0074663996017192424,0.002648601011940127,0.0043681384487047736,0.6225310877230866,0.004648065865433501,0.04060586741971602,Robinson
2022,1629139,138,1.0072463768115942,1.0744088223506447,-0.06716244553905049,0.011333991644773379,0.0043681384487047736,0.2781876358621606,-0.01868376194322957,0.05615136989015484,Watanabe
2022,1629150,5,0.0,1.0800718947984722,-1.0800718947984722,0.1902679204396221,0.0043681384487047736,0.02244259606186852,-0.024239617252739064,0.06534604870960581,Terry
2022,1629162,197,1.0304568527918783,1.097556931805484,-0.06710007901360582,0.006983912187048294,0.0043681384487047736,0.3847884923052937,-0.025819338237211463,0.051839454480606555,McLaughlin
2022,1629164,152,0.9671052631578947,1.0312808531151303,-0.0641755899572356,0.008680199463736948,0.0043681384487047736,0.3347658895727792,-0.021483798460891892,0.05390579463422333,Goodwin
2022,1629168,25,1.04,1.0224529268884286,0.017547073111571443,0.05246270937069333,0.0043681384487047736,0.07686210247269608,0.0013487049315974943,0.06350113497919153,Johnson
2022,1629185,81,0.8024691358024691,1.0058905034954262,-0.20342136769295704,0.020387779795612446,0.0043681384487047736,0.17644824989303276,-0.03589334432026939,0.05997822991836579,Chiozza
2022,1629203,3,1.3333333333333333,1.0546863157787147,0.2786470175546185,0.30888120684479503,0.0043681384487047736,0.013944605198175386,0.0038856226494482014,0.06562946352505569,Jones
2022,1629216,508,1.0767716535433072,1.0436905575159003,0.03308109602740683,0.0032440129732830775,0.0043681384487047736,0.5738375666158346,0.018983175645351888,0.04314552712227491,Vincent
2022,1629234,371,1.2048517520215634,1.129439029233604,0.0754127227879593,0.0024745813467841517,0.0043681384487047736,0.6383628994401431,0.04814068437359745,0.03974520000495186,Eubanks
2022,1629308,234,1.1025641025641026,1.0861789594141538,0.016385143149948878,0.005524945266015624,0.0043681384487047736,0.4415345684586909,0.0072346071098465525,0.049390832386062254,Toscano-Anderson
2022,1629309,1,0.0,0.5757958341974042,-0.5757958341974042,0.8200508257157237,0.0043681384487047736,0.00529844489098089,-0.003050822495951316,0.0659165692967871,Palmer
2022,1629312,46,0.8913043478260869,1.1255891657847106,-0.23428481795862366,0.03580144122806598,0.0043681384487047736,0.10874244848598151,-0.02547670474791319,0.0623950028324934,Highsmith
2022,1629597,3,0.0,1.0250048010902857,-1.0250048010902857,0.57715412843089,0.0043681384487047736,0.007511558365845352,-0.007699383388661387,0.06584319951063461,Cheatham
2022,1629599,464,1.1163793103448276,1.0542302352887056,0.062149075056121994,0.003313344481390816,0.0043681384487047736,0.5686582250402028,0.035341582709304674,0.04340691870813283,Coffey
2022,1629600,2,1.0,0.9751773561687281,0.024822643831271862,0.5703868316042239,0.0043681384487047736,0.007600001176679718,0.0001886521223259677,0.06584026572967881,Cumberland
2022,1629603,47,1.0638297872340425,1.161749000502508,-0.09791921326846542,0.019740753976452145,0.0043681384487047736,0.1811837048203322,-0.017741365833072793,0.05980554273142502,Diakite
2022,1629604,307,0.9087947882736156,1.0866855810954872,-0.1778907928218716,0.004449789903997095,0.0043681384487047736,0.49537014522989953,-0.0881217878752325,0.046949899584403605,Elleby
2022,1629605,12,0.8333333333333334,1.2442689655983215,-0.4109356322649881,0.06855441987099929,0.0043681384487047736,0.05990105873074504,-0.024615479442860896,0.06408184088292786,Fall
2022,1629607,26,1.2692307692307692,1.086797371517779,0.18243339771299016,0.05481587199355582,0.0043681384487047736,0.07380605700869648,0.01346468975189515,0.0636061582972733,Harper
2022,1629610,2,1.0,1.4713136458444254,-0.47131364584442537,0.5730351214665564,0.0043681384487047736,0.007565143378902701,-0.003565555307246447,0.06584142203082664,Jeffries
2022,1629611,685,1.0861313868613138,1.095529714861059,-0.00939832799974516,0.0017964965255997392,0.0043681384487047736,0.7085802268767069,-0.006659469386321132,0.035678591840103205,Mann
2022,1629617,79,1.0506329113924051,1.0521572505498222,-0.0015243391574171206,0.014127440874497674,0.0043681384487047736,0.2361720264271476,-0.00036000626776945213,0.05776249942272088,Perry
2022,1629619,17,0.6470588235294118,1.0650940138827978,-0.418035190353386,0.07829091776089271,0.0043681384487047736,0.052845249498476514,-0.022091173933367805,0.06432187095023809,Powell
2022,1629620,91,0.8131868131868132,1.0169453492095422,-0.20375853602272898,0.01823149646727735,0.0043681384487047736,0.19328358466603773,-0.03938318024877704,0.059362016399559486,Robinson
2022,1629622,563,1.2060390763765543,1.1033285713056509,0.1027105050709034,0.0032195532006523433,0.0043681384487047736,0.5756873961891787,0.05912914322554382,0.04305178508466384,Strus
2022,1629623,61,1.0,1.1211511544291455,-0.12115115442914548,0.02251556752166984,0.0043681384487047736,0.16248274897509993,-0.01968497261315441,0.0604846369391054,Wigginton
2022,1629626,27,1.1481481481481481,1.1252256787906956,0.02292246935745257,0.03623135250896967,0.0043681384487047736,0.10759096593744538,0.002466250619839815,0.06243529621664441,Bol
2022,1629628,1193,0.9321039396479464,1.0588372114896631,-0.1267332718417168,0.0010890868928736227,0.0043681384487047736,0.8004321198584361,-0.10144138143686082,0.02952524564458137,Barrett
2022,1629629,408,0.9705882352941176,1.0581561424181085,-0.08756790712399087,0.0035098265666120756,0.0043681384487047736,0.5544754819565657,-0.04855425750650262,0.044114768242689305,Reddish
2022,1629630,1172,1.0648464163822526,1.0456968540226679,0.01914956235958476,0.0009807835778642452,0.0043681384487047736,0.8166390212845647,0.01563827986335904,0.02830099187518047,Morant
2022,1629631,575,1.0121739130434784,1.0471498977588314,-0.034975984715353015,0.0022642790470933055,0.0043681384487047736,0.6586042648057328,-0.023035332699311618,0.03861688538872486,Hunter
2022,1629632,641,1.0826833073322932,1.0460277755477847,0.03665553178450853,0.0024192475801803814,0.0043681384487047736,0.6435671155456958,0.023590294859349728,0.03945818276311762,White
2022,1629633,135,0.8444444444444444,1.0544444197043277,-0.20999997525988323,0.009571302593281449,0.0043681384487047736,0.3133653950361241,-0.0658067252048896,0.05476600239340023,Culver
2022,1629634,447,1.2997762863534676,1.1678952535479699,0.1318810328054978,0.0019954464336139986,0.0043681384487047736,0.6864273093679714,0.09052674250534701,0.03700984904607923,Clarke
2022,1629635,8,1.375,1.0932209087358158,0.2817790912641842,0.14622912896538579,0.0043681384487047736,0.029005429671535136,0.008173123614572377,0.06512632890110834,Doumbouya
2022,1629636,1170,1.0726495726495726,1.0136121884549825,0.05903738419459015,0.0011696206170999195,0.0043681384487047736,0.788791711014975,0.0465681992926992,0.03037411805798872,Garland
2022,1629637,396,1.2878787878787878,1.2315684870389416,0.05631030083984623,0.0023584938288059424,0.0043681384487047736,0.6493796997509227,0.036566766252263475,0.039135125072170235,Hayes
2022,1629638,677,0.9025110782865583,1.0291347100556645,-0.12662363176910618,0.0022125112048861817,0.0043681384487047736,0.6637852915207468,-0.08405090432727184,0.03832273992198748,Alexander-Walker
2022,1629639,1116,1.0519713261648747,0.990842581878393,0.06112874428648163,0.0012289049028389668,0.0043681384487047736,0.7804367724791664,0.04770711989664601,0.030969058365656953,Herro
2022,1629640,1010,1.0900990099009902,1.0251147252274715,0.06498428467351869,0.0013541974819473624,0.0043681384487047736,0.7633488319527872,0.049605677800817906,0.03215159507828382,Johnson
2022,1629641,190,1.0263157894736843,1.0371840325983421,-0.01086824312465784,0.007488373829220367,0.0043681384487047736,0.36841681147984157,-0.004004043478374152,0.052524687617638045,Langford
2022,1629642,315,1.0825396825396825,1.1447971338906935,-0.06225745135101102,0.004533461266331751,0.0043681384487047736,0.4907138703761463,-0.030550594912209253,0.04716600814359849,Little
2022,1629643,575,0.9565217391304348,1.072782303421168,-0.11626056429073328,0.002861821348513112,0.0043681384487047736,0.6041718863202599,-0.07024136443219017,0.04158163058903242,Okeke
2022,1629644,69,1.0,1.0957166116101014,-0.09571661161010137,0.01915481657196992,0.0043681384487047736,0.18569684144128779,-0.01777427244945832,0.059640497447640814,Okpala
2022,1629645,808,1.021039603960396,1.0616755524580075,-0.04063594849761154,0.0018451088445033646,0.0043681384487047736,0.7030363097698846,-0.028568547275759904,0.03601636451897139,Porter Jr.
2022,1629646,47,1.2765957446808511,1.1641385986038257,0.1124571460770254,0.019464355469058378,0.0043681384487047736,0.18328499164953332,0.020611707079657947,0.05972875546677591,Bassey
2022,1629647,648,0.9691358024691358,1.0974602570521013,-0.12832445458296549,0.0020705722269693068,0.0043681384487047736,0.6784181909598641,-0.08705764433408669,0.03747951259651404,Bazley
2022,1629649,188,1.0053191489361701,1.04620103143653,-0.040881882500359845,0.007749467659015259,0.0043681384487047736,0.3604786630192465,-0.014737046345439648,0.0528537391376685,Brazdeikis
2022,1629650,108,1.1851851851851851,1.3779083742078952,-0.19272318902271013,0.006479123426551852,0.0043681384487047736,0.4026950302240612,-0.07760867042837771,0.051079455792722786,Brown
2022,1629651,264,1.3484848484848484,1.3124605590046903,0.03602428948015812,0.002757188149298016,0.0043681384487047736,0.6130439620731423,0.022084473153785953,0.04111298514127587,Claxton
2022,1629652,725,0.9875862068965517,1.0442925754293793,-0.05670636853282751,0.0020979655639780668,0.0043681384487047736,0.6755441050958901,-0.03830765298374671,0.03764662361274325,Dort
2022,1629653,23,1.0434782608695652,1.1359024389263552,-0.09242417805679004,0.05934525694451009,0.0043681384487047736,0.06855918479538382,-0.006336526302956927,0.06378606773887384,Dotson
2022,1629655,411,1.3868613138686132,1.25837422245873,0.12848709140988324,0.0018468412172951386,0.0043681384487047736,0.7028403443701364,0.09030591157363953,0.036028246101644706,Gafford
2022,1629656,235,1.1148936170212767,1.1116812623499415,0.0032123546713351825,0.007890975792429322,0.0043681384487047736,0.3563176231809612,0.00114461858130441,0.053025406541929665,Grimes
2022,1629657,65,1.0153846153846153,1.0066864234588717,0.008698191925743615,0.025145315001471734,0.0043681384487047736,0.14800499223443636,0.0012873758284233207,0.061005181349827006,Guy
2022,1629658,90,1.0777777777777777,1.0238999338230614,0.05387784395471629,0.0139554900149836,0.0043681384487047736,0.23838828959892086,0.012843847067642375,0.05767863898521496,Hoard
2022,1629659,537,0.925512104283054,1.0150825275766588,-0.08957042329360487,0.0024175112828070883,0.0043681384487047736,0.6437317901069349,-0.057659328927428165,0.03944906672768216,Horton-Tucker
2022,1629660,327,0.9235474006116208,0.9838203639759087,-0.06027296336428789,0.004816797683171998,0.0043681384487047736,0.4755763552394159,-0.028664396236266876,0.0478618332921818,Jerome
2022,1629661,605,1.1966942148760331,1.074915795016061,0.12177841985997206,0.0027426170285961412,0.0043681384487047736,0.6143001911187673,0.07480850659412233,0.041046195497660865,Johnson
2022,1629663,47,0.8085106382978723,0.9536440776724103,-0.14513343937453804,0.033469267015819,0.0043681384487047736,0.11544497819228977,-0.016754926743565553,0.06215994530847938,King
2022,1629667,253,1.134387351778656,1.084539943895428,0.049847407883228056,0.005445747101646234,0.0043681384487047736,0.4450977572841718,0.02218696945525415,0.049233015565568576,McDaniels
2022,1629669,411,1.1070559610705597,1.0206704895512564,0.08638547151930331,0.0033128856057861094,0.0043681384487047736,0.5686921975137994,0.04912674363157833,0.04340520931024682,Nowell
2022,1629670,462,0.9761904761904762,1.0533939688999956,-0.07720349270951943,0.0032234400705501067,0.0043681384487047736,0.5753926456303728,-0.04442232192203559,0.043066735541770304,Nwora
2022,1629671,9,0.5555555555555556,1.1086034304241166,-0.553047874868561,0.2172464928174763,0.0043681384487047736,0.019710514706306588,-0.010900858270888377,0.06543729969652166,Oni
2022,1629672,233,1.150214592274678,1.083262738259969,0.06695185401470893,0.006127087973077704,0.0043681384487047736,0.41620240223106136,0.027865522474745188,0.05049860129821405,Paschall
2022,1629673,1052,1.0988593155893536,1.0285516299681363,0.07030768562121725,0.001473579429343715,0.0043681384487047736,0.7477489567099762,0.0525724985719582,0.033194389298811404,Poole
2022,1629674,38,0.8947368421052632,1.0684400427649814,-0.17370320065971823,0.023179090638817193,0.0043681384487047736,0.1585690682292036,-0.027543954677041904,0.060625793231903355,Queta
2022,1629675,476,1.0987394957983194,1.1242480070502259,-0.02550851125190645,0.0026650035975247,0.0043681384487047736,0.6210792303059725,-0.015842806534585297,0.0406838835795366,Reid
2022,1629676,323,1.1640866873065014,1.0648177704504733,0.09926891685602812,0.003813374685069066,0.0043681384487047736,0.533903494045961,0.05300002155959141,0.04512176934102641,Roby
2022,1629678,127,1.0551181102362204,1.032220813337408,0.02289729689881237,0.012729349966379404,0.0043681384487047736,0.255484217486061,0.005849897980739089,0.05702760748327654,Schofield
2022,1629680,300,1.15,1.2621674826110725,-0.11216748261107257,0.00449836724799885,0.0043681384487047736,0.4926561373922935,-0.05525999872418826,0.04707598361129712,Thybulle
2022,1629681,127,0.889763779527559,1.0439640895473203,-0.1542003100197613,0.013323156071013347,0.0043681384487047736,0.24690892143795323,-0.03807343223237728,0.057355087792134225,Tillie
2022,1629682,13,0.7692307692307693,0.9887255063164887,-0.21949473708571943,0.12662308382967255,0.0043681384487047736,0.03334680273019959,-0.00731944769791451,0.06498057400144766,Waters
2022,1629683,21,1.1904761904761905,1.0914694839995849,0.09900670647660559,0.05595834082431546,0.0043681384487047736,0.07240831060164873,0.007168908354204325,0.06365413516151133,Weatherspoon
2022,1629684,432,1.1944444444444444,1.090522855667418,0.1039215887770264,0.003721632105006801,0.0043681384487047736,0.5399582620672323,0.05611332046730877,0.04482773698808683,Williams
2022,1629685,98,0.9693877551020408,1.1461972271335514,-0.17680947203151065,0.017611639582201175,0.0043681384487047736,0.19873442045514278,-0.035138127955162045,0.05916112731881978,Windler
2022,1629686,10,0.3,0.9522908760973703,-0.6522908760973702,0.16902589009230057,0.0043681384487047736,0.02519197740233464,-0.016432497010394016,0.06525409108718574,Sirvydis
2022,1629712,33,1.0,1.0067562262226515,-0.006756226222651485,0.05187151633588067,0.0043681384487047736,0.07767007933167512,-0.0005247566266960846,0.06347333919735225,Louzada
2022,1629717,288,0.9375,1.0927157331371575,-0.15521573313715753,0.006583283080201635,0.0043681384487047736,0.3988649726590306,-0.061910119154003726,0.0512429607438064,Brooks
2022,1629718,39,0.5384615384615384,1.0868860516749355,-0.548424513213397,0.03193716566542994,0.0043681384487047736,0.12031681197249991,-0.06598468903740608,0.061988530844843494,Brown Jr.
2022,1629719,31,1.3548387096774193,1.076289652536825,0.2785490571405942,0.02730560451066205,0.0043681384487047736,0.13791039645388645,0.03841481090211561,0.06136551754428894,Cacok
2022,1629723,262,1.2290076335877862,1.163090597817142,0.06591703577064423,0.005494230191545766,0.0043681384487047736,0.44290967089563255,0.029195292619591674,0.04932998769473172,Konchar
2022,1629726,460,1.1021739130434782,1.1073627707845268,-0.0051888577410486025,0.004047269386276295,0.0043681384487047736,0.5190643798090625,-0.0026933512252748457,0.045834412551135746,Mathews
2022,1629730,9,1.7777777777777777,1.0940597023432823,0.6837180754344954,0.1738789370018276,0.0043681384487047736,0.024506087618346543,0.016755255062845014,0.06527704393699017,Tucker
2022,1629731,217,1.1474654377880185,1.1301942334324233,0.01727120435559515,0.007589298075643051,0.0043681384487047736,0.3653072663033031,0.006309296448908166,0.05265382923562238,Wade
2022,1629735,15,1.0666666666666667,1.079046927885477,-0.012380261218810418,0.05935030871869193,0.0043681384487047736,0.0685537492341755,-0.0008487133230479173,0.06378625385513799,Silva
2022,1629744,134,1.0820895522388059,1.013498135469027,0.06859141676977898,0.012846300688698862,0.0043681384487047736,0.2537485197071368,0.017404970469946695,0.057094043327391944,Thomas
2022,1629750,325,1.1938461538461538,1.2638786675210216,-0.07003251367486785,0.003605383003692899,0.0043681384487047736,0.5478305256695906,-0.03836594878046564,0.044442534425404766,Green
2022,1629751,6,1.0,1.0405470040718339,-0.04054700407183387,0.3396709400537002,0.0043681384487047736,0.012696634544305812,-0.0005148104925665544,0.06567098134779652,Mathias
2022,1629752,3,1.6666666666666667,1.2775774242803446,0.38908924238632214,0.5192897273053285,0.0043681384487047736,0.008341588533984758,0.003245622362986561,0.06581566101701175,Morgan
2022,1629755,37,1.2702702702702702,1.0077129251204913,0.2625573451497789,0.04572580330841547,0.0043681384487047736,0.08719893654772927,0.022894721279855826,0.0631446072225053,Gravett
2022,1629760,1,0.0,0.8974671088506048,-0.8974671088506048,1.8869541150831508,0.0043681384487047736,0.0023095685785686233,-0.002072761834900183,0.06601552797180983,Mooney
2022,1629783,4,0.5,1.329307971546081,-0.8293079715460809,0.36255612618649047,0.0043681384487047736,0.011904741304169894,-0.00987269686274198,0.06569731265806955,Buchanan
2022,1629833,111,0.8018018018018018,1.0907775528775665,-0.2889757510757647,0.014953102443124096,0.0043681384487047736,0.22607960188271858,-0.06533152275696846,0.05814285379350589,Blevins
2022,1629873,3,0.0,1.0067803897068435,-1.0067803897068435,0.5675136751573082,0.0043681384487047736,0.007638183877821509,-0.007689973741165667,0.06583899911169508,Paige
2022,1629875,51,1.0784313725490196,0.93143083060473,0.14700054194428958,0.02449201704175519,0.0043681384487047736,0.1513553331390993,0.022249315997606087,0.06088511639640146,Moon
2022,1629958,1,2.0,1.211598306718057,0.7884016932819431,0.9552261565940511,0.0043681384487047736,0.004552067963795206,0.0035888580905906273,0.06594129499494988,Caver
2022,1629962,44,1.0227272727272727,1.1006224156837012,-0.07789514295642852,0.04354042787101749,0.0043681384487047736,0.09117656369747315,-0.007102211463490582,0.06300687736427715,Cannady
2022,1630162,1243,1.0563153660498794,1.1021505472062756,-0.045835181156396176,0.001168749567737928,0.0043681384487047736,0.7889158017523321,-0.036160098690461676,0.030365193927911264,Edwards
2022,1630163,1250,1.0368,1.024286029212884,0.012513970787116024,0.0011492741414009986,0.0043681384487047736,0.7917005258113265,0.009907317252147337,0.030164232827117145,Ball
2022,1630165,459,0.8627450980392157,0.9972855311735662,-0.1345404331343505,0.0029166298341670367,0.0043681384487047736,0.5996262721183989,-0.0806739783695453,0.041819706773372815,Hayes
2022,1630166,578,1.0069204152249136,1.0136059247292877,-0.006685509504374076,0.002449235858301817,0.0043681384487047736,0.6407361913831543,-0.004283647897288525,0.03961456872979128,Avdija
2022,1630167,472,1.173728813559322,1.2690746248020341,-0.09534581124271213,0.002532617383077298,0.0043681384487047736,0.6329942045749404,-0.06035334594713297,0.04003913243183076,Toppin
2022,1630168,226,1.3805309734513274,1.2855362265783998,0.09499474687292753,0.003330732486841613,0.0043681384487047736,0.5673739026506707,0.053897540264605484,0.043471492840075086,Okongwu
2022,1630169,899,1.135706340378198,1.0168760153062388,0.11883032507195912,0.0015684299001702897,0.0043681384487047736,0.7358019300043104,0.08743558253098711,0.03397136658454833,Haliburton
2022,1630170,762,1.0354330708661417,1.041246231055695,-0.005813160189553246,0.0019467911367342461,0.0043681384487047736,0.6917160974806177,-0.004021056480347459,0.03669641355380207,Vassell
2022,1630171,431,1.088167053364269,1.2380780277044174,-0.14991097434014833,0.0029590675961525758,0.0043681384487047736,0.5961533525825415,-0.08936992994179478,0.04200069127960539,Okoro
2022,1630172,102,1.2058823529411764,1.0659743463828992,0.13990800655827718,0.01202717160727501,0.0043681384487047736,0.2664260958646283,0.0372751439675246,0.05660699935184859,Williams
2022,1630173,603,0.9718076285240465,1.1046548052907799,-0.1328471767667334,0.001923394672783652,0.0043681384487047736,0.6942883974949777,-0.09223425346910738,0.03654299666307265,Achiuwa
2022,1630174,182,0.9615384615384616,1.054346813095075,-0.09280835155661349,0.008983374247589293,0.0043681384487047736,0.32716431074639374,-0.030363580368528452,0.05421290846181797,Nesmith
2022,1630175,910,0.9296703296703297,0.9959451095822411,-0.06627477991191144,0.0015548906726293942,0.0043681384487047736,0.7374838717188084,-0.048876581286748357,0.03386305942100016,Anthony
2022,1630176,13,1.0769230769230769,0.983969355544182,0.0929537213788949,0.07252595269681797,0.0043681384487047736,0.05680720564650453,0.0052804411659787675,0.06418720051191514,Carey Jr.
2022,1630177,317,0.889589905362776,0.9631715878050424,-0.07358168244226637,0.004621576102236346,0.0043681384487047736,0.48590402108457165,-0.03575363537686525,0.047388209628820135,Maledon
2022,1630178,992,1.1068548387096775,1.0251469647024247,0.08170787400725277,0.0012888470571805477,0.0043681384487047736,0.772167162910409,0.06309213725962153,0.03154687584482072,Maxey
2022,1630179,1,2.0,0.8781677916369823,1.1218322083630177,0.9851569130053902,0.0043681384487047736,0.004414378839915015,0.004952192362532837,0.06594585529634893,Terry
2022,1630180,1126,0.9866785079928952,1.036391633103961,-0.04971312511106585,0.0013622026584749526,0.0043681384487047736,0.7622824482877284,-0.037895442721697425,0.03222395347511443,Bey
2022,1630181,456,0.9078947368421053,0.997835964471897,-0.08994122762979173,0.002995881199355708,0.0043681384487047736,0.5931731116246063,-0.05335071785650057,0.04215538130629923,Hampton
2022,1630182,255,1.1294117647058823,1.1359810196273117,-0.006569254921429346,0.004802485132394979,0.0043681384487047736,0.4763185851077033,-0.003129058209387043,0.04782795127603897,Green
2022,1630183,552,1.068840579710145,1.1245850421098829,-0.05574446239973785,0.0025431395706966256,0.0043681384487047736,0.6320304922537479,-0.03523220001092685,0.0400916668989626,McDaniels
2022,1630184,143,0.916083916083916,1.039914603540604,-0.1238306874566879,0.00944702301103857,0.0043681384487047736,0.31618439360504763,-0.039153330823189045,0.05465346505134108,Lewis Jr.
2022,1630186,58,0.9137931034482759,1.0437754981788154,-0.12998239473053952,0.021658821389190848,0.0043681384487047736,0.167831297850804,-0.021815114005381955,0.06029119424647893,Ramsey
2022,1630187,6,1.0,1.0178477538170405,-0.017847753817040513,0.17931970591135318,0.0043681384487047736,0.023780225980236963,-0.00042442361900886023,0.06530132563188601,Oturu
2022,1630188,350,1.12,1.0734714273864439,0.04652857261355625,0.003687275332666966,0.0043681384487047736,0.5422612130498072,0.025230640226903054,0.04471539326384842,Smith
2022,1630190,142,0.8380281690140845,1.0818208780877945,-0.24379270907370998,0.011936179507681496,0.0043681384487047736,0.26791298233936917,-0.06531523176053183,0.05654960167535234,Hughes
2022,1630191,490,1.0510204081632653,1.100059255659308,-0.049038847496042814,0.0020857407734380627,0.0043681384487047736,0.6768237053023827,-0.033190654466030166,0.037572314256359124,Stewart
2022,1630192,186,1.2311827956989247,1.1174312737242598,0.11375152197466498,0.00737784582772253,0.0043681384487047736,0.37188356002409023,0.04230232095009694,0.052380335735105164,Nnaji
2022,1630193,724,0.9737569060773481,1.0112101677472478,-0.03745326166989971,0.002161393021121643,0.0043681384487047736,0.6689819122383214,-0.025055554611491733,0.03802542355278267,Quickley
2022,1630194,95,1.1578947368421053,1.198165154985667,-0.04027041814356158,0.009587259025400929,0.0043681384487047736,0.31300709684621114,-0.012604926671899198,0.054780289468506646,Reed
2022,1630195,53,0.7358490566037735,1.065595009867204,-0.3297459532634305,0.024166567540521613,0.0043681384487047736,0.15308160001207005,-0.05047803812307121,0.060823160275529954,Bolmaro
2022,1630197,456,0.9407894736842105,1.03323290786377,-0.09244343417955958,0.003046841920797059,0.0043681384487047736,0.5890964279111426,-0.054458096859017376,0.04236606769516699,Pokusevski
2022,1630198,175,0.9657142857142857,1.0754732181911122,-0.10975893247682644,0.0102061929751846,0.0043681384487047736,0.29971449953064616,-0.032896343516310024,0.055307721157815286,Joe
2022,1630199,46,0.9130434782608695,0.9733528888672554,-0.06030941060638584,0.029698838063603142,0.0043681384487047736,0.12822207591937684,-0.007732997825424876,0.06170937261801161,Stanley
2022,1630200,335,1.0208955223880598,0.9739679189122403,0.04692760347581948,0.0032393263950595877,0.0043681384487047736,0.5741910792115222,0.02694541128459117,0.04312762825263678,Jones
2022,1630201,181,0.9613259668508287,0.9977468842465779,-0.03642091739574915,0.008199078526321476,0.0043681384487047736,0.34758200303099723,-0.012659255420640982,0.05338400638006908,Flynn
2022,1630202,373,1.128686327077748,1.0244490639054746,0.10423726317227344,0.0044777472182970495,0.0043681384487047736,0.493804533897541,0.0514728331555398,0.047022674084341326,Pritchard
2022,1630205,319,1.0344827586206897,1.1234956721549607,-0.08901291353427099,0.003451044567737673,0.0043681384487047736,0.5586438429077951,-0.04972651608520443,0.04390791271931569,Stevens
2022,1630206,46,0.9130434782608695,1.0666508846491396,-0.15360740638827008,0.030623373752069888,0.0043681384487047736,0.12483422904506737,-0.01917546215209205,0.06182916183402939,Scrubb
2022,1630207,1,0.0,0.8803443138040129,-0.8803443138040129,0.9856825167609674,0.0043681384487047736,0.004412035309223337,-0.0038841101967772946,0.06594593291199626,Hinton
2022,1630208,90,1.3333333333333333,1.2992401799247355,0.034093153408597754,0.008202277971922392,0.0043681384487047736,0.347493535817713,0.011847150425129347,0.05338762566572007,Richards
2022,1630209,247,1.05668016194332,1.0918513478017258,-0.03517118585840584,0.0036962590279027282,0.0043681384487047736,0.5416571369870455,-0.019050723836503372,0.044744888899362706,Yurtseven
2022,1630210,101,1.0495049504950495,1.0206066281487995,0.028898322346250005,0.016986058610463345,0.0043681384487047736,0.20455643621727165,0.005911337831806846,0.05894580235041409,Howard
2022,1630214,216,0.9537037037037037,1.0999965265718454,-0.14629282286814171,0.005344422772823415,0.0043681384487047736,0.4497411495355788,-0.06579390232552286,0.04902659320668456,Tillman
2022,1630215,150,1.0,0.9876263070049452,0.012373692995054753,0.010631387900081002,0.0043681384487047736,0.291218425644379,0.0036034473934267257,0.05564221460973933,Butler
2022,1630216,11,0.9090909090909091,0.9671273370391311,-0.05803642794822206,0.14112914393642353,0.0043681384487047736,0.03002213084050877,-0.0017423772333772826,0.06509222399540748,Winston
2022,1630217,1100,1.1309090909090909,1.043077107459718,0.08783198344937282,0.0013461020744242392,0.0043681384487047736,0.7644302739837877,0.06714142717274357,0.03207804821933944,Bane
2022,1630218,16,0.3125,1.0119669037397205,-0.6994669037397205,0.07295710176925667,0.0043681384487047736,0.05649046076535981,-0.039513207682376386,0.06419797734392071,Woodard II
2022,1630219,64,1.125,1.147554364672394,-0.022554364672394023,0.020801990944347835,0.0043681384487047736,0.1735445368791173,-0.003914186771673345,0.06008387374828988,Mays
2022,1630222,15,1.0,0.9316531840039505,0.06834681599604953,0.08310791749772031,0.0043681384487047736,0.04993524686778345,0.003412915129389704,0.06442060522003844,Jones
2022,1630224,953,1.0167890870933893,1.0962651139807569,-0.07947602688736755,0.0015026947798463344,0.0043681384487047736,0.7440406290987095,-0.0591333930435429,0.03343749346676891,Green
2022,1630225,26,0.6923076923076923,1.0254186011316735,-0.3331109088239812,0.06292413314863572,0.0043681384487047736,0.06491292900383243,-0.021623204774893188,0.06391079554899227,Todd
2022,1630227,66,0.9242424242424242,1.0719824675702865,-0.14774004332786228,0.019863157665652893,0.0043681384487047736,0.18026846059285037,-0.02663287017863475,0.059838957668899295,Nix
2022,1630228,458,1.1397379912663756,1.1248907463690605,0.014847244897315148,0.0026240071979283315,0.0043681384487047736,0.6247207466006007,0.009275381917212678,0.04048792086258737,Kuminga
2022,1630230,269,0.8884758364312267,1.0731160910579496,-0.18464025462672284,0.0049984523471752655,0.0043681384487047736,0.46635307807256077,-0.08610755108127358,0.04828088273534569,Marshall
2022,1630231,523,1.181644359464627,1.207871651715211,-0.026227292250583956,0.002238946276669683,0.0043681384487047736,0.6611294739310626,-0.017339635928264804,0.038473801138625995,Martin
2022,1630233,88,1.0681818181818181,1.1991557180510322,-0.13097389986921404,0.011250086768525267,0.0043681384487047736,0.2796821269990293,-0.036631058896779665,0.05609320989518056,Knight
2022,1630235,153,1.026143790849673,0.9672177816571711,0.058926009192502016,0.007406092603171085,0.0043681384487047736,0.370991398882804,0.02186104258090729,0.0524175224052609,Forrest
2022,1630237,2,0.0,1.001794413660608,-1.001794413660608,1.0008898695332176,0.0043681384487047736,0.00434529087460234,-0.004353088123907042,0.0659481433898227,Lamb
2022,1630238,18,1.0,1.0614590586496984,-0.06145905864969836,0.08228515626426809,0.0043681384487047736,0.05040937523695587,-0.0030981127491827233,0.06440452871155133,Fitts
2022,1630240,177,0.8587570621468926,1.07204722351662,-0.21329016136972745,0.007178597177038564,0.0043681384487047736,0.37830072414285215,-0.08068782249871369,0.052112076435347716,Lee
2022,1630241,24,0.9583333333333334,1.0975197424091154,-0.13918640907578206,0.08367869657157136,0.0043681384487047736,0.04961153285860694,-0.006905251107334669,0.06443157924904458,Merrill
2022,1630243,33,1.1818181818181819,1.1029942218786613,0.07882395993952063,0.050416330586184825,0.0043681384487047736,0.07973315294746976,0.006284882853783027,0.06340231066513642,Queen
2022,1630245,534,1.1666666666666667,1.134083231258893,0.03258343540777364,0.0024227000923385464,0.0043681384487047736,0.6432399213004508,0.02095896642739464,0.03947628929788667,Dosunmu
2022,1630249,166,1.0120481927710843,1.0264327959161905,-0.014384603145106256,0.00956510272987211,0.0043681384487047736,0.3135048329904046,-0.004509642606639786,0.05476044132277075,Krejčí
2022,1630250,15,0.6,1.039803660637481,-0.439803660637481,0.08269674925003737,0.0043681384487047736,0.05017106854624567,-0.02206541960473283,0.06441260959761928,Simonovic
2022,1630256,729,1.0823045267489713,1.0820750650939484,0.00022946165502291116,0.0016801931934543842,0.0043681384487047736,0.7222055117244559,0.00016571847198696213,0.0348345343743055,Tate
2022,1630257,1,0.0,0.7554588139869326,-0.7554588139869326,0.9401996083433225,0.0043681384487047736,0.004624484017731912,-0.0034936072113372755,0.06593889642890226,Teske
2022,1630264,109,1.2660550458715596,1.0024645147071474,0.2635905311644122,0.010707486885435732,0.0043681384487047736,0.28974840856601924,0.07637493691796014,0.05569988585981596,Gill
2022,1630267,286,0.951048951048951,1.0379859047587572,-0.08693695370980614,0.005762833843169453,0.0043681384487047736,0.43116675506144037,-0.037484324225983766,0.04984719017274317,Campazzo
2022,1630270,10,0.5,1.082931552052575,-0.5829315520525751,0.18124668000106656,0.0043681384487047736,0.023533349789563396,-0.013718332117826332,0.06530958213510606,Sneed
2022,1630271,18,1.0,1.2136711303672845,-0.21367113036728447,0.078809709217936,0.0043681384487047736,0.05251564654824142,-0.011221077559931524,0.06433306174789763,Thomas
2022,1630273,22,0.8181818181818182,0.9187391696203586,-0.10055735143854039,0.04218896490858766,0.0043681384487047736,0.09382324358073652,-0.0094346168778519,0.06291506600995952,Gillespie
2022,1630285,52,0.75,0.9215078031645654,-0.17150780316456538,0.021543497487199834,0.0043681384487047736,0.1685782580270062,-0.028912486695521093,0.060264129282694645,Simpson
2022,1630286,6,1.0,1.1220576570086396,-0.12205765700863958,0.17887703183465814,0.0043681384487047736,0.023837673003605286,-0.0029095705153581613,0.06529940422951862,Scott
2022,1630288,26,0.6538461538461539,0.9675316851553983,-0.3136855313092445,0.051364298880376066,0.0043681384487047736,0.07837694990643278,-0.024585715173797405,0.06344901165760013,Dowtin Jr.
2022,1630296,72,1.0,1.0370638825190523,-0.03706388251905235,0.01731743045636887,0.0043681384487047736,0.20143065961634912,-0.007465802303755586,0.059061505565695116,Key
2022,1630306,4,0.75,1.1476751599887112,-0.39767515998871117,0.5308471875552045,0.0043681384487047736,0.00816145995167722,-0.0032456098920246976,0.06582163824831685,Edwards
2022,1630314,279,0.8637992831541219,1.0130966034434852,-0.14929732028936327,0.004840473389981481,0.0043681384487047736,0.4743536295398844,-0.0708197257598381,0.047917597197991296,Williams
2022,1630322,175,1.1142857142857143,1.0885564125602254,0.02572930172548893,0.010778909870138504,0.0043681384487047736,0.28838215583366883,0.007419871499691433,0.05575343277222805,Waters III
2022,1630346,5,0.6,1.113805139149253,-0.513805139149253,0.4138964219134088,0.0043681384487047736,0.010443482098801407,-0.005365914772977389,0.06574587342952133,Ryan
2022,1630466,14,1.2857142857142858,1.0537650493044481,0.23194923640983767,0.08278533499346816,0.0043681384487047736,0.05012007297222721,0.011625312654713444,0.06441433870577962,Deck
2022,1630525,1,0.0,0.9691943266362919,-0.9691943266362919,1.9682453371249005,0.0043681384487047736,0.002214391467357581,-0.002146175647114781,0.0660186767528381,Johnson
2022,1630526,324,1.0061728395061729,1.0964264430435429,-0.09025360353737,0.0045871718980033975,0.0043681384487047736,0.48777075049224083,-0.04402306793205213,0.047302095929525514,Robinson-Earl
2022,1630527,322,0.8819875776397516,1.035464490046478,-0.15347691240672645,0.003981838906389628,0.0043681384487047736,0.5231317718532171,-0.08028864912589181,0.045640184512485076,Boston
2022,1630528,493,1.0223123732251522,1.0842484456168204,-0.06193607239166821,0.0026416784084644994,0.0043681384487047736,0.6231458735241093,-0.03859520793315856,0.04057278643884826,Christopher
2022,1630529,575,1.0521739130434782,1.1155470165408754,-0.06337310349739722,0.0021002970610512353,0.0043681384487047736,0.675300610497938,-0.04279589548094135,0.03766074730478571,Jones
2022,1630530,276,1.0471014492753623,1.0909513921668463,-0.04384994289148403,0.006037141310168482,0.0043681384487047736,0.4198001927799951,-0.01840821447923677,0.050342756041448514,Murphy III
2022,1630531,1,2.0,0.7672552078963475,1.2327447921036525,0.9458298617486276,0.0043681384487047736,0.004597082342625032,0.005667029316742667,0.06593980403801707,Springer
2022,1630532,975,1.0338461538461539,1.036717073781654,-0.002870919935500149,0.0012569949622527415,0.0043681384487047736,0.7765395288573653,-0.0022293828141005034,0.031242699559478303,Wagner
2022,1630533,422,1.085308056872038,1.1565427279530318,-0.0712346710809939,0.0036587145803172226,0.0043681384487047736,0.544190660139319,-0.03876524268037333,0.04462105223685543,Williams
2022,1630535,190,0.9526315789473684,1.2253752311283088,-0.27274365218094043,0.006203083163893159,0.0043681384487047736,0.41321037518494336,-0.11270050684699809,0.05062784136673909,Brown III
2022,1630536,14,0.5,1.130062800228837,-0.6300628002288371,0.09923711818900553,0.0043681384487047736,0.04216135928295028,-0.02656430409126973,0.0646836284864359,Cooper
2022,1630537,617,1.0210696920583469,1.0461539852103723,-0.025084293152025428,0.0022532075615264717,0.0043681384487047736,0.6597055103230015,-0.016548246414948706,0.038554551537275945,Duarte
2022,1630538,569,1.038664323374341,1.0332064732248791,0.005457850149461763,0.0028752811277644695,0.0043681384487047736,0.6030492093672135,0.003291352217477644,0.041640557282616106,Hyland
2022,1630539,14,1.3571428571428572,1.2993086674943217,0.05783418964853548,0.05867677221702291,0.0043681384487047736,0.06928613908052328,0.00400710770759779,0.06376117157506467,Jones
2022,1630540,108,0.75,1.0416026889114054,-0.2916026889114054,0.015273561278634532,0.0043681384487047736,0.22239106133084585,-0.06484983147393591,0.05828124486537024,McBride
2022,1630541,183,1.092896174863388,1.0898321081490108,0.0030640667143773115,0.008708967936079117,0.0043681384487047736,0.3340294343546369,0.001023488471428324,0.05393562490136901,Moody
2022,1630543,206,1.1504854368932038,1.2213515592950321,-0.07086612240182832,0.004305611598682081,0.0043681384487047736,0.5036043723695686,-0.035688489094437774,0.04656527490331636,Jackson
2022,1630544,584,0.958904109589041,0.9758729251339524,-0.016968815544911364,0.002490067845978238,0.0043681384487047736,0.6369214137071493,-0.010807801985800797,0.03982433342426682,Mann
2022,1630547,141,0.8156028368794326,1.038903773872539,-0.2233009369931065,0.009255336606541492,0.0043681384487047736,0.3206332034221068,-0.07159769475525778,0.054475391002775646,Bouknight
2022,1630549,149,1.167785234899329,1.2766177684723472,-0.10883253357301825,0.005690642910461742,0.0043681384487047736,0.43426119852223566,-0.04726174646763036,0.0497114213301046,Sharpe
2022,1630550,55,1.0,1.1344210709223828,-0.13442107092238276,0.025846239532754684,0.0043681384487047736,0.144571516626462,-0.019433458089802087,0.06112798089534092,Thor
2022,1630551,67,1.0746268656716418,1.1047696900235333,-0.03014282435189153,0.02090686038318511,0.0043681384487047736,0.17282447677874554,-0.005209417847249283,0.060110042478859135,Champagnie
2022,1630552,41,1.146341463414634,1.258281354886667,-0.11193989147203287,0.027651817129509343,0.0043681384487047736,0.13641925386295,-0.015270756472114325,0.06141856609171533,Johnson
2022,1630553,272,0.8308823529411765,1.0428247940200976,-0.21194244107892113,0.0048923899574916585,0.0043681384487047736,0.4716942983277231,-0.09997204103058649,0.04803865576954279,Johnson
2022,1630555,6,0.3333333333333333,0.9187765505424453,-0.585443217209112,0.18211968844791576,0.0043681384487047736,0.023423182742787013,-0.01371294346221418,0.06531326621426131,Ayayi
2022,1630556,266,1.0075187969924813,1.1461497951115878,-0.1386309981191065,0.005565031451460817,0.0043681384487047736,0.4397527166662029,-0.06096335803702435,0.04946956336084599,Edwards
2022,1630557,514,1.1284046692607004,1.0792234318515799,0.049181237409120504,0.003164696334559697,0.0043681384487047736,0.5798797629823726,0.028519204291980595,0.04283857327684549,Kispert
2022,1630558,838,0.9606205250596659,0.9862385298084894,-0.025618004748823475,0.0016346950765903498,0.0043681384487047736,0.7276794251078316,-0.018641694968033567,0.03448962124407672,Mitchell
2022,1630559,315,1.0952380952380953,1.053869980350454,0.04136811488764125,0.004757356966079976,0.0043681384487047736,0.4786741157776154,0.019801845815228484,0.047720264449988246,Reaves
2022,1630560,503,0.9602385685884692,0.9752296471790226,-0.014991078590553375,0.0026653209716007444,0.0043681384487047736,0.621051205057643,-0.009310227423777006,0.040685388056132026,Thomas
2022,1630561,108,0.8055555555555556,1.1879965377533526,-0.382440982197797,0.011669478238093937,0.0043681384487047736,0.27236830347120006,-0.10416480149907338,0.05637726483347462,Duke Jr.
2022,1630563,268,0.9104477611940298,1.0614396008552254,-0.15099183966119556,0.005580209241900908,0.0043681384487047736,0.43908180378834644,-0.06629776931575854,0.04949917513908946,Primo
2022,1630565,5,0.4,0.995784410819193,-0.595784410819193,0.22049508328766984,0.0043681384487047736,0.019425757644911345,-0.01157356357318994,0.06544680320566326,Henry
2022,1630567,928,1.0484913793103448,1.0351704872385388,0.013320892071805979,0.0012245536219047098,0.0043681384487047736,0.7810439755229972,0.010404202501276116,0.03092620618655867,Barnes
2022,1630568,147,1.0068027210884354,1.0116575654239393,-0.004854844335503872,0.0087091993847531,0.0043681384487047736,0.3340235225497545,-0.0016216322063757253,0.053935864293467896,Garza
2022,1630570,267,1.097378277153558,1.0602747337505374,0.03710354340302069,0.004010201382551154,0.0043681384487047736,0.5213608586762208,0.019344335248529295,0.045724851407866134,Watford
2022,1630572,115,1.182608695652174,1.160377719546899,0.022230976105275024,0.011982183179145657,0.0043681384487047736,0.26715917571090925,0.005939209251534195,0.0565787078445388,Mamukelashvili
2022,1630573,50,1.3,1.0752730374424053,0.22472696255759472,0.037930911417325616,0.0043681384487047736,0.10326800395137828,0.02320710485737893,0.0625863364491305,Hauser
2022,1630578,519,1.0154142581888246,1.0906423361796058,-0.07522807799078124,0.002170293948680892,0.0043681384487047736,0.6680712108381415,-0.05025771315232736,0.0380776956520472,Sengun
2022,1630579,54,1.4444444444444444,1.48535871069321,-0.040914266248765596,0.011678932559896212,0.0043681384487047736,0.27220783446172314,-0.011137183814166852,0.056383481099998224,Sims
2022,1630580,56,0.9642857142857143,1.0568339545860377,-0.09254824030032338,0.03204463791467399,0.0043681384487047736,0.11996169710085383,-0.011102243970124426,0.06200104150114462,Wieskamp
2022,1630581,670,0.9223880597014925,0.9814782616030986,-0.059090201901606076,0.0019269667076038674,0.0043681384487047736,0.6938944370654782,-0.041002362384600394,0.0365665349577548,Giddey
2022,1630582,16,0.8125,1.2463474479390688,-0.4338474479390688,0.09032377859172158,0.0043681384487047736,0.046130003333229655,-0.020013384219542425,0.0645494865007152,Pons
2022,1630583,132,0.8484848484848485,1.1080041752061385,-0.25951932672128997,0.009920915690928206,0.0043681384487047736,0.30569822229093824,-0.07933459682883953,0.0550709205499148,Aldama
2022,1630585,21,0.5238095238095238,1.0248182820720666,-0.5010087582625428,0.05423377006374558,0.0043681384487047736,0.07453918412532134,-0.03734478408053029,0.0635809796447953,Garrett
2022,1630586,44,0.9772727272727273,1.1939023444129724,-0.2166296171402451,0.031096140577527492,0.0043681384487047736,0.12317009026106925,-0.02668228949638486,0.06188791838238671,Garuba
2022,1630587,90,1.211111111111111,1.067352353702401,0.14375875740871003,0.019420996525558225,0.0043681384487047736,0.18361905354820918,0.02639684697465394,0.059716538755909654,Livers
2022,1630589,4,0.5,1.0417392636889724,-0.5417392636889724,0.2987415058707099,0.0043681384487047736,0.014411083680668577,-0.007807049862125561,0.06561393784853752,Wright
2022,1630591,547,0.8007312614259597,1.0327448884033108,-0.23201362697735106,0.0024112244698726343,0.0043681384487047736,0.6443287520033506,-0.14949305071808752,0.03941600250498489,Suggs
2022,1630593,3,1.6666666666666667,0.9958111401937938,0.6708555264728729,0.562085379371219,0.0043681384487047736,0.007711380212653935,0.005173222032392451,0.06583657093367863,Wright IV
2022,1630595,1029,0.9446064139941691,0.9916097112504658,-0.047003297256296706,0.0012974605436105473,0.0043681384487047736,0.7709932267761289,-0.03623922382074976,0.03162804595818411,Cunningham
2022,1630596,829,1.04583835946924,1.1208577984958044,-0.07501943902656438,0.0011669653463701828,0.0043681384487047736,0.7891701060044204,-0.059203098648985965,0.030346897141197853,Mobley
2022,1630598,337,1.0504451038575668,1.0308653826488579,0.01957972120870899,0.0040562653299488554,0.0043681384487047736,0.5185101003554795,0.010152283208860009,0.04586081708059979,Wiggins
2022,1630602,31,0.8387096774193549,1.032921457865965,-0.19421178044661003,0.04990424343642413,0.0043681384487047736,0.08048547524503767,-0.015631227447430323,0.06337638952894561,Brown Jr.
2022,1630605,2,0.0,0.9472943516507826,-0.9472943516507826,0.7663985103255699,0.0043681384487047736,0.005667264477064859,-0.005368567628434667,0.06590434775372205,McLaughlin
2022,1630606,59,0.7796610169491526,1.0250373699455808,-0.24537635299642824,0.024260078832436183,0.0043681384487047736,0.15258157383003784,-0.037439910120869946,0.0608411128226128,Smart
2022,1630612,18,0.6666666666666666,1.0232173481396118,-0.3565506814729452,0.057660845523716954,0.0043681384487047736,0.07042092533140412,-0.02510862891686753,0.06372228885697137,Nembhard Jr.
2022,1630613,425,1.0047058823529411,1.0514054573507328,-0.04669957499779165,0.0035296423471542705,0.0043681384487047736,0.5530842855242414,-0.02582880107193932,0.04418359102350019,Washington Jr.
2022,1630624,2,0.0,1.4493198859152914,-1.4493198859152914,0.3814839472065445,0.0043681384487047736,0.011320758941309995,-0.016407401057293918,0.06571672394683654,Hunt
2022,1630625,201,0.8756218905472637,1.056391901565387,-0.1807700110181234,0.005928300073947413,0.0043681384487047736,0.42423780213856077,-0.07668947216689209,0.05014986534168679,Banton
2022,1630631,293,1.0034129692832765,1.0153306282253591,-0.011917658942082632,0.004619263290620093,0.0043681384487047736,0.4860290632821881,-0.005792328612137014,0.04738244622424935,Alvarado
2022,1630637,9,0.2222222222222222,0.9450610448776658,-0.7228388226554436,0.1219075594654103,0.0043681384487047736,0.03459207528336696,-0.025004494971037447,0.0649387055201981,Jones
2022,1630640,4,0.0,0.9965273404511019,-0.9965273404511019,0.37891954829252733,0.0043681384487047736,0.01139650085251453,-0.01135692468500502,0.06571420664628166,Walker
2022,1630643,3,0.0,0.9697757602459766,-0.9697757602459766,0.5606964559380366,0.0043681384487047736,0.007730334712344644,-0.00749669122261989,0.06583594213213952,Huff
2022,1630644,6,1.1666666666666667,1.1865823148817858,-0.01991564821511904,0.2326927389417068,0.0043681384487047736,0.018426230834837246,-0.00036697033123719787,0.06548015059031562,McClung
2022,1630647,5,1.0,0.8739709325731114,0.12602906742688857,0.27655892988204417,0.0043681384487047736,0.015549012327861388,0.0019596275230895645,0.0655760490584486,Omoruyi
2022,1630648,11,0.2727272727272727,0.935019862877985,-0.6622925901507123,0.1369672709928238,0.0043681384487047736,0.03090618597253863,-0.02046893795943222,0.06506255412643518,Schakel
2022,1630678,219,1.2876712328767124,1.0924309405304498,0.1952402923462626,0.005048259988858947,0.0043681384487047736,0.4638863231699582,0.0905693013511355,0.04839234200405877,Taylor
2022,1630686,67,1.0746268656716418,1.0808372091858067,-0.00621034351416494,0.019769333819735183,0.0043681384487047736,0.18096917523613973,-0.0011238807436915388,0.05981337673401661,Kalaitzakis
2022,1630688,104,0.9711538461538461,1.0718414658032638,-0.10068761964941764,0.015213052306575688,0.0043681384487047736,0.22307828483448164,-0.022461221495458737,0.05825548571291942,Wainright
2022,1630691,50,0.98,1.0809355381742554,-0.10093553817425538,0.036621896319557756,0.0043681384487047736,0.10656586346901331,-0.01075628278024908,0.06247114536461096,Pickett
2022,1630692,3,0.0,0.9501200886544748,-0.9501200886544748,0.43134948490351105,0.0043681384487047736,0.010025158989664629,-0.009525104948035363,0.06575976859955973,Goodwin
2022,1630695,11,0.9090909090909091,0.989958258415431,-0.08086734932452189,0.1052474053003875,0.0043681384487047736,0.039849626241907375,-0.003222533645755958,0.06476163805951007,Potter
2022,1630698,46,0.782608695652174,0.9807919614834835,-0.19818326583130952,0.03377897104599698,0.0043681384487047736,0.11450771779475095,-0.0226935134754537,0.062192868433061405,Pangos
2022,1630758,20,0.7,1.113037445444182,-0.4130374454441821,0.085847102724432,0.0043681384487047736,0.0484190741154441,-0.01999889068341555,0.06447198794368308,Ford
2022,1630787,14,0.8571428571428571,1.1157065472424927,-0.25856369009963565,0.09995086039795531,0.0043681384487047736,0.04187289465004893,-0.010826810155869943,0.06469336787975512,McGriff
2022,1630792,52,1.1730769230769231,1.0776337758816616,0.09544314719526148,0.03315852066271117,0.0043681384487047736,0.116400941414365,0.011109672185078245,0.06212634723728133,Hill
2022,1630846,101,1.2772277227722773,1.0818911313823862,0.195336591389891,0.011964309602146927,0.0043681384487047736,0.26745154401253307,0.052243072969371626,0.05656742062475689,Sarr
2022,1630994,19,0.6842105263157895,0.9479807505646441,-0.26377022424885466,0.07297600132665341,0.0043681384487047736,0.05647665694378129,-0.014896860466886826,0.06419844695983176,Lundberg
2023,2544,1219,1.0984413453650532,1.0597978370239853,0.03864350834106789,0.0010182161396911937,0.004729887705007266,0.8228605176243804,0.03179821727635319,0.02894563628182656,James
2023,2617,29,0.7931034482758621,1.0080888822581697,-0.21498543398230763,0.044519170849817075,0.004729887705007266,0.09604016490471441,-0.020647236531772417,0.06538829031132093,Haslem
2023,2738,15,1.0,1.172095630888957,-0.17209563088895696,0.0993550794098336,0.004729887705007266,0.04544256328378912,-0.00782046659753504,0.06719337380759548,Iguodala
2023,101108,667,1.0284857571214392,0.9549539044213531,0.07353185270008611,0.00209807546915748,0.004729887705007266,0.6927230836428561,0.05093721174837592,0.03812329089559559,Paul
2023,200752,286,0.8776223776223776,1.007004720882328,-0.12938234325995046,0.005077635855560845,0.004729887705007266,0.48227135788122255,-0.06239739836983075,0.04948533458397257,Gay
2023,200768,483,1.0331262939958592,1.04867489730549,-0.015548603309630815,0.00345941216116594,0.004729887705007266,0.5775692406312513,-0.00898039500642003,0.04469955318518439,Lowry
2023,200782,225,1.0977777777777777,1.1101836614313674,-0.012405883653589633,0.0074930344423387325,0.004729887705007266,0.3869686518484683,-0.00480068807241853,0.053847650240339724,Tucker
2023,201142,862,1.228538283062645,0.984774198039627,0.24376408502301805,0.0014321364382412353,0.004729887705007266,0.7675866882458788,0.18711006673610525,0.033155525418033086,Durant
2023,201143,479,1.254697286012526,1.093008698652857,0.16168858735966896,0.003555265754312612,0.004729887705007266,0.5708871571578035,0.09230593798262257,0.04505169874066926,Horford
2023,201144,608,1.080592105263158,1.0214026709791042,0.059189434284053766,0.0026405355581556574,0.004729887705007266,0.6417389525845894,0.037984165561523044,0.041164724259408994,Conley
2023,201145,325,1.0676923076923077,1.1296178488062494,-0.06192554111394166,0.0036623832128068485,0.004729887705007266,0.5636004546715982,-0.03490126312760227,0.04543259671116729,Green
2023,201152,197,1.1269035532994924,1.0904347255199953,0.036468827779497115,0.005623486610748401,0.004729887705007266,0.4568450401536596,0.016660603091281256,0.050685914872782165,Young
2023,201565,159,0.8867924528301887,1.0060841804392473,-0.1192917276090586,0.008774223157527369,0.004729887705007266,0.350255396534822,-0.041782571357034795,0.05543662157206882,Rose
2023,201566,989,0.9605662285136501,1.0210721698017595,-0.06050594128810938,0.0012747754776277944,0.004729887705007266,0.7877024174620936,-0.047660676223463254,0.0316882269218208,Westbrook
2023,201567,424,1.0117924528301887,1.0613536014549818,-0.049561148624793105,0.004072117646138843,0.004729887705007266,0.5373647840820032,-0.026632415929618014,0.04677833493909242,Love
2023,201569,651,1.096774193548387,0.995893615626035,0.10088057792235205,0.0023705195861034698,0.004729887705007266,0.6661431536369453,0.0672009063179132,0.03973795909259951,Gordon
2023,201572,899,1.2124582869855396,1.092609928338427,0.11984835864711263,0.0015117285783567101,0.004729887705007266,0.7577985397170314,0.090820911170265,0.033846502169754836,Lopez
2023,201577,75,1.3066666666666666,1.030926077586175,0.2757405890804916,0.013460985047127179,0.004729887705007266,0.2600143362803898,0.07169650625532771,0.05916121273866033,Lopez
2023,201580,125,1.296,1.2512407421463032,0.04475925785369683,0.006503933225014079,0.004729887705007266,0.4210399769117807,0.01884543689330895,0.05232987573934885,McGee
2023,201586,54,1.0740740740740742,1.118669108245465,-0.04459503417139077,0.02279856046513598,0.004729887705007266,0.17181817426734566,-0.007662237352718254,0.06258759489741839,Ibaka
2023,201587,380,1.168421052631579,1.110417544587198,0.058003508044381036,0.004913334780396602,0.004729887705007266,0.4904882897979901,0.028450041462972416,0.04909107020265205,Batum
2023,201588,161,1.1614906832298137,1.0882680582494857,0.07322262498032805,0.009597841266780247,0.004729887705007266,0.3301212435216221,0.024172344012423286,0.056288997984620726,Hill
2023,201599,115,1.5391304347826087,1.4223254922935575,0.11680494248905116,0.00592634093916708,0.004729887705007266,0.44386131932267125,0.051845195876598985,0.0512881419824764,Jordan
2023,201609,335,0.9970149253731343,1.020348157769758,-0.02333323239662366,0.004248355507709896,0.004729887705007266,0.5268166157837708,-0.01229233452648552,0.047308606735118205,Dragic
2023,201933,130,1.146153846153846,1.1516828381098474,-0.005528991956001317,0.011247168098744223,0.004729887705007266,0.29604251015363325,-0.0016368166572738763,0.0577030317753938,Griffin
2023,201935,842,1.0724465558194773,1.0226400842980359,0.049806471521441464,0.001790207952254954,0.004729887705007266,0.7254322564637556,0.036131221022297065,0.03603712799799216,Harden
2023,201937,177,0.807909604519774,1.026982437817669,-0.21907283329789506,0.008368768987688574,0.004729887705007266,0.3610971579738232,-0.07910657749314305,0.0549721629299213,Rubio
2023,201939,1123,1.2359750667853964,1.0054187751411832,0.2305562916442132,0.0013941766262544988,0.004729887705007266,0.772344549168501,0.1780688951279113,0.032814398026869133,Curry
2023,201942,1302,1.044546850998464,0.937632911884238,0.10691393911422586,0.000812770897539968,0.004729887705007266,0.8533608226986156,0.09123616704046549,0.026336036941616695,DeRozan
2023,201949,49,0.9591836734693877,1.0784257975721672,-0.11924212410277946,0.024940803554446077,0.004729887705007266,0.15941279101477898,-0.019008719809754722,0.06305460415200122,Johnson
2023,201950,1015,1.1182266009852218,1.0204480827683187,0.09777851821690309,0.0013749618713206667,0.004729887705007266,0.7747754708564488,0.07575639749114695,0.03263873053999088,Holiday
2023,201959,125,1.104,1.0236402399410014,0.0803597600589987,0.009111851864262516,0.004729887705007266,0.34171194172068864,0.027459889645969085,0.05579989778851231,Gibson
2023,201976,358,1.0279329608938548,1.0795990076312945,-0.051666046737439686,0.004760079844904333,0.004729887705007266,0.49840926010872677,-0.02575083612715021,0.04870798572674948,Beverley
2023,201980,49,1.2244897959183674,1.0681774161121556,0.15631237980621182,0.03695650247278248,0.004729887705007266,0.11346359530855518,0.01773576460404919,0.0647550588030882,Green
2023,201988,208,1.0625,1.0352833375452535,0.02721666245474652,0.008076283556587032,0.004729887705007266,0.36934440500512417,0.010052322000573656,0.05461620771218288,Mills
2023,202066,44,1.0681818181818181,1.1232022198440772,-0.05502040166225908,0.03509844160770068,0.004729887705007266,0.11875686946020379,-0.006534050657852881,0.06456145172052977,Temple
2023,202083,160,0.96875,1.082529796044365,-0.11377979604436494,0.011340322660088841,0.004729887705007266,0.29432643366513755,-0.03348840159288466,0.05777332191553377,Matthews
2023,202322,337,0.9169139465875371,0.9754496815745902,-0.05853573498705311,0.0038253164597249166,0.004729887705007266,0.5528667246195793,-0.03236246007549177,0.045987935175668404,Wall
2023,202330,581,1.0395869191049913,1.0053743719571793,0.03421254714781208,0.0021409071189433192,0.004729887705007266,0.6884047371811438,0.023552079527587064,0.03839024098055931,Hayward
2023,202331,1000,1.076,1.0137871890263694,0.06221281097363063,0.0014100838206925772,0.004729887705007266,0.7703435895768501,0.04792524012309267,0.03295829231068502,George
2023,202397,131,0.8091603053435115,0.8746279360340349,-0.06546763069052342,0.008004328053120428,0.004729887705007266,0.37143140927138646,-0.024316734329039785,0.054525763167891685,Smith
2023,202681,1201,1.1457119067443797,1.017549911779714,0.12816199496466574,0.001176160346082359,0.004729887705007266,0.8008549310963757,0.10263916564660143,0.030690940241707765,Irving
2023,202685,816,1.1397058823529411,1.0552867801647112,0.0844191021882299,0.001291882127404749,0.004729887705007266,0.7854647116448676,0.06630822575759661,0.03185479277410432,Valančiūnas
2023,202687,206,1.1553398058252426,1.1605265265749647,-0.00518672074972204,0.004126441328333306,0.004729887705007266,0.5340686516050964,-0.0027700649570562247,0.04694467974276224,Biyombo
2023,202689,57,0.9649122807017544,1.05410513954512,-0.08919285884336559,0.02619570050070607,0.004729887705007266,0.15294414688395302,-0.013641525703939394,0.06329675398555624,Walker
2023,202691,1252,1.1126198083067094,1.0297137510685055,0.08290605723820388,0.0012864862597411803,0.004729887705007266,0.7861691664648757,0.06517818591384801,0.03180245007054078,Thompson
2023,202692,459,1.0871459694989107,1.004982615999064,0.08216335349984671,0.003375050668999604,0.004729887705007266,0.5835809585149174,0.04794896859024054,0.04438034817857114,Burks
2023,202693,115,1.0608695652173914,1.0300987396308487,0.03077082558654265,0.014324901423147636,0.004729887705007266,0.24822566511735866,0.007638108647429787,0.059630597712092566,Morris
2023,202694,641,1.029641185647426,0.9942575126952199,0.03538367295220601,0.0023250379657081275,0.004729887705007266,0.6704376382930253,0.023722546128209798,0.03948155218163259,Morris Sr.
2023,202695,869,1.14614499424626,0.9998308477435691,0.14631414650269092,0.0014429663387128448,0.004729887705007266,0.7662400036526327,0.11211175215065372,0.033251444068580785,Leonard
2023,202696,1148,1.1454703832752613,1.0260425638098434,0.11942781946541792,0.001103710520661413,0.004729887705007266,0.8108010737172596,0.09683220425427189,0.029914706671222927,Vučević
2023,202699,845,1.1502958579881657,1.0904727326879027,0.059823125300263014,0.0015887162566556423,0.004729887705007266,0.7485653055176559,0.04478151606741239,0.03448561830740892,Harris
2023,202704,639,0.9687010954616588,1.0111073812089275,-0.04240628574726868,0.0022846561252342847,0.004729887705007266,0.6742972628691078,-0.02859444240782853,0.03924967989477901,Jackson
2023,202709,351,1.0541310541310542,0.9894918291550941,0.06463922497596009,0.0043372159475638244,0.004729887705007266,0.5216536488657044,0.033719287568560755,0.04756600177611308,Joseph
2023,202710,887,1.120631341600902,1.025128431632737,0.09550290996816502,0.0011678380598664827,0.004729887705007266,0.8019850182214292,0.07659190299101834,0.03060373551907838,Butler III
2023,202711,882,1.1394557823129252,0.9991060913873496,0.1403496909255756,0.0015843215223051565,0.004729887705007266,0.7490863122729453,0.10513403240408707,0.034449870342255696,Bogdanović
2023,202722,158,1.2215189873417722,1.1213778453039829,0.10014114203778934,0.012112523976169846,0.004729887705007266,0.28083197314867525,0.02812283451183413,0.05832310012369383,Bertans
2023,203076,962,1.1465696465696467,1.0730015835020974,0.07356806306754926,0.0010004326553323605,0.004729887705007266,0.8254141841254637,0.06072412275459183,0.02873623677473499,Davis
2023,203078,878,1.10250569476082,0.9787873338690205,0.12371836089179955,0.001394635285558066,0.004729887705007266,0.7722867090700019,0.09554604578466269,0.0328185663159825,Beal
2023,203081,1197,1.1278195488721805,1.0719782457992486,0.05584130307293189,0.001293294597390807,0.004729887705007266,0.7852805157705598,0.0438510872784121,0.03186846479644621,Lillard
2023,203082,465,1.064516129032258,1.013306991031098,0.051209138001160115,0.0033764536063420696,0.004729887705007266,0.583479960112851,0.029879505798330385,0.044385729863902906,Ross
2023,203083,274,1.2116788321167884,1.2999485135844362,-0.0882696814676478,0.00287878397995682,0.004729887705007266,0.6216443422515203,-0.05487234807670713,0.042303425082426495,Drummond
2023,203084,789,1.1153358681875791,1.0859539198550032,0.029381948332575902,0.001807893207812204,0.004729887705007266,0.7234699002734651,0.021256955230008794,0.03616567874049884,Barnes
2023,203085,208,1.0817307692307692,1.0876657870446311,-0.005935017813861965,0.007728567044374214,0.004729887705007266,0.3796528381854169,-0.0022532463577137033,0.054168001749214906,Rivers
2023,203086,29,1.206896551724138,1.1456652733286241,0.06123127839551379,0.054561652030494935,0.004729887705007266,0.07977339981567615,0.004884627252670294,0.0659739985299699,Leonard
2023,203095,165,0.8909090909090909,1.0534138831519801,-0.16250479224288927,0.010524412454891809,0.004729887705007266,0.3100691382382343,-0.050387720890335976,0.05712526149044784,Fournier
2023,203109,94,1.2127659574468086,1.0355743849483823,0.17719157249842632,0.0171534491996363,0.004729887705007266,0.21614106320337279,0.03829837487048737,0.06088977539467882,Crowder
2023,203110,472,1.1440677966101696,1.0851780883865045,0.058889708223665016,0.002567790706535029,0.004729887705007266,0.6481359465671013,0.03816853678260553,0.04079555686795177,Green
2023,203114,406,0.9975369458128078,0.9794719444588423,0.018065001353965493,0.003462535614451062,0.004729887705007266,0.5773490358796546,0.010429811114876631,0.044711202161228994,Middleton
2023,203115,362,0.9447513812154696,1.0145002300583392,-0.06974884884286958,0.0040886317660240425,0.004729887705007266,0.5363584806434764,-0.03741038659199302,0.04682918237525944,Barton
2023,203200,204,0.9803921568627451,1.1307176428834549,-0.15032548602070983,0.008375116509296026,0.004729887705007266,0.3609222574568034,-0.054255813767885734,0.054979686767013,Holiday
2023,203210,252,1.246031746031746,1.2043019048296402,0.04172984120210588,0.005380010489049498,0.004729887705007266,0.4678472141082284,0.019523189951584,0.050169940394372156,Green
2023,203457,36,0.75,0.9801753967424592,-0.23017539674245924,0.027334009589931867,0.004729887705007266,0.14751443536322134,-0.03395419368496933,0.06349929913685408,Noel
2023,203458,30,1.0666666666666667,1.1753580785150926,-0.1086914118484259,0.03038434343201368,0.004729887705007266,0.13470002195265335,-0.014640735562047855,0.06397477414816875,Len
2023,203468,1344,1.0305059523809523,0.9877202554677305,0.04278569691322187,0.0010531269714901738,0.004729887705007266,0.8178930833825907,0.03499412557302803,0.029348684227840063,McCollum
2023,203469,59,1.2542372881355932,1.2301965683126785,0.02404071982291467,0.014305858299737123,0.004729887705007266,0.2484739869836679,0.005973493504356907,0.059620748477011584,Zeller
2023,203471,649,0.9414483821263482,0.9835531088274262,-0.04210472670107801,0.002075543743758229,0.004729887705007266,0.6950165820662653,-0.029263483240617456,0.03798074931746166,Schröder
2023,203473,151,1.099337748344371,1.0858577348651586,0.01348001347921235,0.00782254856690816,0.004729887705007266,0.3768103340695562,0.005079408382364126,0.054291962008864554,Dedmon
2023,203476,117,0.9487179487179487,1.0205503743276434,-0.07183242560969472,0.013907209340256564,0.004729887705007266,0.25378886494607017,-0.018230269761807444,0.059409552035267016,Dieng
2023,203482,557,1.1651705565529622,1.0217611821633084,0.14340937438965384,0.0025291399983944484,0.004729887705007266,0.6515869477658492,0.0934436765395645,0.0405950072302785,Olynyk
2023,203484,631,1.13946117274168,1.0622029353557905,0.07725823738588944,0.0024010799189177873,0.004729887705007266,0.6632883438059735,0.05124448832105535,0.03990749707466957,Caldwell-Pope
2023,203486,484,1.359504132231405,1.273113250920339,0.08639088131106609,0.0016328504983811943,0.004729887705007266,0.7433729871973006,0.06422064750681465,0.034839875898576754,Plumlee
2023,203487,14,0.9285714285714286,0.8851611387638317,0.04341028980759687,0.08501912968341195,0.004729887705007266,0.05270127565338212,0.002287777649343367,0.06693740799624777,Carter-Williams
2023,203488,292,1.1746575342465753,1.0488056253881135,0.12585190885846176,0.005914469751635549,0.004729887705007266,0.44435633848950545,0.055923093412261024,0.051265311107450695,Muscala
2023,203490,30,1.2,1.0603261146874987,0.13967388531250124,0.053695215704457955,0.004729887705007266,0.08095642846976965,0.011307498905396316,0.0659315773309482,Porter Jr.
2023,203493,470,1.1382978723404256,1.1172888773311551,0.021008995009270448,0.00406907102170209,0.004729887705007266,0.5375508457210544,0.01129340303498274,0.04676892738790354,Bullock Jr.
2023,203496,229,1.1266375545851528,1.0699618345905186,0.056675719994634166,0.006915109844908467,0.004729887705007266,0.4061733533848183,0.023020167245719557,0.05299748441889334,Covington
2023,203497,544,1.3235294117647058,1.3424671787926854,-0.018937767027979557,0.0013434085971154573,0.004729887705007266,0.778800748343875,-0.014748747133352441,0.032345751201125525,Gobert
2023,203500,263,1.193916349809886,1.212371826706711,-0.01845547689682503,0.0032214900792573125,0.004729887705007266,0.5948513368799433,-0.010978265104833277,0.04377565168437458,Adams
2023,203501,841,1.0606420927467302,1.0652416285269126,-0.004599535780182462,0.001986730800274631,0.004729887705007266,0.7042066928898401,-0.003239023880590782,0.03740413247922993,Hardaway Jr.
2023,203506,402,0.9701492537313433,1.0226947741290124,-0.05254552039766913,0.0037952750274274434,0.004729887705007266,0.5548149464657143,-0.029153040086445897,0.04588763789044735,Oladipo
2023,203507,1278,1.1431924882629108,1.1327720585629029,0.010420429700007894,0.0007878136923304108,0.004729887705007266,0.8572206729580301,0.00893260775995261,0.02598711572116123,Antetokounmpo
2023,203521,50,0.86,1.0175795084821564,-0.1575795084821564,0.03091833219887541,0.004729887705007266,0.1326822971177897,-0.020908011164104737,0.06404931958419005,Dellavedova
2023,203526,109,1.1559633027522935,1.0763443559664054,0.0796189467858881,0.012317123042147687,0.004729887705007266,0.27746141391954343,0.0220911855499974,0.058459613193171965,Neto
2023,203552,449,1.135857461024499,1.0052640026888295,0.13059345833566938,0.0034589578873290374,0.004729887705007266,0.5776012811175517,0.07543094884025424,0.04469785796940287,Curry
2023,203585,152,1.0855263157894737,1.0675643536454884,0.017961962143985266,0.01098690658862049,0.004729887705007266,0.3009448120680029,0.005405559321794228,0.05750176117755956,McGruder
2023,203648,45,0.8888888888888888,1.168960899242019,-0.28007201035313023,0.02368406478072429,0.004729887705007266,0.16646356072364243,-0.046621784102410906,0.06278959910533574,Antetokounmpo
2023,203897,1388,1.11671469740634,1.0652415609149755,0.051473136491364535,0.0009764166990726135,0.004729887705007266,0.8288880806333259,0.042665469310504356,0.028448904435718195,LaVine
2023,203903,1028,1.0418287937743191,0.9851748815332008,0.056653912241118376,0.0014037524354902214,0.004729887705007266,0.7711387686046469,0.043688028122251754,0.03290118424205584,Clarkson
2023,203914,307,1.205211726384365,1.0980994610934915,0.10711226529087337,0.0057233762588035616,0.004729887705007266,0.4524795050983238,0.04846610478877474,0.05088919784271444,Harris
2023,203915,1047,1.0515759312320916,1.0335496443499728,0.018026286882118825,0.0014017064718109785,0.004729887705007266,0.7713960788353511,0.013905407016827588,0.03288268352846409,Dinwiddie
2023,203920,32,1.21875,1.2278972382647488,-0.009147238264748836,0.026592631817300465,0.004729887705007266,0.15100597835492335,-0.0013812876634139895,0.06336912800886343,Birch
2023,203924,912,1.1096491228070176,1.0872144116656206,0.022434711141396946,0.0014687550468712354,0.004729887705007266,0.7630521542113184,0.017118854665551606,0.033477405851168374,Grant
2023,203925,440,1.2363636363636363,1.1169993560701423,0.119364280293494,0.004115998960587415,0.004729887705007266,0.534699107485037,0.06382397413852503,0.04691290835831254,Harris
2023,203926,522,1.1513409961685823,1.0720133584722646,0.07932763769631768,0.003005737916198797,0.004729887705007266,0.611442168561129,0.04850426281986804,0.04286997678570635,McDermott
2023,203932,757,1.2126816380449141,1.2133618730778213,-0.0006802350329071505,0.00142035698207065,0.004729887705007266,0.7690568336159183,-0.0005231394005221931,0.03305049535537275,Gordon
2023,203933,270,1.0592592592592593,0.9752236464924496,0.08403561276680971,0.0045125556427709134,0.004729887705007266,0.5117572839810047,0.04300583694722198,0.04805552225871237,Warren
2023,203935,599,1.026711185308848,1.0419997976453672,-0.015288612336519236,0.0026443867922808302,0.004729887705007266,0.6414038027397395,-0.009806174091257133,0.041183974364838394,Smart
2023,203937,493,1.103448275862069,1.0099621083071841,0.09348616755488481,0.0023853380139181026,0.004729887705007266,0.6647558196820822,0.06214547394188393,0.03982043855435244,Anderson
2023,203939,269,1.4646840148698885,1.3724093860451363,0.09227462882475224,0.002799349116734171,0.004729887705007266,0.6282028068700448,0.0579671808306009,0.04193517583773301,Powell
2023,203943,24,0.9583333333333334,1.1161751640717965,-0.15784183073846314,0.044716562458218166,0.004729887705007266,0.09565676988729521,-0.01509863968153857,0.065402155356048,Vonleh
2023,203944,1430,1.0727272727272728,1.0662517439579997,0.006475528769273042,0.0009918721185737205,0.004729887705007266,0.8266491168528368,0.005352990138274697,0.028634423529205512,Randle
2023,203952,529,1.113421550094518,1.0359118425764389,0.07750970751807906,0.0026686329736195515,0.004729887705007266,0.639301815925335,0.049552096768149534,0.04130450224943046,Wiggins
2023,203954,1322,1.151285930408472,1.0139434932063927,0.13734243720207928,0.0008064130610839774,0.004729887705007266,0.8543408143533135,0.11733724964449324,0.02624788736854137,Embiid
2023,203967,277,1.0794223826714802,1.0478389669185257,0.031583415752954425,0.005098038589265281,0.004729887705007266,0.4812701645680552,0.015200155697045683,0.0495331593059639,Šarić
2023,203991,535,1.308411214953271,1.3332745120102736,-0.02486329705700263,0.0014164760625323593,0.004729887705007266,0.7695424292956595,-0.019133362017545428,0.033015730041910364,Capela
2023,203992,610,1.1344262295081968,1.0363395532733055,0.09808667623489131,0.0026474985671124294,0.004729887705007266,0.641133259198079,0.06288663041838262,0.041199507097234016,Bogdanović
2023,203994,505,1.1227722772277229,1.1245353573492298,-0.0017630801215069436,0.0023184944075205116,0.004729887705007266,0.6710600573996087,-0.0011831326475385587,0.03944425167488143,Nurkić
2023,203999,1019,1.323846908734053,0.9908310627153242,0.3330158460187288,0.0010747057750946133,0.004729887705007266,0.8148525338115925,0.2713588059277723,0.029592680242549796,Jokić
2023,204001,1016,1.1328740157480315,1.0114686443145846,0.12140537143344687,0.0012794208446529223,0.004729887705007266,0.7870935010109823,0.0955573788430904,0.03173363880623048,Porziņģis
2023,204060,247,1.2105263157894737,1.0848881693467465,0.1256381464427272,0.007597052197429773,0.004729887705007266,0.3837033150516265,0.04820777328701614,0.05399087064286005,Ingles
2023,204456,521,1.1362763915547025,0.96415010650172,0.17212628505298255,0.0020648948599240194,0.004729887705007266,0.6961058223435732,0.11981810920375072,0.03791286502653719,McConnell
2023,1626145,710,1.0464788732394366,1.0176854406540183,0.02879343258541822,0.002088196060134607,0.004729887705007266,0.693726839964813,0.01997477699922206,0.03806097284652815,Jones
2023,1626149,208,1.2019230769230769,1.2003615076987457,0.0015615692243311496,0.003922270394861055,0.004729887705007266,0.5466714373930882,0.0008536652924539194,0.046305433748136386,Harrell
2023,1626153,287,1.1045296167247387,1.0212214334708805,0.08330818325385825,0.004810197578934487,0.004729887705007266,0.4957909247382515,0.0413034412136941,0.04883494963480179,Wright
2023,1626156,948,1.1434599156118144,1.027893768736968,0.11556614687484634,0.0016221969296459692,0.004729887705007266,0.7446197550964265,0.08605283598338574,0.03475514178465046,Russell
2023,1626157,428,1.1308411214953271,1.0293452859433816,0.10149583555194552,0.003152217616888243,0.004729887705007266,0.6000792316068431,0.06090554300930597,0.04349230190964662,Towns
2023,1626158,89,1.2921348314606742,1.1031102705790907,0.18902456088158348,0.010903579215308124,0.004729887705007266,0.30254886706293327,0.05718916674179154,0.05743575139686448,Holmes
2023,1626159,198,0.8888888888888888,1.062787619867648,-0.1738987309787592,0.005932115880427365,0.004729887705007266,0.44362090737511733,-0.07714511282817858,0.05129922640283702,Winslow
2023,1626162,819,0.9938949938949939,1.086297833535253,-0.0924028396402592,0.0016812167214526792,0.004729887705007266,0.7377648826754479,-0.06817157014607406,0.03521849879331226,Oubre Jr.
2023,1626163,63,1.1904761904761905,1.0325099702723333,0.1579662202038572,0.023631336657464933,0.004729887705007266,0.1667730435243794,0.026344507317439578,0.06277794148357098,Kaminsky
2023,1626164,1067,1.091846298031865,0.989799637440794,0.10204666059107104,0.001194378392809589,0.004729887705007266,0.7983921766698279,0.08147325547119234,0.03088012896350432,Booker
2023,1626166,450,0.9866666666666667,0.9609099213431594,0.025756745323507246,0.0030984476381155147,0.004729887705007266,0.6042009568691367,0.01556225017029774,0.04326759789679005,Payne
2023,1626167,733,1.223738062755798,1.0928644797680422,0.13087358298775587,0.0017241539866594932,0.004729887705007266,0.7328567014239057,0.09591158233193454,0.03554655824985245,Turner
2023,1626168,408,1.1299019607843137,1.138829902625282,-0.008927941840968234,0.0038375176055436807,0.004729887705007266,0.5520793675049207,-0.00492893248468246,0.046028407450807524,Lyles
2023,1626169,121,1.2231404958677685,1.0103842866673134,0.21275620920045513,0.010548286444281203,0.004729887705007266,0.30958461782081104,0.06586604971432743,0.05714531675926942,Johnson
2023,1626171,802,1.1109725685785536,1.0317308674802332,0.0792417010983204,0.00161539886432086,0.004729887705007266,0.7454175084653573,0.059068151399266564,0.034700815503671135,Portis
2023,1626172,384,1.2604166666666667,1.152782052748693,0.1076346139179738,0.00222213699197655,0.004729887705007266,0.680361176947395,0.07323041260551111,0.03888258915246655,Looney
2023,1626174,767,1.1694915254237288,1.1080812278681778,0.06141029755555105,0.0016677611794602826,0.004729887705007266,0.7393165505676099,0.04540164935810053,0.03511414874903199,Wood
2023,1626179,1186,0.9704890387858347,1.0441840919478573,-0.07369505316202263,0.0012016848782689404,0.004729887705007266,0.7974087206389355,-0.058765078059346804,0.030955354971177292,Rozier
2023,1626181,709,1.1198871650211566,1.0398388017681062,0.08004836325305043,0.0019589292329813233,0.004729887705007266,0.7071336753356569,0.05660489331173328,0.03721860862848775,Powell
2023,1626192,421,1.0427553444180522,1.110892831477778,-0.06813748705972578,0.004254872136932656,0.004729887705007266,0.5264345166944411,-0.03586992506906047,0.04732770390588145,Connaughton
2023,1626195,169,1.0710059171597632,1.1064010248511449,-0.035395107691381655,0.005665177012033368,0.004729887705007266,0.45501281942512184,-0.016105227744511383,0.05077133211555208,Hernangomez
2023,1626196,553,1.057866184448463,1.0109706331240362,0.04689555132442669,0.002775605273351352,0.004729887705007266,0.6301901445575196,0.029553114268245036,0.04182294930355704,Richardson
2023,1626204,305,1.2655737704918033,1.1868437796933846,0.07872999079841869,0.0032139615512281373,0.004729887705007266,0.5954150881318162,0.04687702440985755,0.04374518488104457,Nance Jr.
2023,1626220,590,1.0525423728813559,1.0780331842940172,-0.025490811412661296,0.0029182469960806947,0.004729887705007266,0.6184367679003393,-0.015764455021203334,0.04248236387244734,O'Neale
2023,1626224,528,1.125,1.1289585670977635,-0.003958567097763543,0.002975356667382553,0.004729887705007266,0.6138530429944389,-0.0024299784588598158,0.04273677274042312,Osman
2023,1626246,60,1.3666666666666667,1.019097126986314,0.34756953968035265,0.01574599198503951,0.004729887705007266,0.23099802189726876,0.08028787613790572,0.0603099743106758,Marjanović
2023,1627732,235,1.1319148936170214,1.1081535531811646,0.02376134043585676,0.003655222658819312,0.004729887705007266,0.5640817472614353,0.013403338430331877,0.045407536643341344,Simmons
2023,1627734,937,1.264674493062967,1.088870184332148,0.17580430873081898,0.0010517998973798384,0.004729887705007266,0.818080814856621,0.14382213214181336,0.029333552753026838,Sabonis
2023,1627736,934,1.04389721627409,1.0338139471803156,0.010083269093774438,0.0018576247264665926,0.004729887705007266,0.7180081638113923,0.007239869527237147,0.036521085949091356,Beasley
2023,1627739,216,1.1527777777777777,0.9280979445565182,0.2246798332212595,0.005233971052974,0.004729887705007266,0.47470441120198775,0.1066565079382588,0.04984565324028034,Dunn
2023,1627741,1036,1.194980694980695,1.084976749583834,0.11000394539686087,0.0016243640270824096,0.004729887705007266,0.7443658048863265,0.08188317535600585,0.034772417753840365,Hield
2023,1627742,835,1.044311377245509,0.9570408885563377,0.08727048868917131,0.001389292203428716,0.004729887705007266,0.7729610463792019,0.06745668825520616,0.032769936760523775,Ingram
2023,1627745,85,1.411764705882353,1.251323189002442,0.16044151687991093,0.012209311363242723,0.004729887705007266,0.2792273522467032,0.04479965994882226,0.058388129655897104,Jones
2023,1627747,741,1.0350877192982457,1.0678694075777806,-0.03278168827953487,0.0018975890775486414,0.004729887705007266,0.7136785024214252,-0.023395586198184434,0.03680038764844969,LeVert
2023,1627749,1318,1.0295902883156298,1.0066606819188342,0.022929606396795643,0.0009693080929658292,0.004729887705007266,0.829921952618199,0.019029783713595386,0.028362828935119003,Murray
2023,1627750,1033,1.0822846079380446,1.000461197248173,0.08182341068987165,0.0013552648999328387,0.004729887705007266,0.7772833340559784,0.06359997346485502,0.032456506588800324,Murray
2023,1627751,617,1.260940032414911,1.0864169873888638,0.1745230450260471,0.0014736415992964921,0.004729887705007266,0.7624510940451045,0.13306528661619263,0.03351983964182985,Poeltl
2023,1627752,378,1.1322751322751323,1.07608569191646,0.05618944035867224,0.0040189166811337084,0.004729887705007266,0.5406324677346661,0.030377835801738813,0.04661283989354576,Prince
2023,1627759,1382,1.1005788712011577,1.045935138581802,0.05464373261935562,0.0009492463925273112,0.004729887705007266,0.8328536751862582,0.04551023353792555,0.028117314001761772,Brown
2023,1627763,732,1.1475409836065573,0.993845575886345,0.15369540772021228,0.0018971912947255585,0.004729887705007266,0.713721340155739,0.10969569237385261,0.036797634616960465,Brogdon
2023,1627777,502,1.1912350597609562,1.058594474693295,0.1326405850676613,0.0035862063093195598,0.004729887705007266,0.5687631352962936,0.07544107503061778,0.045163059510045844,Niang
2023,1627780,69,1.3768115942028984,1.181344561890832,0.1954670323120664,0.019087068176468394,0.004729887705007266,0.1985932933052152,0.03881844167945018,0.06156755418811134,Payton II
2023,1627783,1310,1.032824427480916,0.9838267416509936,0.048997685829922366,0.000899036823827125,0.004729887705007266,0.8402826651482405,0.04117190603526334,0.027485360801558813,Siakam
2023,1627788,110,1.0363636363636364,1.014004423457773,0.0223592129058634,0.012566225960057924,0.004729887705007266,0.2734653458343492,0.00611446988988578,0.058621048506486285,Korkmaz
2023,1627814,451,1.130820399113082,1.0328761673930673,0.09794423172001476,0.0034648976954626503,0.004729887705007266,0.5771826196615275,0.0565317082448938,0.04472000367538359,Lee
2023,1627823,113,1.0,1.1438648096586632,-0.14386480965866322,0.014092347061327443,0.004729887705007266,0.2512925677384018,-0.036152157426321906,0.059508840339076455,Hernangomez
2023,1627826,513,1.2709551656920077,1.2214643429622605,0.04949082272974725,0.0015896561603841238,0.004729887705007266,0.7484539716402979,0.03704160283182526,0.034493252481927014,Zubac
2023,1627827,499,1.0140280561122244,1.1457261628649804,-0.13169810675275606,0.0033775846479835725,0.004729887705007266,0.5833985611141078,-0.07683248598101006,0.044390066723026186,Finney-Smith
2023,1627832,1105,0.9782805429864253,1.0140375646167412,-0.03575702163031591,0.0014053261320670488,0.004729887705007266,0.7709409697222218,-0.02756655293005421,0.03291539899548158,VanVleet
2023,1627853,37,0.7027027027027027,0.9737047176629876,-0.27100201496028486,0.043444544829112454,0.004729887705007266,0.09818253077827757,-0.026607663674813407,0.06531075990855253,Arcidiacono
2023,1627854,82,0.9024390243902439,1.004374831948299,-0.10193580755805509,0.01927375368859011,0.004729887705007266,0.19704875720518367,-0.020086324194021524,0.06162685462536203,Forbes
2023,1627863,197,1.131979695431472,1.1657111457223917,-0.03373145029091962,0.007737471582361354,0.004729887705007266,0.3793816794707585,-0.01279709426235349,0.0541798390895868,House Jr.
2023,1627884,230,1.117391304347826,1.2570976491182475,-0.13970634477042143,0.005325819051919638,0.004729887705007266,0.4703685001304426,-0.06571346384836964,0.05005094923592934,Jones Jr.
2023,1627885,36,0.9166666666666666,1.1127271639049219,-0.19606049723825525,0.034262955841560375,0.004729887705007266,0.12130143059093766,-0.023782418797370943,0.06446817478303071,Harrison
2023,1627936,286,1.1013986013986015,1.1468057625560248,-0.04540716115742338,0.005257503045256687,0.004729887705007266,0.47358592682300543,-0.021504192501139923,0.049898691891297725,Caruso
2023,1628221,21,1.0476190476190477,1.1313565744889873,-0.08373752686993963,0.09124837251380782,0.004729887705007266,0.049280823534661684,-0.004126654284906486,0.06705814599046142,York
2023,1628365,676,1.0724852071005917,1.0134020408518019,0.05908316624878984,0.0015728701598731445,0.004729887705007266,0.7504473131298074,0.04433880336260606,0.03435631216208823,Fultz
2023,1628368,1330,1.1150375939849624,0.9812541438271805,0.13378345015778192,0.0009344865558351557,0.004729887705007266,0.8350238679856976,0.11171237402322284,0.027934182974164543,Fox
2023,1628369,1559,1.0865939704939063,1.0520567456535221,0.03453722484038413,0.0008990416425037645,0.004729887705007266,0.8402819458195371,0.029021006492084826,0.027485422695237124,Tatum
2023,1628370,793,1.0807061790668349,1.0699212660886919,0.010784912978142991,0.0018629567313579614,0.004729887705007266,0.7174274701398766,0.007737392833587848,0.03655866976187996,Monk
2023,1628371,53,0.9433962264150944,1.0782115806810364,-0.13481535426594204,0.023584195660382973,0.004729887705007266,0.16705070914599518,-0.022521000533894185,0.06276748051104869,Isaac
2023,1628372,451,0.8780487804878049,1.0346376218060747,-0.15658884131826978,0.0025913038039775452,0.004729887705007266,0.6460543613976755,-0.10116490387987671,0.0409160497148256,Smith Jr.
2023,1628373,131,0.8625954198473282,1.033653356553955,-0.17105793670662672,0.011539336055123297,0.004729887705007266,0.29072608347783324,-0.04973100398651668,0.057920514304005855,Ntilikina
2023,1628374,1143,1.174103237095363,1.0799393247223155,0.09416391237304755,0.0012233391085095424,0.004729887705007266,0.7945082311105718,0.0748140034539609,0.03117616062234573,Markkanen
2023,1628378,1396,1.1482808022922637,1.0495532183466474,0.09872758394561632,0.001027739970906242,0.004729887705007266,0.8214994041372812,0.0811046513832372,0.029056630460319113,Mitchell
2023,1628379,380,1.3394736842105264,1.0543664842800975,0.2851071999304289,0.004594280087220348,0.004729887705007266,0.5072718349137794,0.1446268524558384,0.04827575882316201,Kennard
2023,1628380,547,1.1389396709323583,1.0268185867960145,0.11212108413634381,0.002231579671580101,0.004729887705007266,0.6794383208509611,0.07617936113758678,0.038938679290694014,Collins
2023,1628381,707,1.1145685997171146,1.114121503993895,0.0004470957232196593,0.0017929863634292434,0.004729887705007266,0.7251232593765204,0.000324199508074342,0.03605740029269258,Collins
2023,1628382,27,0.7037037037037037,1.047444402603335,-0.3437406988996312,0.06526456859566138,0.004729887705007266,0.06757517602093413,-0.023228338233701497,0.06640982390265877,Jackson
2023,1628384,884,1.1131221719457014,1.1441592137110126,-0.03103704176531119,0.0015215598848092413,0.004729887705007266,0.756606791795258,-0.02348283659686753,0.03392967054024961,Anunoby
2023,1628386,626,1.2891373801916932,1.2518865619157589,0.03725081827593435,0.0012624326722181568,0.004729887705007266,0.789324903752444,0.029402998550351663,0.031566905890386805,Allen
2023,1628389,1113,1.082659478885894,1.0318526343038303,0.05080684458206375,0.0008117091302161446,0.004729887705007266,0.8535243262272758,0.04336487778963988,0.026321350430026626,Adebayo
2023,1628392,327,1.0948012232415902,1.1597503514400458,-0.06494912819845555,0.0030774177860551327,0.004729887705007266,0.6058284398403417,-0.03934802900546067,0.043178550416412775,Hartenstein
2023,1628396,12,1.25,1.1594719845141572,0.09052801548584277,0.11137313682986195,0.004729887705007266,0.04073871222525076,0.003687994771200793,0.06735872750382998,Bradley
2023,1628398,1134,1.0388007054673722,1.0206002970706816,0.01820040839669068,0.0012252433785324183,0.004729887705007266,0.7942541715128556,0.014455750292309178,0.031195426980855354,Kuzma
2023,1628401,758,1.1200527704485488,1.0413116116392527,0.07874115880929611,0.0020066856105092836,0.004729887705007266,0.7021207197601153,0.05528579909792852,0.03753579018993798,White
2023,1628402,3,0.0,0.8924497406065629,-0.8924497406065629,0.43788275652190606,0.004729887705007266,0.010686291425923214,-0.00953697801111131,0.06840572159241994,Jackson
2023,1628404,520,1.175,1.1403514179897243,0.034648582010275764,0.002421435659604521,0.004729887705007266,0.6614003400283984,0.022916583923098238,0.04001922498773958,Hart
2023,1628408,32,0.6875,1.0319584177834054,-0.34445841778340536,0.046480413453895766,0.004729887705007266,0.09236203650376236,-0.031814880957339114,0.06552118469730754,Dozier
2023,1628410,268,1.041044776119403,1.0703630557339847,-0.029318279614581666,0.004766962306161051,0.004729887705007266,0.4980480579818473,-0.014601912225411181,0.04872552020303303,Sumner
2023,1628415,989,0.9373104145601617,1.024717300707262,-0.08740688614710035,0.0014612184307230892,0.004729887705007266,0.7639810401100947,-0.06677720379144636,0.03341172214256347,Brooks
2023,1628416,5,1.8,0.8885543121565638,0.9114456878434363,0.2770368021884533,0.004729887705007266,0.01678653962537479,0.015300019155360825,0.06819449580152043,Dorsey
2023,1628418,368,1.3206521739130435,1.160842535698893,0.1598096382141505,0.002713118805657807,0.004729887705007266,0.6354807963999247,0.1015559561647122,0.041522703420502814,Bryant
2023,1628420,514,1.11284046692607,0.9971039964186464,0.11573647050742364,0.002730175898052908,0.004729887705007266,0.6340277987800306,0.07338013963439174,0.041605377235698494,Morris
2023,1628424,6,0.5,1.0613323666170575,-0.5613323666170575,0.2911948891531758,0.004729887705007266,0.01598341225504745,-0.008972006627741867,0.06822234208745735,Simmons
2023,1628425,4,0.0,1.1089482349864404,-1.1089482349864404,0.37887618394128275,0.004729887705007266,0.012330064758121276,-0.013673403550787099,0.06834886892484676,Brown
2023,1628427,223,1.147982062780269,1.048709555101493,0.09927250767877593,0.006602800835053028,0.004729887705007266,0.41736677826161284,0.041433046699841936,0.05249561612200746,Čančar
2023,1628432,84,0.8690476190476191,1.0349781680029675,-0.16593054895534842,0.01842774955950048,0.004729887705007266,0.2042474217461065,-0.03389088681304602,0.06134998236438967,Reed
2023,1628435,5,1.2,1.0172834792851682,0.1827165207148318,0.165465674298126,0.004729887705007266,0.02779089918290695,0.00507785640623742,0.06781179744447818,Comanche
2023,1628436,169,1.3550295857988166,1.3084162530985328,0.04661333270028378,0.0050039699267735065,0.004729887705007266,0.48592119218636554,0.022650406197501593,0.049310597567688255,Kornet
2023,1628449,526,1.1102661596958174,1.185126420894884,-0.07486026119906652,0.0024207893611606977,0.004729887705007266,0.6614601192642036,-0.04951707730088397,0.04001569216628484,Boucher
2023,1628464,43,1.0232558139534884,1.1577209226936198,-0.1344651087401314,0.026147612252152824,0.004729887705007266,0.15318234026619976,-0.02059768004096236,0.06328785378852665,Theis
2023,1628467,169,1.1420118343195267,1.1339203014254025,0.008091532894124231,0.009633028091556688,0.004729887705007266,0.3293124997738132,0.002664642924366088,0.05632296655203717,Kleber
2023,1628470,499,1.1142284569138277,1.113232529539301,0.000995927374526584,0.0030024921399559295,0.004729887705007266,0.6116988300941104,0.0006092076098566104,0.04285581558409318,Craig
2023,1628960,557,1.1418312387791743,1.0955464328772704,0.04628480590190387,0.00301074207059437,0.004729887705007266,0.6110468840553271,0.028282186425463974,0.04289177731140287,Allen
2023,1628962,72,1.6388888888888888,1.3848349948466623,0.25405389404222656,0.009778830874472275,0.004729887705007266,0.3260031324680182,0.08282236527346384,0.056461752514006605,Azubuike
2023,1628963,380,1.1131578947368421,1.046665723684174,0.06649217105266803,0.0029203135436515915,0.004729887705007266,0.6182697096807033,0.04111009529277272,0.04249166279177711,Bagley III
2023,1628964,241,1.170124481327801,1.1617581498211094,0.008366331506691527,0.005980676795926361,0.004729887705007266,0.44160956265143325,0.003694651997666952,0.0513918676855455,Bamba
2023,1628966,465,1.135483870967742,1.0725020572527422,0.06298181371499978,0.0027316368893462962,0.004729887705007266,0.6339036540315853,0.03992440185147498,0.04161243330597347,Bates-Diop
2023,1628969,1264,1.071993670886076,1.0343234822368017,0.037670188649274294,0.0010572932215951486,0.004729887705007266,0.8173042738762493,0.030788006180776453,0.02939609274631755,Bridges
2023,1628971,740,1.0905405405405406,1.077033872701292,0.013506667839248587,0.001744744511813839,0.004729887705007266,0.730526081886012,0.009866973135942078,0.0357012796984574,Brown
2023,1628972,464,1.0926724137931034,1.0814585422310072,0.01121387156209619,0.003470051388482003,0.004729887705007266,0.5768198581819693,0.006468383804119143,0.04473918360663653,Brown Jr.
2023,1628973,1195,1.094560669456067,0.9799695404780808,0.11459112897798618,0.0010596899879314252,0.004729887705007266,0.8169659266816843,0.09361704787500089,0.02942330051142631,Brunson
2023,1628975,565,1.0973451327433628,1.0504251436830467,0.046919989060316025,0.002886714724200099,0.004729887705007266,0.6209970585926315,0.029137175195654702,0.042339595566376176,Carter
2023,1628976,613,1.1810766721044046,1.0977863345541188,0.08329033755028581,0.002125344540768476,0.004729887705007266,0.6899675365370542,0.0574676290169104,0.03829384724843538,Carter Jr.
2023,1628977,374,1.1631016042780749,1.0914473052334588,0.07165429904461607,0.0024679861161737357,0.004729887705007266,0.6571228980270181,0.0470856806442927,0.040271207940047314,Diallo
2023,1628978,539,1.150278293135436,1.0681390992973945,0.08213919383804158,0.0031743222444336667,0.004729887705007266,0.5984010717404858,0.04915218162458359,0.043583458251024214,DiVincenzo
2023,1628981,112,1.0535714285714286,1.1933027701154206,-0.13973134154399203,0.007658794908929786,0.004729887705007266,0.38179101462218623,-0.05334817066259996,0.05407456961514846,Fernando
2023,1628983,1380,1.0623188405797102,0.9952292351481954,0.06708960543151476,0.0007678423564597412,0.004729887705007266,0.8603346566901374,0.05771951265639903,0.025702167031924322,Gilgeous-Alexander
2023,1628984,427,1.0257611241217799,1.049965749105984,-0.02420462498420406,0.004270719561974558,0.004729887705007266,0.5255076201756486,-0.012719714872693121,0.0473739978622328,Graham
2023,1628988,220,1.0,1.026604563863651,-0.026604563863650954,0.006325860789699872,0.004729887705007266,0.42782157239481944,-0.011382006345025543,0.052022492345139844,Holiday
2023,1628989,866,1.2066974595842956,1.066694528596707,0.14000293098758854,0.0018529070797384344,0.004729887705007266,0.718522733834545,0.10059528871805125,0.036487749457524005,Huerter
2023,1628991,819,1.137973137973138,1.0893962516062006,0.048576886366937355,0.0015603232658424374,0.004729887705007266,0.7519442077422622,0.03652710833377261,0.03425311725895485,Jackson Jr.
2023,1628993,5,1.2,1.1912822302497756,0.008717769750224313,0.23770667018298589,0.004729887705007266,0.019509795660407357,0.00017008190644135683,0.06809998944482958,Johnson
2023,1628995,332,1.1114457831325302,1.1183424370173143,-0.00689665388478411,0.004643504390483376,0.004729887705007266,0.5046079004080842,-0.0034801060366421673,0.04840608433882602,Knox II
2023,1628997,547,1.0822669104204754,1.0798565110804363,0.00241039934003906,0.0025638877950500973,0.004729887705007266,0.6484827651975396,0.001563102429258854,0.040775446619139684,Martin
2023,1628998,36,0.8611111111111112,1.1144855465214953,-0.2533744354103842,0.03653419636621652,0.004729887705007266,0.11462480778304089,-0.029042995956051795,0.06471263582937602,Martin
2023,1629001,649,1.0955315870570108,1.0845947091232948,0.010936877933716005,0.0025242767727241093,0.004729887705007266,0.6520237746920322,0.0071311044336875035,0.04056955101697571,Melton
2023,1629002,219,1.2191780821917808,1.2573707521061641,-0.038192669914383304,0.00435900994387832,0.004729887705007266,0.52040279115556,-0.019875572025128053,0.047628152824449516,Metu
2023,1629003,499,1.0721442885771544,1.0459334341249629,0.026210854452191512,0.0025159649065247683,0.004729887705007266,0.6527717245420477,0.017109704662477663,0.04052592689772122,Milton
2023,1629004,173,1.1329479768786128,1.1103974916635722,0.02255048521504066,0.00911505808788185,0.004729887705007266,0.34163280779593785,0.0077039855811751245,0.05580325158793301,Mykhailiuk
2023,1629006,414,0.9420289855072463,1.1148886153081587,-0.1728596298009124,0.0034907606443911033,0.004729887705007266,0.5753667477278023,-0.09945768301198286,0.044815930192951665,Okogie
2023,1629008,815,1.207361963190184,1.085479660802576,0.12188230238760789,0.0019147763527785975,0.004729887705007266,0.7118324815029641,0.08675978175986557,0.03691882992080849,Porter Jr.
2023,1629011,280,1.3428571428571427,1.4416259510998646,-0.09876880824272183,0.0024242807888522704,0.004729887705007266,0.6611373088384703,-0.06529974407877603,0.04003476584932893,Robinson
2023,1629012,468,1.1153846153846154,0.9900226929475593,0.12536192243705613,0.00262510805591934,0.004729887705007266,0.6430850348187528,0.08061837625538003,0.0410873180621938,Sexton
2023,1629013,299,1.0066889632107023,1.0601214251148103,-0.053432461904108,0.0055899660814522825,0.004729887705007266,0.458328945630339,-0.024489643926943073,0.050616630273274635,Shamet
2023,1629014,1044,1.0977011494252873,1.0623911871844747,0.03530996224081262,0.0014686282404127859,0.004729887705007266,0.7630677643899709,0.026943893947791175,0.03347630308340157,Simons
2023,1629018,935,1.0438502673796792,1.044539202497694,-0.0006889351180148218,0.001581906765079782,0.004729887705007266,0.749372896633948,-0.0005162693049796178,0.03443019103566918,Trent Jr.
2023,1629020,451,1.1596452328159645,1.1997352222214162,-0.04008998940545161,0.002395219111150153,0.004729887705007266,0.6638339363953706,-0.026613095477069644,0.039875151800140236,Vanderbilt
2023,1629021,396,1.128787878787879,1.1573473858127927,-0.028559507024913833,0.003345779006170007,0.004729887705007266,0.5856962495072734,-0.01672719615226866,0.04426748485733005,Wagner
2023,1629022,525,1.0723809523809524,1.0731969632445795,-0.0008160108636270369,0.0027730688861427933,0.004729887705007266,0.6304031814053538,-0.0005144158444918143,0.04181090106755196,Walker IV
2023,1629023,977,1.0409416581371544,1.0507198220318892,-0.009778163894734737,0.0014479154018486847,0.004729887705007266,0.7656261656766256,-0.007486418130083376,0.03329507346953208,Washington
2023,1629026,346,1.1791907514450868,1.1106264002193493,0.06856435122573745,0.003893828714940532,0.004729887705007266,0.5484744018328814,0.03760579152559594,0.046213259734265724,Williams
2023,1629027,1387,0.9718817591925017,0.9744675217447388,-0.002585762552237081,0.0009521650079560051,0.004729887705007266,0.8324258756375673,-0.0021524556567367827,0.02815327317558704,Young
2023,1629028,887,1.1848928974069899,1.0673726257928642,0.1175202716141257,0.0010180074562025378,0.004729887705007266,0.8228903924565892,0.09670630243015287,0.028943195317003966,Ayton
2023,1629029,1439,1.127866574009729,0.9954114652164733,0.13245510879325562,0.0009417756549403041,0.004729887705007266,0.8339507133672669,0.11046103246727447,0.028024890352495432,Dončić
2023,1629033,87,0.9655172413793104,1.057808888300294,-0.09229164692098368,0.019664079362092916,0.004729887705007266,0.19389579776002905,-0.01789496250633106,0.06174773157881615,Pinson
2023,1629048,125,1.152,1.1597601239127162,-0.007760123912716299,0.008783415952464034,0.004729887705007266,0.35001712570798205,-0.0027161762670667383,0.05544678534936988,Bitadze
2023,1629052,319,0.9216300940438872,1.1075139661809354,-0.18588387213704827,0.004519454933774847,0.004729887705007266,0.5113755528068602,-0.09505646787196277,0.04807430462466206,Brissett
2023,1629056,363,1.09366391184573,1.0966968137669746,-0.003032901921244502,0.004633204016761385,0.004729887705007266,0.5051630215274457,-0.001532109898532268,0.04837895555363178,Davis
2023,1629057,170,1.4941176470588236,1.293773665353172,0.2003439817056516,0.004508716147505264,0.004729887705007266,0.5119699665140339,0.10257010160513068,0.04804505442872923,Williams III
2023,1629060,584,1.0599315068493151,1.042505841095277,0.017425665754038144,0.0020891520917937023,0.004729887705007266,0.6936295792299392,0.01208695720477504,0.03806701572724362,Hachimura
2023,1629111,336,1.1220238095238095,1.137914373793338,-0.015890564269528396,0.00339119196052207,0.004729887705007266,0.5824210449607711,-0.00925499904687502,0.04444211477089979,Landale
2023,1629117,259,1.2355212355212355,1.1562540774190908,0.07926715810214469,0.003990392044156909,0.004729887705007266,0.5424009138537806,0.04299457899319539,0.04652302968837652,Gabriel
2023,1629126,2,0.0,0.8553458737098298,-0.8553458737098298,0.7346225495895193,0.004729887705007266,0.006397338355054451,-0.005471936964721455,0.06855384024966743,Burton
2023,1629130,237,1.0084388185654007,1.0741853250004534,-0.06574650643505264,0.007822739634583596,0.004729887705007266,0.376804598515344,-0.02477358596104649,0.05429221184755085,Robinson
2023,1629134,449,1.0267260579064588,1.026177518180002,0.0005485397264568537,0.0033281475554272997,0.004729887705007266,0.5869777870334345,0.0003219806347355695,0.04419896703550266,Nunn
2023,1629139,231,1.2467532467532467,1.1501375548276354,0.09661569192561137,0.006814564320986106,0.004729887705007266,0.409710889209596,0.039584501050442616,0.05283939068088507,Watanabe
2023,1629162,140,1.042857142857143,1.0563430635121658,-0.013485920655022854,0.010905414930028254,0.004729887705007266,0.30251334530670054,-0.0040796709718916935,0.05743721400312245,McLaughlin
2023,1629216,567,1.0105820105820107,1.0384270228186105,-0.027845012236599853,0.0029119572235889618,0.004729887705007266,0.6189457845850485,-0.01723455294556257,0.04245401804814674,Vincent
2023,1629234,334,1.3023952095808384,1.200513488065619,0.10188172151521946,0.002593868148526202,0.004729887705007266,0.6458281515112567,0.06579808387895882,0.040929122536729305,Eubanks
2023,1629308,141,0.9645390070921985,1.0350255269489805,-0.070486519856782,0.008757366937862872,0.004729887705007266,0.35069314180315114,-0.02471913910334508,0.055417944073758024,Toscano-Anderson
2023,1629312,216,1.0324074074074074,1.0953713165210885,-0.0629639091136811,0.006870094625254869,0.004729887705007266,0.4077495611926833,-0.02567350631207946,0.052927101458514474,Highsmith
2023,1629599,144,0.8541666666666666,1.0009073798023718,-0.14674071313570514,0.008575987333582715,0.004729887705007266,0.35547363035422663,-0.05216245401911725,0.055213561299199965,Coffey
2023,1629603,50,1.1,1.1019701107358195,-0.0019701107358194303,0.027215354484455678,0.004729887705007266,0.14806235235140608,-0.0002916992299381844,0.06347888944401828,Diakite
2023,1629611,522,1.1839080459770115,1.1396255389665357,0.04428250701047576,0.002513942478083298,0.004729887705007266,0.6529539739968435,0.02891443893103323,0.04051529009477733,Mann
2023,1629614,643,1.026438569206843,1.0189635816539058,0.0074749875529371845,0.0021986033152675156,0.004729887705007266,0.6826721274756996,0.005102965655618002,0.038741775936433284,Nembhard
2023,1629622,790,1.0696202531645569,1.081612047212668,-0.011991794048111126,0.0021830484102415993,0.004729887705007266,0.684208218642997,-0.008204884043991808,0.03864789339644311,Strus
2023,1629623,37,1.135135135135135,1.0061899201479128,0.12894521498722233,0.03973659651747659,0.004729887705007266,0.10636972514718546,0.013715867077235579,0.06501362049485163,Wigginton
2023,1629626,478,1.1548117154811715,1.0994067064964967,0.05540500898467471,0.0024102405619509074,0.004729887705007266,0.6624373580087358,0.036702347772258184,0.03995789521514177,Bol
2023,1629627,468,1.232905982905983,1.1022955337247355,0.13061044918124742,0.00195064411460943,0.004729887705007266,0.7080106543491697,0.09247358958965396,0.03716284187178073,Williamson
2023,1629628,1176,0.9702380952380952,1.064118218844335,-0.09388012360623976,0.001105633206223994,0.004729887705007266,0.8105339312389317,-0.07609302565176235,0.029935818498064128,Barrett
2023,1629629,310,1.0419354838709678,1.1037656063542678,-0.0618301224833,0.004608262662411836,0.004729887705007266,0.5065122662309969,-0.031317715460356395,0.04831295441727722,Reddish
2023,1629630,1207,1.0115990057995028,1.0440018792569046,-0.03240287345740178,0.0009855395267669923,0.004729887705007266,0.8275650293843303,-0.026815484924911443,0.02855867727028591,Morant
2023,1629631,822,1.0437956204379562,1.033630732094929,0.0101648883430272,0.001612930829675794,0.004729887705007266,0.7457075555833492,0.007580034039056495,0.034681042463031005,Hunter
2023,1629632,593,1.102866779089376,1.0700923233241912,0.032774455765184785,0.0026598656272317947,0.004729887705007266,0.6400602959739297,0.02097762785744864,0.0412610516179225,White
2023,1629633,43,0.813953488372093,1.0921402932480242,-0.27818680487593117,0.02843534172216632,0.004729887705007266,0.14261585964280654,-0.03967385031866661,0.06368147849998233,Culver
2023,1629634,349,1.3151862464183381,1.1508567968591357,0.16432944955920248,0.002480545349848523,0.004729887705007266,0.6559783121239817,0.10779655495410863,0.04033836823348989,Clarke
2023,1629636,1128,1.075354609929078,1.0024434815722763,0.0729111283568018,0.0011967898317366077,0.004729887705007266,0.7980673278887169,0.05818798938106407,0.030904997380009944,Garland
2023,1629637,155,1.1290322580645162,1.2339073727822532,-0.10487511471773692,0.006262191259053188,0.004729887705007266,0.43029964763463213,-0.04512772490868382,0.051909716741581825,Hayes
2023,1629638,293,1.1023890784982935,1.0347795429049662,0.06760953559332727,0.005298114845367477,0.004729887705007266,0.47166797986409675,0.03188925307285442,0.04998951016165751,Alexander-Walker
2023,1629639,1106,1.0641952983725136,1.0074469042446927,0.056748394127820845,0.00135056028251907,0.004729887705007266,0.7778847405175306,0.04414370984090648,0.03241265547468503,Herro
2023,1629640,1110,1.027027027027027,1.0369084416068066,-0.009881414579779646,0.001208728129825051,0.004729887705007266,0.7964629867560408,-0.007870180969585984,0.031027523530834742,Johnson
2023,1629641,259,0.9961389961389961,1.0438495148065128,-0.04771051866751663,0.0046340677014260765,0.004729887705007266,0.5051164278033276,-0.024099366757979978,0.048381233175097106,Langford
2023,1629642,301,1.0830564784053156,1.0650470081988006,0.018009470206515,0.004993843300542606,0.004729887705007266,0.4864272471449135,0.008760297015093427,0.04928632111809531,Little
2023,1629643,122,0.9180327868852459,1.095388735610395,-0.17735594872514915,0.014047910786344731,0.004729887705007266,0.25188723306332145,-0.044673699191698134,0.05948520301968181,Okeke
2023,1629644,38,1.0263157894736843,1.0981138151146987,-0.07179802564101445,0.04159037655039823,0.004729887705007266,0.10211270986985563,-0.007331490961509364,0.06516829024969784,Okpala
2023,1629645,883,1.045300113250283,1.0183685171192827,0.02693159613100038,0.001607837307220665,0.004729887705007266,0.7463068681398257,0.020099235162533542,0.03464015047932421,Porter Jr.
2023,1629646,135,1.3111111111111111,1.1708180879358803,0.14029302317523085,0.006800169407630812,0.004729887705007266,0.4102224003576568,0.05755134072037557,0.05281649190581496,Bassey
2023,1629647,183,1.0163934426229508,1.1775378037365103,-0.16114436111355945,0.006312111187303836,0.004729887705007266,0.4283542998995262,-0.0690268799875552,0.05199826889931531,Bazley
2023,1629650,96,1.2708333333333333,1.338778334962534,-0.0679450016292007,0.007995942789323056,0.004729887705007266,0.3716761516754879,-0.02525353673112607,0.054515146931407604,Brown
2023,1629651,587,1.4105621805792163,1.3077365269454237,0.10282565363379259,0.0012776839463126248,0.004729887705007266,0.7873210640722177,0.08095680303287887,0.031716675175037595,Claxton
2023,1629652,872,0.9323394495412844,1.0965911528795143,-0.1642517033382298,0.0016574200769906044,0.004729887705007266,0.7405135099858638,-0.12163060536014939,0.03503344057801564,Dort
2023,1629653,10,0.3,0.9246970328243943,-0.6246970328243944,0.14125272574200257,0.004729887705007266,0.03240034955754622,-0.0202404022310723,0.06765085136195323,Dotson
2023,1629655,395,1.4632911392405064,1.2126282324498827,0.25066290679062364,0.002049875326187087,0.004729887705007266,0.697647938909456,0.17487446028353165,0.03781654791669607,Gafford
2023,1629656,602,1.197674418604651,1.1726594428262627,0.025014975778388404,0.0027877273792857623,0.004729887705007266,0.6291739670057973,0.015738771545042565,0.04188037122753209,Grimes
2023,1629659,607,0.9373970345963756,0.9847203621883496,-0.047323327591973996,0.0021394480016522725,0.004729887705007266,0.6885509614010907,-0.03258452271015246,0.03838123211161042,Horton-Tucker
2023,1629660,241,1.112033195020747,0.960982725282868,0.15105046973787895,0.005657045079345567,0.004729887705007266,0.4553690490933475,0.0687837087696414,0.05075473611851205,Jerome
2023,1629661,474,1.1582278481012658,1.1048739227210054,0.0533539253802604,0.003255687395650633,0.004729887705007266,0.5923039537399867,0.03160174095027646,0.043913056333911786,Johnson
2023,1629662,7,0.5714285714285714,1.2301653627497224,-0.658736791321151,0.18975469636924513,0.004729887705007266,0.02432011630907177,-0.016020555381995132,0.06793273353761528,Kabengele
2023,1629663,13,1.5384615384615385,1.0664150852602328,0.4720464532013058,0.12508533613278716,0.004729887705007266,0.03643553941652724,0.01719926715204806,0.067509641497313,King
2023,1629667,617,1.0356564019448946,1.1127605699709693,-0.07710416802607467,0.0021308027056165337,0.004729887705007266,0.6894186185231475,-0.053157049002913036,0.038327732226829385,McDaniels
2023,1629669,620,1.011290322580645,1.053652597954918,-0.04236227537427295,0.0021493011951867315,0.004729887705007266,0.6875647367197433,-0.029126806714561245,0.03844195247902992,Nowell
2023,1629670,444,1.0675675675675675,1.087205426739848,-0.01963785917228056,0.003296417522429789,0.004729887705007266,0.5892982600311109,-0.011572556240960924,0.04407463114200662,Nwora
2023,1629673,1269,1.0354609929078014,1.0069909009175202,0.028470091990281166,0.0011696924042597426,0.004729887705007266,0.8017329398710257,0.02282541054976666,0.030623209009050172,Poole
2023,1629674,9,1.3333333333333333,1.1955269993192346,0.1378063340140987,0.08952922020566491,0.004729887705007266,0.05017963579169138,0.006915071650615644,0.06702644002656266,Queta
2023,1629675,577,1.2045060658578857,1.099529974697198,0.10497609116068762,0.0022609620387746537,0.004729887705007266,0.676582658526499,0.07102500283921814,0.03911173362332138,Reid
2023,1629676,155,0.9806451612903225,1.0743625080228303,-0.09371734673250776,0.008636347942467247,0.004729887705007266,0.3538683463134181,-0.03316360250911374,0.05528227712918649,Roby
2023,1629677,57,1.0526315789473684,1.1357002547129216,-0.08306867576555321,0.02653741490884761,0.004729887705007266,0.15127264936859,-0.01256601866259562,0.06335917503136304,Samanic
2023,1629678,122,1.098360655737705,1.0791135994954888,0.01924705624221623,0.01325958385772572,0.004729887705007266,0.2629253276569673,0.005060538568916781,0.059044732452502226,Schofield
2023,1629680,252,1.0873015873015872,1.1738250310917693,-0.08652344379018206,0.006190946944037646,0.004729887705007266,0.43310679604703295,-0.037473891522921306,0.051781668526895835,Thybulle
2023,1629684,474,1.1540084388185654,1.0570441571142704,0.09696428170429505,0.0034129725721080877,0.004729887705007266,0.5808631787899043,0.05632298089983659,0.04452493792648632,Williams
2023,1629685,3,1.6666666666666667,1.0523276137267976,0.6143390529398691,0.5732379904766907,0.004729887705007266,0.00818365152037102,0.005027536724614653,0.06849218898749695,Windler
2023,1629714,14,1.4285714285714286,0.9392728435631634,0.4892985850082652,0.11532510021721856,0.004729887705007266,0.03939767757147573,0.019277227888334938,0.0674057943670728,Brantley
2023,1629723,319,1.0532915360501567,1.1478052654287254,-0.09451372937856872,0.004827555755514263,0.004729887705007266,0.4948904719703323,-0.04677394413983614,0.04887853666293159,Konchar
2023,1629726,201,1.0398009950248757,1.0901708168189819,-0.050369821794106207,0.009705702110982956,0.004729887705007266,0.3276546206493063,-0.01650390485212103,0.05639253623760233,Mathews
2023,1629731,177,1.07909604519774,1.1419738517679379,-0.06287780657019781,0.009827238113812654,0.004729887705007266,0.32491906464752235,-0.02043019809787651,0.056507141283279314,Wade
2023,1629735,1,2.0,0.9083562174580481,1.091643782541952,0.9916014171214035,0.004729887705007266,0.004747304116707792,0.0051823650228398745,0.0686107388798118,Silva
2023,1629750,108,1.25,1.2572865179117327,-0.007286517911732737,0.010936280335897924,0.004729887705007266,0.3019173350277668,-0.0021999260695424365,0.057461749139152314,Green
2023,1629875,9,0.7777777777777778,0.881965614708541,-0.10418783693076317,0.14649639907771725,0.004729887705007266,0.03127688846716819,-0.0032586713553189863,0.0676901140108031,Moon
2023,1630162,1538,1.0578673602080624,1.0606483762645944,-0.0027810160565320263,0.0008721568067498615,0.004729887705007266,0.8443145524960668,-0.002348052327255214,0.02713622457154657,Edwards
2023,1630163,719,1.023643949930459,1.0285574178899413,-0.004913467959482221,0.002143388446449786,0.004729887705007266,0.6881562155777179,-0.003381233516359657,0.03840554753967047,Ball
2023,1630164,339,1.126843657817109,1.0968662058155236,0.029977452001585414,0.002755843161806635,0.004729887705007266,0.6318538281914502,0.018941367806627196,0.041728767675103376,Wiseman
2023,1630165,815,0.8515337423312883,0.9814100351957625,-0.12987629286447422,0.0016520766479344111,0.004729887705007266,0.7411335199368656,-0.096255674086999,0.03499156157260102,Hayes
2023,1630166,578,0.9948096885813149,1.0681972193862677,-0.07338753080495275,0.0023529611015271255,0.004729887705007266,0.6677945321441332,-0.04900779179910658,0.039639557993848155,Avdija
2023,1630167,416,1.1033653846153846,1.2100789051650642,-0.10671352054967964,0.003633802285470506,0.004729887705007266,0.5655264255839633,-0.06034931583794114,0.04533223155527391,Toppin
2023,1630168,496,1.2862903225806452,1.2110495519738673,0.07524077060677792,0.0017092040052817258,0.004729887705007266,0.7345582137694051,0.05526872605954835,0.035433174301595635,Okongwu
2023,1630169,835,1.1760479041916168,1.0465256331696096,0.1295222710220072,0.0017520740795687146,0.004729887705007266,0.7297000294358682,0.09451240497735915,0.035755957649531815,Haliburton
2023,1630170,591,1.0575296108291032,1.0374652962715283,0.020064314557574958,0.002411639784511184,0.004729887705007266,0.662307568226724,0.013288747382763528,0.0399655762015065,Vassell
2023,1630171,354,1.1638418079096045,1.2158894049224207,-0.05204759701281625,0.004030355154340699,0.004729887705007266,0.539926550091023,-0.02810187949565771,0.04664864150352876,Okoro
2023,1630172,677,1.0974889217134416,1.1125586481702823,-0.015069726456840682,0.0020113715184374233,0.004729887705007266,0.7016326695400921,-0.01057341240315208,0.03756652722728251,Williams
2023,1630173,403,1.0446650124069479,1.1332152634089785,-0.08855025100203062,0.0029043426012185882,0.004729887705007266,0.6195631406547895,-0.05486247161658801,0.0424196136657147,Achiuwa
2023,1630174,590,1.0491525423728814,1.1166873542454585,-0.06753481187257715,0.0026023733161489857,0.004729887705007266,0.6450790133302418,-0.043565289808205565,0.04097238595808568,Nesmith
2023,1630175,610,1.0311475409836066,0.9790520639195873,0.05209547706401929,0.0021523108346880307,0.004729887705007266,0.6872640592575345,0.035803349035975686,0.03846044566865636,Anthony
2023,1630176,8,0.5,1.003104146211653,-0.503104146211653,0.10649071414342152,0.004729887705007266,0.042527082450544075,-0.021395551507153547,0.06729590909256378,Carey Jr.
2023,1630177,251,0.9243027888446215,1.0130409422343518,-0.08873815338973035,0.0053930909523401864,0.004729887705007266,0.46724268272305625,-0.04146225284970768,0.05019842910630641,Maledon
2023,1630178,912,1.138157894736842,1.0392208211956186,0.09893707354122339,0.001523465925964756,0.004729887705007266,0.7563761757500433,0.07483364532501134,0.03394574098420479,Maxey
2023,1630180,826,1.0375302663438257,1.0661708005145358,-0.028640534170710108,0.0017976039254442495,0.004729887705007266,0.7246103055792188,-0.02075322621739031,0.03609102838277902,Bey
2023,1630181,236,1.0381355932203389,1.029022151400766,0.009113441819572854,0.006221323058413678,0.004729887705007266,0.4319054584179824,0.003936145266848225,0.05183650632045454,Hampton
2023,1630182,380,1.2578947368421052,1.1361236924199392,0.12177104442216602,0.0036951140772024434,0.004729887705007266,0.5614108848018203,0.06836358979229,0.04554642975608391,Green
2023,1630183,713,1.187938288920056,1.1206736739546324,0.06726461496542369,0.001841393788707938,0.004729887705007266,0.7197816300414077,0.04841583420392033,0.036406062994840886,McDaniels
2023,1630184,87,1.0919540229885059,1.010918245391336,0.08103577759716996,0.01576068667631748,0.004729887705007266,0.23083236306533791,0.01870568003559191,0.06031646996490055,Lewis Jr.
2023,1630188,508,1.0590551181102361,1.1224685780210024,-0.0634134599107663,0.0025753975709325474,0.004729887705007266,0.6474610540652396,-0.04105774559574856,0.04083466206439138,Smith
2023,1630191,441,1.036281179138322,1.0972749038091707,-0.06099372467084874,0.0032339922864591357,0.004729887705007266,0.5939175012777087,-0.036225240550131016,0.043826072353397055,Stewart
2023,1630192,194,1.2216494845360826,1.2136380706372671,0.008011413898815434,0.006160401205386717,0.004729887705007266,0.4343216000902358,0.0034795301035186734,0.05172615691041986,Nnaji
2023,1630193,934,1.077087794432548,1.0389634394241603,0.038124355008387845,0.0015999150998248827,0.004729887705007266,0.7472409253249543,0.02848807831388479,0.034576321950642926,Quickley
2023,1630194,208,1.1971153846153846,1.1730159382211622,0.024099446394222346,0.004250043513534128,0.004729887705007266,0.5267175872395534,0.01269360225857375,0.047313556885017746,Reed
2023,1630195,20,0.3,0.9207116095357177,-0.6207116095357177,0.05604225921628408,0.004729887705007266,0.07782986029986977,-0.04830989785667222,0.06604363107592191,Bolmaro
2023,1630197,249,1.0200803212851406,1.0939549932994632,-0.07387467201432263,0.005542098656794102,0.004729887705007266,0.460464757098626,-0.034016682904815736,0.05051674090652838,Pokusevski
2023,1630198,507,1.2011834319526626,1.0707194283036188,0.13046400364904387,0.003561393625800591,0.004729887705007266,0.5704652292321157,0.07442517774819139,0.04507384198321827,Joe
2023,1630200,743,0.9784656796769852,1.0054250075638307,-0.02695932788684552,0.0016060732113014017,0.004729887705007266,0.7465146593364561,-0.020125533473388305,0.03462596130368187,Jones
2023,1630201,241,0.91701244813278,1.0080808121759053,-0.09106836404312524,0.006509963452244406,0.004729887705007266,0.42081408720040386,-0.03832285048764183,0.05234008337655014,Flynn
2023,1630202,241,1.070539419087137,1.0550802214332577,0.015459197653879153,0.006749363910302864,0.004729887705007266,0.41203798501105343,0.006369776651191971,0.0527351335042163,Pritchard
2023,1630205,288,1.0,1.1614148131040571,-0.16141481310405714,0.004315954655215316,0.004729887705007266,0.5228797403994205,-0.08440053557247038,0.047505002364957895,Stevens
2023,1630206,7,1.7142857142857142,0.9800177141948002,0.734268000090914,0.16370998377187435,0.004729887705007266,0.028080570612739057,0.020618664425227598,0.06780169436906781,Scrubb
2023,1630208,313,1.2619808306709266,1.2802911477852694,-0.018310317114342833,0.0025308178255695917,0.004729887705007266,0.6514363769592897,-0.011928006641943172,0.04060377808816616,Richards
2023,1630209,27,1.2962962962962963,1.043517518141301,0.2527787781549953,0.045194987568702806,0.004729887705007266,0.09474010058264434,0.02394828686756219,0.06543529374955281,Yurtseven
2023,1630214,305,1.2459016393442623,1.1461621478860482,0.09973949145821415,0.003009462696885065,0.004729887705007266,0.6111478947704412,0.060955580230161975,0.0428862074750319,Tillman
2023,1630215,32,1.15625,0.9902504955935977,0.16599950440640232,0.044766404554458405,0.004729887705007266,0.0955604448149896,0.015862986480143632,0.06540563838073765,Butler
2023,1630217,937,1.1376734258271077,1.0592876341425328,0.07838579168457493,0.0015251756717402946,0.004729887705007266,0.7561694294881247,0.05927293937810002,0.03396014160113332,Bane
2023,1630219,68,1.1764705882352942,1.056188277234724,0.12028231100057019,0.020258394887556083,0.004729887705007266,0.18928422501572423,0.022767544020843248,0.061924103355265166,Mays
2023,1630224,1353,0.974870657797487,1.0117760206484858,-0.03690536285099877,0.0010162060889356485,0.004729887705007266,0.8231483638490458,-0.03037858904805499,0.02892210883460639,Green
2023,1630225,19,0.3684210526315789,1.0262181228105989,-0.6577970701790199,0.07914073310896443,0.004729887705007266,0.05639504821954688,-0.037096497491422485,0.06680677705001446,Todd
2023,1630227,234,0.8632478632478633,1.0329627354869488,-0.16971487223908555,0.006770017780914837,0.004729887705007266,0.4112979633439141,-0.06980338130110847,0.05276830985631772,Nix
2023,1630228,497,1.158953722334004,1.1244431455845751,0.03451057674942892,0.0024078315370576918,0.004729887705007266,0.6626609347608493,0.022868811047912604,0.03994466043282009,Kuminga
2023,1630230,565,0.9911504424778761,1.0286400078645952,-0.037489565386719104,0.0023734383501726793,0.004729887705007266,0.6658694347217947,-0.024963155712020412,0.039754245717615,Marshall
2023,1630231,719,1.235048678720445,1.2076965138301476,0.02735216489029746,0.001594974156803126,0.004729887705007266,0.7478246653205814,0.020454623554880057,0.03453637234867429,Martin
2023,1630233,81,1.2345679012345678,1.177439076564871,0.05712882466969682,0.014108113183270212,0.004729887705007266,0.2510822529980123,0.014344034009195903,0.0595171978810028,Knight
2023,1630235,60,0.8333333333333334,0.9758732818923908,-0.14253994855905738,0.016377578988025353,0.004729887705007266,0.2240859963819608,-0.03194120639708981,0.060580410248329664,Forrest
2023,1630237,312,1.1826923076923077,1.08825151448524,0.09444079320706766,0.005250237294520907,0.004729887705007266,0.4739307078048501,0.044758391970277055,0.049882348352254975,Lamb
2023,1630240,121,0.9008264462809917,1.0981227551368073,-0.19729630885581562,0.009697063913765147,0.004729887705007266,0.32785080521464527,-0.0646837537242565,0.05638430821022621,Lee
2023,1630241,22,1.0454545454545454,1.108352207602124,-0.06289766214757853,0.08450254411856888,0.004729887705007266,0.0530063745697176,-0.0033339770393540956,0.06692662777731259,Merrill
2023,1630243,29,0.5517241379310345,1.0540492969268689,-0.5023251589958344,0.051040051423035956,0.004729887705007266,0.08481070230591126,-0.042602549520365254,0.0657931805502478,Queen
2023,1630245,570,1.0894736842105264,1.1305595132700716,-0.041085829059545276,0.002277171374787772,0.004729887705007266,0.6750175289153718,-0.02773365480521363,0.039206257081313714,Dosunmu
2023,1630249,37,0.9459459459459459,1.1293593977064347,-0.18341345176048873,0.041548640353938286,0.004729887705007266,0.10220480000968803,-0.018745735156267315,0.06516494823176579,Krejčí
2023,1630250,7,0.7142857142857143,0.91565363444236,-0.20136792015664573,0.2214862932296328,0.004729887705007266,0.020908706377524146,-0.004210342716408032,0.0680513914022675,Simonovic
2023,1630256,228,1.0219298245614035,0.9619598082470054,0.05997001631439802,0.005082330900416732,0.004729887705007266,0.4820405960373405,0.028907982408561458,0.04949636164907351,Tate
2023,1630264,132,1.106060606060606,1.0540132441670442,0.05204736189356174,0.008852572960965435,0.004729887705007266,0.34823496429161477,0.018124711210477224,0.05552274695069321,Gill
2023,1630267,13,0.6923076923076923,1.0421667993837807,-0.34985910707608836,0.145983874237342,0.004729887705007266,0.03138325023574512,-0.010979715904623226,0.06768639786230353,Campazzo
2023,1630270,10,1.3,1.1444729780242398,0.1555270219757603,0.15318867019680477,0.004729887705007266,0.02995143679027348,0.004658257767886459,0.06773640655058141,Sneed
2023,1630284,107,1.02803738317757,1.1197624549463487,-0.09172507176877875,0.012622138242741431,0.004729887705007266,0.272584176582616,-0.025002803160073916,0.05865658666858839,Harris
2023,1630288,57,0.9649122807017544,0.9901698392120662,-0.02525755851031186,0.02147872041864599,0.004729887705007266,0.18047077062205927,-0.004558251048387733,0.062259788193735455,Dowtin Jr.
2023,1630296,1,2.0,0.8609799997351452,1.1390200002648547,0.9806734395263597,0.004729887705007266,0.004799951019342068,0.005467240211322292,0.0686089241695003,Key
2023,1630322,177,1.11864406779661,1.092089006572574,0.02655506122403617,0.011067279524297887,0.004729887705007266,0.29941366299097616,0.007950948152038305,0.057564700135717364,Waters III
2023,1630346,108,1.037037037037037,1.0526493836950532,-0.015612346658016252,0.016838913568408227,0.004729887705007266,0.21929302630448277,-0.0034236787463510616,0.060767230610715324,Ryan
2023,1630526,248,1.0362903225806452,1.1819551980553988,-0.1456648754747536,0.005615475196580703,0.004729887705007266,0.4571988194132125,-0.06659780909702996,0.050669405269066214,Robinson-Earl
2023,1630527,122,0.9344262295081968,1.0182729113398497,-0.08384668183165289,0.00938727046388131,0.004729887705007266,0.33504531495800643,-0.0280924379224699,0.056081734897978186,Boston
2023,1630528,329,0.993920972644377,0.993874583090791,4.6389553585934884e-05,0.0036512591779401292,0.004729887705007266,0.5643485039775258,2.617987516640762e-05,0.04539364112631551,Christopher
2023,1630529,500,1.052,1.1353678748034417,-0.08336787480344166,0.002528946374535519,0.004729887705007266,0.6516043283503719,-0.054322868067294486,0.04059399467671696,Jones
2023,1630530,798,1.2230576441102756,1.1392507723402159,0.08380687177005974,0.0019877581689937483,0.004729887705007266,0.7040989944577349,0.0590083341419474,0.03741094128745823,Murphy III
2023,1630531,35,1.0285714285714285,1.0546791611515183,-0.026107732580089804,0.030106775139042512,0.004729887705007266,0.13577327214667884,-0.003544732280729247,0.06393508719327817,Springer
2023,1630532,1114,1.0897666068222622,1.0304359236557106,0.059330683166551657,0.0011452280112420968,0.004729887705007266,0.8050714119426394,0.04776543686841713,0.030364293701763193,Wagner
2023,1630533,195,0.9743589743589743,1.1764806331055586,-0.20212165874658428,0.007346893171321092,0.004729887705007266,0.39165136417091884,-0.07916122337658867,0.05364159517544117,Williams
2023,1630534,385,1.0675324675324676,1.0650777118448942,0.0024547556875733623,0.0041274604090280435,0.004729887705007266,0.53400720442638,0.0013108572222708076,0.046947775180573026,Agbaji
2023,1630535,28,0.8214285714285714,1.2549167054893557,-0.43348813406078435,0.03682843240929788,0.004729887705007266,0.11381325549246998,-0.04933669575481413,0.06474228747261393,Brown III
2023,1630537,330,0.9121212121212121,1.0530667251429602,-0.14094551302174807,0.0045974760067751174,0.004729887705007266,0.5070980237462427,-0.07147319110922876,0.048284272773403455,Duarte
2023,1630538,571,1.0035026269702276,1.0286879996974014,-0.025185372727173805,0.0027169948042708794,0.004729887705007266,0.6351500374974698,-0.015996490432052195,0.041541537667894285,Hyland
2023,1630539,120,1.15,1.2718234408956561,-0.12182344089565622,0.007738984269059373,0.004729887705007266,0.3793356540066105,-0.04621197462548941,0.054181848058648834,Jones
2023,1630540,214,0.9065420560747663,1.0809260201850648,-0.17438396411029844,0.007547311934041721,0.004729887705007266,0.3852578636876879,-0.06718279347452401,0.05392273428057507,McBride
2023,1630541,226,1.1725663716814159,1.1070230137940984,0.06554335788731747,0.0068839217609908705,0.004729887705007266,0.4072641038976061,0.02669345691641844,0.05294878872355039,Moody
2023,1630543,318,1.1320754716981132,1.245310508743873,-0.11323503704575977,0.002616079295832428,0.004729887705007266,0.6438754359319349,-0.07290925884060737,0.04104179817011693,Jackson
2023,1630544,498,0.9538152610441767,1.0154646754497854,-0.06164941440560867,0.0030568528102226794,0.004729887705007266,0.607428447853908,-0.037447608103501236,0.043090826840888295,Mann
2023,1630547,192,0.890625,1.049183168970784,-0.158558168970784,0.00814734799984302,0.004729887705007266,0.3673061372345406,-0.058239388571640266,0.05470439582453955,Bouknight
2023,1630548,104,0.8173076923076923,1.0139023989397946,-0.19659470663210232,0.015699667465685567,0.004729887705007266,0.23152181559941717,-0.04551596341669911,0.06028943121279734,Juzang
2023,1630549,171,1.1228070175438596,1.2548063060601335,-0.13199928851627396,0.005140779337001593,0.004729887705007266,0.4791862277267787,-0.06325224112673201,0.04963255643298624,Sharpe
2023,1630550,238,0.9621848739495799,1.0764600468510204,-0.11427517290144051,0.006339044119491394,0.004729887705007266,0.42731202793558576,-0.048831155875204243,0.052045651094717,Thor
2023,1630551,15,0.7333333333333333,1.009149768384731,-0.27581643505139775,0.0893307529962255,0.004729887705007266,0.05028551442713355,-0.013869571324017605,0.06702270412761933,Champagnie
2023,1630552,319,1.084639498432602,1.1834682964934276,-0.09882879806082556,0.00376998156573084,0.004729887705007266,0.5564659354574444,-0.05499485956305216,0.04580247066078131,Johnson
2023,1630553,177,0.9152542372881356,1.0420870995469347,-0.12683286225879908,0.008079004539620705,0.004729887705007266,0.3692659454599576,-0.04683505679738802,0.054619604993979304,Johnson
2023,1630554,40,1.025,0.9587171115276684,0.06628288847233155,0.03516569873662801,0.004729887705007266,0.1185566657085438,0.007858278250810903,0.06456878494695226,Preston
2023,1630556,93,0.956989247311828,1.110946667639919,-0.1539574203280909,0.017008269289260337,0.004729887705007266,0.21758457748992,-0.033498760253525675,0.06083368382021997,Edwards
2023,1630557,584,1.2705479452054795,1.0954249416755217,0.1751230035299578,0.002848672758082604,0.004729887705007266,0.6241142665607017,0.10929676490600679,0.04216511957865382,Kispert
2023,1630558,397,1.070528967254408,1.0570970497325973,0.013431917521810721,0.00377464946949143,0.004729887705007266,0.556160506792784,0.0074703020561291255,0.0458182383109332,Mitchell
2023,1630559,488,1.2377049180327868,1.0344463728247537,0.2032585452080331,0.0029268089218315225,0.004729887705007266,0.6177452151398728,0.12556199373855398,0.042520844383550443,Reaves
2023,1630560,456,0.993421052631579,0.9792138709279962,0.014207181703582816,0.002802887280192606,0.004729887705007266,0.6279077384231416,0.008920799332863322,0.04195181299015252,Thomas
2023,1630561,78,0.9358974358974359,1.1199200547675277,-0.18402261887009175,0.013781730212607316,0.004729887705007266,0.25550914706955885,-0.04701946238900365,0.05934103244607449,Duke Jr.
2023,1630563,26,0.8076923076923077,0.923003653830037,-0.11531134613772931,0.05267583576687821,0.004729887705007266,0.08239400915004118,-0.009500964108775635,0.06587999160718093,Primo
2023,1630564,12,1.1666666666666667,1.1474598882314144,0.019206778435252314,0.11250531589227886,0.004729887705007266,0.04034528503276944,0.000774902950531504,0.06737253919347078,Gray
2023,1630567,1012,0.9772727272727273,1.0495836983237066,-0.07231097105097928,0.0011409030646558585,0.004729887705007266,0.8056644991418549,-0.058258382274248385,0.030318065508131774,Barnes
2023,1630568,116,1.206896551724138,1.0492642535137278,0.15763229821041014,0.011146027891291129,0.004729887705007266,0.29792849907252467,0.046963154011180105,0.057625683165346185,Garza
2023,1630570,323,1.1981424148606812,1.0539650891925136,0.14417732566816754,0.0035484146991105014,0.004729887705007266,0.5713596186887955,0.08237710181733449,0.04502689051481895,Watford
2023,1630572,230,0.9739130434782609,1.103197484182419,-0.12928444070415812,0.006000443535800468,0.004729887705007266,0.44079605734997046,-0.05698807173908894,0.05142928983499541,Mamukelashvili
2023,1630573,394,1.2690355329949239,1.096460458861428,0.17257507413349593,0.0047956996850126625,0.004729887705007266,0.4965455159188215,0.0856913792203456,0.048798393152708855,Hauser
2023,1630577,130,1.1615384615384616,1.1063295321183952,0.05520892942006639,0.012579418163593613,0.004729887705007266,0.27325692554704306,0.015086222316071035,0.05862945618504593,Champagnie
2023,1630578,798,1.131578947368421,1.0669600368863283,0.06461891048209267,0.001235070867065778,0.004729887705007266,0.7929456085666416,0.05123928129713631,0.031294472679826435,Sengun
2023,1630579,106,1.5660377358490567,1.4740348615102847,0.09200287433877197,0.006032292361847762,0.004729887705007266,0.43949159702077484,0.04043449017364856,0.051489239689518566,Sims
2023,1630580,14,0.6428571428571429,1.2018024901776052,-0.5589453473204623,0.1369486324080394,0.004729887705007266,0.033384649283696936,-0.018660194389047806,0.0676164333784645,Wieskamp
2023,1630581,1117,1.0331244404655326,1.0141767177267356,0.01894772273879708,0.001046593522896312,0.004729887705007266,0.8188181556202951,0.015514739386186551,0.029274046151874965,Giddey
2023,1630583,524,1.1221374045801527,1.1441350731262039,-0.02199766854605123,0.002774476431014822,0.004729887705007266,0.6302849407724083,-0.013864799216678967,0.04181758856027712,Aldama
2023,1630586,177,1.1073446327683616,1.1145125469385027,-0.007167914170141065,0.007255095999718948,0.004729887705007266,0.39465115861125954,-0.0028288256320722362,0.05350917717667687,Garuba
2023,1630587,285,1.1017543859649124,1.073104085383284,0.02865030058162832,0.006048414219171184,0.004729887705007266,0.4388342188111222,0.012572732274442704,0.05151942477275994,Livers
2023,1630590,12,0.75,0.9252487841150329,-0.17524878411503286,0.09989819679341237,0.004729887705007266,0.04520667397938179,-0.007922414648771352,0.06720167567529783,Pippen Jr.
2023,1630591,441,0.9931972789115646,1.0396819987040906,-0.046484719792526,0.0032508797813689838,0.004729887705007266,0.5926607576378498,-0.02754966925082161,0.04389383640348277,Suggs
2023,1630593,97,1.041237113402062,0.9881948656252764,0.05304224777678557,0.012912142838763218,0.004729887705007266,0.268103362210617,0.014220804968164835,0.05883696889215282,Wright IV
2023,1630595,223,0.9103139013452914,0.9604334094160992,-0.05011950807080778,0.005587190310321383,0.004729887705007266,0.4584522573135351,-0.02297740161050577,0.050610868494890986,Cunningham
2023,1630596,947,1.1319957761351638,1.1684238897151011,-0.03642811357993736,0.0009978817871891105,0.004729887705007266,0.8257817831969942,-0.030081672590543316,0.028705968049254623,Mobley
2023,1630598,362,1.160220994475138,1.1338806415477585,0.026340352927379573,0.0035101519796160246,0.004729887705007266,0.5740127336806027,0.015119697989957014,0.044887324864083554,Wiggins
2023,1630600,28,0.9642857142857143,1.0550148375859418,-0.09072912330022753,0.044232420926818165,0.004729887705007266,0.09660262837224234,-0.008764671780711233,0.06536794413776535,Mobley
2023,1630613,254,0.8976377952755905,0.9624896176754529,-0.06485182239986242,0.005577774704675781,0.004729887705007266,0.45887103370440185,-0.029758622782239154,0.05059129613386912,Washington Jr.
2023,1630620,12,1.0833333333333333,1.124077896351058,-0.04074456301772478,0.155093842190592,0.004729887705007266,0.029594401958313345,-0.0012058109755623755,0.06774887089131151,Days
2023,1630625,129,0.9689922480620154,1.0890781186973086,-0.12008587063529319,0.010108361104920192,0.004729887705007266,0.3187632021537985,-0.03827895665713286,0.05676419253659184,Banton
2023,1630631,486,0.9979423868312757,1.0294271768601275,-0.03148479002885185,0.0031237962150195567,0.004729887705007266,0.6022508358079061,-0.018961741110112455,0.0433740577003017,Alvarado
2023,1630637,15,1.0,0.9693162317142483,0.0306837682857517,0.09389824677171599,0.004729887705007266,0.047956779575137796,0.001471494712214398,0.06710482488557047,Jones
2023,1630639,44,1.2272727272727273,1.1868363286468577,0.04043639862586956,0.03478920666871092,0.004729887705007266,0.11968613603030423,0.004839676306511432,0.06452740287457495,Lawson
2023,1630643,25,1.44,1.1554575569542427,0.28454244304575727,0.055617284701040964,0.004729887705007266,0.0783779507212374,0.022301853579140864,0.06602400169292391,Huff
2023,1630644,20,1.1,1.200228471137462,-0.10022847113746192,0.07380550984866009,0.004729887705007266,0.06022618911141419,-0.0060363788570727,0.06667101764342394,McClung
2023,1630647,227,1.0,1.1289987453315775,-0.1289987453315775,0.005925377854329008,0.004729887705007266,0.4439014380887843,-0.057262728564336104,0.05128629203555353,Omoruyi
2023,1630648,2,1.5,0.8267441939415026,0.6732558060584974,0.7205935583427749,0.004729887705007266,0.006521073778574193,0.004390350783160899,0.06854957154000703,Schakel
2023,1630649,1,0.0,1.0362371082130226,-1.0362371082130226,2.03492398020138,0.004729887705007266,0.0023189658693718858,-0.0024029984865226207,0.06869439028664125,Umude
2023,1630678,75,1.1066666666666667,1.097788838013894,0.008877828652772646,0.015835737852545967,0.004729887705007266,0.22998997486220873,0.0020418115886821774,0.06034949006107321,Taylor
2023,1630688,224,1.0044642857142858,1.1081828873431154,-0.10371860162882962,0.008089514683611241,0.004729887705007266,0.3689631982538139,-0.03826834697538621,0.054632711904008514,Wainright
2023,1630692,352,1.0056818181818181,0.9920634246157871,0.013618393566031006,0.0037062325564514707,0.004729887705007266,0.5606709670340089,0.007635437890116329,0.045584832910504046,Goodwin
2023,1630695,15,1.6,1.0436008377830324,0.5563991622169677,0.0914399661982853,0.004729887705007266,0.049182644176246675,0.027365182015278877,0.06706160839868285,Potter
2023,1630696,45,0.9111111111111111,1.0188023121327132,-0.10769120102160212,0.031940151925560475,0.004729887705007266,0.12898507208223695,-0.013890557326394019,0.064185689981771,Smith
2023,1630699,242,0.987603305785124,1.12706029017656,-0.13945698439143606,0.006512561019104158,0.004729887705007266,0.420716858139916,-0.058671904318832284,0.05234447640775472,Beauchamp
2023,1630700,205,0.9804878048780488,1.0842569308374976,-0.10376912595944887,0.006736017286097982,0.004729887705007266,0.4125176083943228,-0.04280659166596108,0.052713620070755494,Daniels
2023,1630702,330,1.0666666666666667,1.085061859473248,-0.018395192806581306,0.004417504281945451,0.004729887705007266,0.5170749992734202,-0.009511694307097453,0.04779310644200976,Hardy
2023,1630792,4,1.25,1.2982450088745616,-0.04824500887456162,0.40097845890495704,0.004729887705007266,0.01165834458307173,-0.000562456937872993,0.06837210720976103,Hill
2023,1630846,30,1.0333333333333334,1.379412381471501,-0.3460790481381675,0.03317485729158389,0.004729887705007266,0.12478352526662911,-0.04318496364759997,0.06434031118250184,Sarr
2023,1631093,981,0.9561671763506626,1.0236239852782973,-0.06745680892763473,0.001348928494860766,0.004729887705007266,0.7780935546480167,-0.05248770824371537,0.03239741606258457,Ivey
2023,1631094,1120,0.93125,1.006793048033077,-0.07554304803307688,0.0010723097550540454,0.004729887705007266,0.8151890275304912,-0.061581863862773124,0.029565776607996728,Banchero
2023,1631095,891,0.9517396184062851,1.0276041904283075,-0.07586457202202246,0.001596422555836773,0.004729887705007266,0.747653452010148,-0.05672040915753759,0.03454809451674906,Smith Jr.
2023,1631097,946,0.9788583509513742,1.0563760418681336,-0.07751769091675942,0.001355560188679978,0.004729887705007266,0.7772456173544479,-0.06025028553248795,0.03245925470049615,Mathurin
2023,1631098,171,0.8713450292397661,1.0087063942162082,-0.13736136497644214,0.008137761596691075,0.004729887705007266,0.36757978043301115,-0.050491260378019306,0.054692564585397674,Davis
2023,1631099,781,1.1702944942381561,1.12003202645938,0.05026246777877619,0.0021010275514259202,0.004729887705007266,0.6924237129940641,0.03480292456362472,0.038141857561754415,Murray
2023,1631100,532,1.1221804511278195,1.0314396784634212,0.09074077266439828,0.0028122428425612243,0.004729887705007266,0.6271288563855655,0.05690615698856668,0.041995697847921426,Griffin
2023,1631101,646,1.105263157894737,1.137216663702136,-0.031953505807398974,0.0021413489411605045,0.004729887705007266,0.6883604725861423,-0.0219955303583652,0.03839296770385275,Sharpe
2023,1631102,160,0.84375,0.9940580237523703,-0.1503080237523703,0.009463199374484482,0.004729887705007266,0.3332529194329894,-0.050090587729680516,0.05615726861879406,Washington Jr.
2023,1631103,611,1.0065466448445173,1.0233967530489045,-0.01685010820438726,0.0023115536295063616,0.004729887705007266,0.6717215240896376,-0.011318580364126316,0.039404572412690214,Branham
2023,1631104,214,0.7383177570093458,1.0081897097636483,-0.26987195275430254,0.00542365381369701,0.004729887705007266,0.4658362499719074,-0.12571613844366006,0.05026464516654275,Wesley
2023,1631105,398,1.2964824120603016,1.2267497791598982,0.06973263290040332,0.0020638585396790684,0.004729887705007266,0.6962120065503924,0.04854869627363171,0.03790624084693874,Duren
2023,1631106,658,0.9893617021276596,1.1091322685050282,-0.1197705663773686,0.0017722300931736128,0.004729887705007266,0.7274380212444881,-0.08712566380888463,0.03590525800169312,Eason
2023,1631107,69,0.927536231884058,1.0602176531409504,-0.13268142125689242,0.021653013377726398,0.004729887705007266,0.1792785293086191,-0.023786930069513025,0.06230505913213343,Jović
2023,1631108,106,1.0754716981132075,1.0845043065428175,-0.009032608429609956,0.015147384056724097,0.004729887705007266,0.23795457252405547,-0.0021493504776450172,0.06003656634148455,Christie
2023,1631109,251,1.2749003984063745,1.2722357818850238,0.002664616521350638,0.003137437954633239,0.004729887705007266,0.6012065484045815,0.00160198490162304,0.043430959505156914,Williams
2023,1631110,547,0.9744058500914077,1.095548498215233,-0.12114264812382536,0.002100210553314578,0.004729887705007266,0.6925065388692373,-0.0838920759616842,0.03813672168884636,Sochan
2023,1631111,43,0.8837209302325582,1.1566247405504777,-0.27290381031791955,0.031286371967053916,0.004729887705007266,0.13132645499766796,-0.035839489964408375,0.06409936286868698,Moore Jr.
2023,1631112,7,1.1428571428571428,1.2087238895152692,-0.06586674665812642,0.13895342779636624,0.004729887705007266,0.032918837434274345,-0.0021682567255633966,0.0676327235926793,Brown
2023,1631113,83,0.8674698795180723,1.0688621596330503,-0.201392280114978,0.013266680408222577,0.004729887705007266,0.26282164884149084,-0.052930251123765905,0.059048884998297475,Chandler
2023,1631114,792,1.1376262626262625,1.102273422963126,0.035352839663136626,0.0014676148249618112,0.004729887705007266,0.7631925412107683,0.026981023541526084,0.03346748702518911,Williams
2023,1631115,89,1.0561797752808988,1.0762220489730503,-0.020042273692151502,0.01117174722588766,0.004729887705007266,0.2974466289511951,-0.005961506746247687,0.057645455604367894,Robinson
2023,1631116,109,1.0825688073394495,1.056880822579312,0.02568798476013745,0.016434728786686472,0.004729887705007266,0.22348090771517434,0.0057407741515690825,0.0606040271541537,Baldwin Jr.
2023,1631117,414,1.4420289855072463,1.2568483459319504,0.18518063957529596,0.0019831757047051044,0.004729887705007266,0.704579625773254,0.13047450573241384,0.037380545687078076,Kessler
2023,1631119,234,1.0683760683760684,1.0558394836224632,0.012536584753605196,0.006209770413584342,0.004729887705007266,0.43236156502633016,0.005420337404153972,0.051815693129316796,Williams
2023,1631120,19,0.9473684210526315,0.9101402219704847,0.03722819908214681,0.07095380326123851,0.004729887705007266,0.0624954682392109,0.002326593733341326,0.06659047347904916,Davison
2023,1631121,201,0.9253731343283582,1.0907703914657876,-0.16539725713742937,0.006754319974428575,0.004729887705007266,0.4118601680703514,-0.06812054212299679,0.05274310722614932,McGowens
2023,1631123,14,1.0,0.9900610227243858,0.009938977275614214,0.10176008489477156,0.004729887705007266,0.04441627309628108,0.0004414523289714126,0.06722948550291696,Bouyea
2023,1631128,288,1.1111111111111112,1.1128822587164566,-0.0017711476053454689,0.004321612803937819,0.004729887705007266,0.5225528850529242,-0.0009255182910278527,0.04752127143479396,Braun
2023,1631132,149,0.9731543624161074,1.2613517579590838,-0.2881973955429764,0.005798341821538448,0.004729887705007266,0.44925765467796847,-0.12947488600593637,0.05103870538880804,Koloko
2023,1631133,198,0.9191919191919192,1.1408155732036442,-0.221623654011725,0.005916805478321609,0.004729887705007266,0.44425885329480147,-0.09845827039425278,0.05126980804496499,Walker
2023,1631157,20,0.85,1.1186602996724655,-0.2686602996724655,0.0732091835790544,0.004729887705007266,0.0606869908388877,-0.01630418514499574,0.06665467015284468,Rollins
2023,1631160,28,0.75,1.0398242974560687,-0.28982429745606875,0.05358569861414928,0.004729887705007266,0.08110846522439075,-0.02350720395139903,0.06592612359732984,Hall
2023,1631165,16,1.25,0.9776177739115033,0.2723822260884967,0.10975552886755557,0.004729887705007266,0.04131432497351644,0.011253287805629982,0.0673385148876507,Ellis
2023,1631169,36,1.0555555555555556,1.1748341525063148,-0.11927859695075926,0.02775025112255777,0.004729887705007266,0.14562399902654155,-0.01736982628624461,0.06356966684243073,Minott
2023,1631172,179,0.994413407821229,1.131325232625953,-0.13691182480472408,0.008278786191790219,0.004729887705007266,0.3635949169401259,-0.04978044356799472,0.05486460222920628,Dieng
2023,1631197,44,0.8863636363636364,1.0494759550921764,-0.16311231872854004,0.03300116583567006,0.004729887705007266,0.12535795481851678,-0.02044742668151583,0.06431919352562117,Rhoden
2023,1631199,16,1.1875,1.063956303562718,0.12354369643728202,0.0968443031339415,0.004729887705007266,0.0465658418338449,0.005752916227867022,0.06715382716006624,Harper Jr.
2023,1631205,27,0.5185185185185185,1.0761671556972314,-0.5576486371787129,0.07383549802600535,0.004729887705007266,0.06020320095164004,-0.03357223296447826,0.06667183307082551,Boeheim
2023,1631207,72,0.9861111111111112,1.1657249491456172,-0.17961383803450603,0.01821551845901819,0.004729887705007266,0.20613658660891063,-0.0370249834801588,0.06127711480196839,Terry
2023,1631211,4,0.75,1.0033288502879376,-0.2533288502879376,0.5004432960240021,0.004729887705007266,0.009362903371261538,-0.0023718935463987404,0.0684514588848796,Keels
2023,1631212,59,1.0847457627118644,1.0379215072757482,0.046824255436116236,0.019668134975469955,0.004729887705007266,0.19386356701733953,0.009077517181776545,0.06174896600691464,Watson
2023,1631213,23,0.8260869565217391,1.1006473782221342,-0.2745604217003951,0.053631731337306414,0.004729887705007266,0.08104449092781293,-0.022251609605634163,0.06592841848405914,Martin
2023,1631216,182,0.978021978021978,1.1069397623048072,-0.12891778428282918,0.009743343076590503,0.004729887705007266,0.32680247944509805,-0.04213065154819687,0.0564282613192539,Houstan
2023,1631217,47,1.0425531914893618,1.0936303751711678,-0.051077183681806027,0.019598250841932098,0.004729887705007266,0.19442045250939743,-0.009930449164322338,0.06172763398252939,Diabaté
2023,1631219,53,0.7924528301886793,1.0775408224396767,-0.28508799225099746,0.031067778957174445,0.004729887705007266,0.13212838003221408,-0.03766821458276069,0.06406976903977701,Butler Jr.
2023,1631220,5,0.8,0.8889660724595181,-0.08896607245951804,0.14583100274806438,0.004729887705007266,0.03141511511239053,-0.002794879407413036,0.06768528450324916,Seabron
2023,1631222,94,1.0425531914893618,1.0911922986322298,-0.04863910714286801,0.018761586566673497,0.004729887705007266,0.20134486453705455,-0.009793234438884042,0.0614617694649861,LaRavia
2023,1631223,419,1.0143198090692125,1.1172696196519878,-0.1029498105827753,0.003527123321627906,0.004729887705007266,0.5728329161423865,-0.0589730402124375,0.04494944202014007,Roddy
2023,1631230,86,1.069767441860465,1.1195581760369206,-0.04979073417645563,0.010590937060504619,0.004729887705007266,0.30872278597262814,-0.015371534170577933,0.057180972319292915,Barlow
2023,1631245,42,0.9285714285714286,1.0675355271850024,-0.13896409861357384,0.028350046315889374,0.004729887705007266,0.14298358944789277,-0.019869585624159726,0.06366782062596356,Jackson
2023,1631246,40,0.7,1.139307276517529,-0.439307276517529,0.04296313001404568,0.004729887705007266,0.09917358831998832,-0.04356767898732469,0.06527486322430022,Williams Jr.
2023,1631254,93,1.118279569892473,1.1040435701167872,0.014235999775685793,0.011670415770743235,0.004729887705007266,0.2884024501132483,0.0041056972151194355,0.05801531265211489,Lofton Jr.
2023,1631260,125,1.2,1.065921941195193,0.13407805880480694,0.015040807796388429,0.004729887705007266,0.2392372946451663,0.03207647205973753,0.05998601642454592,Green
2023,1631288,65,1.2461538461538462,1.1037472032137299,0.1424066429401163,0.018695932983752807,0.004729887705007266,0.20190915690209776,0.028753205213296953,0.061440052622435556,Cain
2023,1631298,19,1.0,1.1034138058662653,-0.10341380586626525,0.07686597613898889,0.004729887705007266,0.057967248365068835,-0.00599461376902681,0.06675109834056833,White
2023,1631303,23,0.7391304347826086,1.0202478205760013,-0.2811173857933926,0.0650412235021332,0.004729887705007266,0.06779149168149128,-0.01905736692053535,0.06640212016192613,Minaya
2023,1631306,9,1.0,1.0462470743128103,-0.04624707431281028,0.21542155116436074,0.004729887705007266,0.02148470039214168,-0.0009936045356238403,0.06803137132806239,Swider
2023,1631309,9,0.6666666666666666,0.9908915473243716,-0.32422488065770494,0.2113095963075885,0.004729887705007266,0.021893626188866006,-0.007098458338249484,0.06801715453970802,Hudgins
2023,1631311,5,1.2,0.9450560205235956,0.25494397947640435,0.3579048564251893,0.004729887705007266,0.01304311785224059,0.003325264370029948,0.06832419207164467,Quinones
2023,1631320,2,1.0,1.2591392127352408,-0.25913921273524076,0.4653149840216405,0.004729887705007266,0.010062630164717356,-0.0026076220589307418,0.06842727960624427,Moneke
2023,1631323,312,0.9391025641025641,1.0380230158812795,-0.09892045177871545,0.005203776367655107,0.004729887705007266,0.47614733802243264,-0.04710070979041177,0.04977714601223159,Fontecchio
2023,1631367,3,1.0,1.1824433782639538,-0.18244337826395385,0.7147496185395283,0.004729887705007266,0.006574040905898546,-0.0011993902317175543,0.0685477441624029,Gilyard
2023,1631466,39,1.3076923076923077,1.178408880393749,0.1292834272985588,0.02903533265056462,0.004729887705007266,0.14008164777834026,0.018110235526413374,0.06377552227526903,Williams
2023,1631495,5,0.8,0.9696249756829951,-0.16962497568299506,0.27826253584975147,0.004729887705007266,0.016713831577515846,-0.0028350832749058003,0.06819701722601372,Williams
2023,1641645,27,1.2592592592592593,1.075536170046404,0.1837230892128554,0.0319101745727954,0.004729887705007266,0.12909060222511504,0.02371692422914604,0.06418180156953146,Cooks
2024,2544,1268,1.1979495268138802,1.0809555384995648,0.1169939883143154,0.0009645408882132026,0.004570096985949257,0.8257264684441231,0.09660503279997266,0.02822139155488697,James
2024,101108,463,1.0583153347732182,0.94468290303749,0.11363243173572812,0.003118495308904615,0.004570096985949257,0.594399704222594,0.0675430838138109,0.04305383477963897,Paul
2024,200768,374,1.1336898395721926,1.0687166477152465,0.06497319185694606,0.004537753108899777,0.004570096985949257,0.5017756043804329,0.03260196261254493,0.0477172275886537,Lowry
2024,200782,50,0.98,1.1229864660814737,-0.1429864660814737,0.03576931722875519,0.004570096985949257,0.11329110932610852,-0.016199095360990144,0.06365803663861432,Tucker
2024,201142,1436,1.1629526462395543,0.9995721854078042,0.16338046083175006,0.0008670706723444555,0.004570096985949257,0.8405289800063737,0.13732601209588216,0.026996259515331487,Durant
2024,201143,419,1.279236276849642,1.1095912524479512,0.1696450244016907,0.0038926848832014126,0.004570096985949257,0.5400230156715494,0.09161221767107461,0.04584909409885303,Horford
2024,201144,644,1.1909937888198758,1.0472896755763246,0.14370411324355126,0.0025921037104392765,0.004570096985949257,0.6380855800722928,0.09169552245778585,0.040669202102858966,Conley
2024,201145,362,1.069060773480663,1.0768353396842294,-0.007774566203566424,0.003869198840773551,0.004570096985949257,0.5415258665868976,-0.004210128700723514,0.04577413303654059,Green
2024,201152,108,1.212962962962963,1.1017757992569182,0.11118716370604487,0.008858644722826462,0.004570096985949257,0.34032205586043,0.037839444137731375,0.05490712325563461,Young
2024,201565,165,1.0121212121212122,1.0209248735372314,-0.008803661416019182,0.0074892824003112,0.004570096985949257,0.3789661838780924,-0.0033362899709835922,0.05327461657516922,Rose
2024,201566,663,0.971342383107089,1.0749965667400725,-0.10365418363298351,0.0017509492636900608,0.004570096985949257,0.7229969225759152,-0.07494165577876588,0.03557992312013165,Westbrook
2024,201567,358,1.1173184357541899,1.0575158693918079,0.059802566362382015,0.004773494854225469,0.004570096985949257,0.48911564889844283,0.02925037105212867,0.04831967542459146,Love
2024,201568,190,1.0315789473684212,1.0150564654649614,0.01652248190345973,0.007619364376070791,0.004570096985949257,0.37492197975119523,0.006194641625648418,0.05344779861062747,Gallinari
2024,201569,616,1.1331168831168832,1.0750170001433015,0.05809988297358171,0.0026937453711781533,0.004570096985949257,0.6291569614620005,0.036553945832956486,0.04116781088038051,Gordon
2024,201572,755,1.1655629139072847,1.0980160714415037,0.06754684246578102,0.0019913296781748665,0.004570096985949257,0.6965096494847913,0.04704702756964556,0.03724218490038197,Lopez
2024,201577,19,0.8421052631578947,0.987202325702155,-0.14509706254426036,0.07569939138898,0.004570096985949257,0.056934422761023167,-0.008261017500277539,0.06564983741101225,Lopez
2024,201580,132,1.2045454545454546,1.2073926381026792,-0.002847183557224575,0.006568135320869412,0.004570096985949257,0.4103072067505279,-0.0011682199324708471,0.051912939206573645,McGee
2024,201587,255,1.196078431372549,1.1404641282737933,0.0556143030987557,0.006841813261232974,0.004570096985949257,0.4004673088870184,0.022271710297585665,0.052344269453622944,Batum
2024,201599,93,1.2473118279569892,1.3600813774857006,-0.11276954952871132,0.007924655728647338,0.004570096985949257,0.3657612991900502,-0.041246736944698166,0.05383801979032962,Jordan
2024,201935,822,1.0827250608272505,1.046739692788072,0.0359853680391784,0.0019715114344771136,0.004570096985949257,0.6986197724215639,0.025140089630037034,0.03711248940290737,Harden
2024,201939,1442,1.1490984743411927,0.999449255673322,0.14964921866787073,0.0011206257475372627,0.004570096985949257,0.8030784840485995,0.120180067666851,0.029999173763923123,Curry
2024,201942,1352,1.0170118343195267,0.9541747819836175,0.0628370523359092,0.0008339219700338937,0.004570096985949257,0.8456848547670983,0.053140343478685924,0.026556264423205418,DeRozan
2024,201949,10,0.6,1.0319428236838946,-0.4319428236838946,0.10231301091497938,0.004570096985949257,0.04275789762948641,-0.018468967036867262,0.06614143366201865,Johnson
2024,201950,688,1.1627906976744187,1.041566520384588,0.12122417728983059,0.0021456049534176276,0.004570096985949257,0.6805092047280612,0.08249416848131612,0.038211306186923505,Holiday
2024,201959,37,0.8648648648648649,1.068081641219313,-0.20321677635444813,0.03432373031699938,0.004570096985949257,0.11750185833737135,-0.02387834886697764,0.06350670907327981,Gibson
2024,201976,379,0.9947229551451188,1.0286773519330583,-0.033954396787939545,0.003920693730875078,0.004570096985949257,0.5382416241744954,-0.01827566967500585,0.04593779012530928,Beverley
2024,201980,2,0.0,0.9551403153682425,-0.9551403153682425,0.7677805476741868,0.004570096985949257,0.005917127172154139,-0.005651686713285302,0.06740218943694869,Green
2024,201988,131,0.8854961832061069,1.0389800287692272,-0.15348384556312034,0.013059167616037976,0.004570096985949257,0.2592335579008837,-0.039788163365637445,0.05818397102578619,Mills
2024,202066,78,0.8974358974358975,1.1549002376101773,-0.2574643401742799,0.018647564373496572,0.004570096985949257,0.19683709376224354,-0.0506785324673189,0.06058491872589594,Temple
2024,202083,97,0.9484536082474226,1.0842585112596457,-0.13580490301222303,0.017931603510124856,0.004570096985949257,0.20310007178109074,-0.027581985550006564,0.0603482390799965,Matthews
2024,202330,403,1.0198511166253101,1.0428319563341044,-0.022980839708794276,0.002925678494145948,0.004570096985949257,0.6096896842875038,-0.014011180906716512,0.04223453560088689,Hayward
2024,202331,1234,1.140194489465154,1.0254949528269268,0.11469953663822707,0.0011937095677684456,0.004570096985949257,0.7928956225988374,0.09094476051456521,0.030765030325646533,George
2024,202397,157,0.8662420382165605,0.9364149809752519,-0.07017294275869135,0.0063480717576674065,0.004570096985949257,0.4185772443406479,-0.029372797007207047,0.05154763217841452,Smith
2024,202681,1130,1.147787610619469,1.0067823253240653,0.1410052852954038,0.0012150804801602773,0.004570096985949257,0.7899666021866387,0.11138946611516774,0.030981817220678387,Irving
2024,202684,119,1.226890756302521,1.2200020193391203,0.0068887369634007545,0.007126558217662155,0.004570096985949257,0.39071827855011165,0.0026915554477244664,0.05276813961844883,Thompson
2024,202685,719,1.1696801112656467,1.0604011962297384,0.10927891503590836,0.0015254649758787084,0.004570096985949257,0.7497416997101207,0.08193095950149981,0.033818703462190285,Valančiūnas
2024,202687,131,1.1297709923664123,1.18100213196077,-0.051231139594357655,0.006309531774299983,0.004570096985949257,0.42006001184957353,-0.021520153105073034,0.051481860804342645,Biyombo
2024,202691,1131,1.103448275862069,1.018024195169049,0.08542408069301999,0.0014473859343511692,0.004570096985949257,0.7594698724497738,0.06487701566806707,0.03315487914240194,Thompson
2024,202692,569,0.9560632688927944,1.027920761206051,-0.07185749231325667,0.0028255586241226678,0.004570096985949257,0.6179434558479681,-0.044403867128622626,0.041785589153335995,Burks
2024,202693,68,0.8970588235294118,0.9999885042774743,-0.10292968074806252,0.0240611988414049,0.004570096985949257,0.1596189363382923,-0.016429526158645742,0.06197275987148871,Morris
2024,202694,263,1.064638783269962,0.9818149007654008,0.08282388250456119,0.0055078066145094135,0.004570096985949257,0.45347694988283677,0.037558721615622855,0.04997662797840849,Morris Sr.
2024,202695,1162,1.1703958691910499,1.0262002796828544,0.14419558950819544,0.0010728537045219145,0.004570096985949257,0.8098771789139391,0.11678071724272972,0.029476765962458924,Leonard
2024,202696,1211,1.0437654830718415,1.0184953999022324,0.025270083169609103,0.0010063355837529894,0.004570096985949257,0.8195377472650544,0.020709787034022008,0.028718112704382025,Vučević
2024,202699,951,1.0694006309148265,1.0524365898224584,0.016964041092368154,0.0012914293325336963,0.004570096985949257,0.7796769540279167,0.013226471886902015,0.03173165120714927,Harris
2024,202704,752,1.002659574468085,1.0021825774371846,0.0004769970309004279,0.0018029359277123578,0.004570096985949257,0.717099228556081,0.000342054202882238,0.03595669566156732,Jackson
2024,202709,63,0.9365079365079365,1.0107323897958793,-0.0742244532879428,0.026600376173019174,0.004570096985949257,0.14661622114755546,-0.010882508857821422,0.06245035336642655,Joseph
2024,202710,793,1.0744010088272384,1.0125222708147241,0.06187873801251431,0.001411566853471823,0.004570096985949257,0.7640176894981718,0.04727645044538388,0.03283994588853256,Butler III
2024,202711,681,1.1027900146842877,1.0180808514529371,0.08470916323135058,0.002212995639996001,0.004570096985949257,0.6737482794306366,0.0570726529791314,0.03861349511291106,Bogdanović
2024,202722,233,1.1158798283261802,1.0669270883662156,0.04895273995996452,0.008106646106064427,0.004570096985949257,0.36051034187388453,0.017647969018630177,0.05406042692347038,Bertans
2024,202738,10,0.8,1.0013955899608091,-0.20139558996080908,0.14133113580140205,0.004570096985949257,0.03132322392786153,-0.006308359162426204,0.06653530502437276,Thomas
2024,203076,1283,1.1340607950116914,1.0757364592967495,0.05832433571494189,0.0007598682095209374,0.004570096985949257,0.8574346770281482,0.05000930795662249,0.0255252297308867,Davis
2024,203078,735,1.163265306122449,1.039306518784102,0.12395878733834698,0.001758721278159567,0.004570096985949257,0.722109056578003,0.08951176297944703,0.0356368988964453,Beal
2024,203081,1270,1.0251968503937008,1.0215160967538883,0.003680753639812462,0.0011627607520910252,0.004570096985949257,0.7971760672909175,0.0029342087112524287,0.030445443724014812,Lillard
2024,203083,477,1.119496855345912,1.2105312167709643,-0.09103436142505239,0.0017919551635647546,0.004570096985949257,0.7183369262853905,-0.06539334337242546,0.035877953735355926,Drummond
2024,203084,732,1.151639344262295,1.0693922590842493,0.08224708517804569,0.0020948786506071143,0.004570096985949257,0.6856884758712356,0.05639587848058584,0.037900318587974734,Barnes
2024,203095,221,0.8642533936651584,1.0223926992287267,-0.15813930556356826,0.007285686011841311,0.004570096985949257,0.38547407512442966,-0.060958602552936045,0.05299474574956959,Fournier
2024,203109,269,1.063197026022305,1.0596490060441464,0.0035480199781585675,0.0060956019962187255,0.004570096985949257,0.42848546481482525,0.00152027498951356,0.051106524580291676,Crowder
2024,203110,371,1.1266846361185985,1.052565044831714,0.07411959128688439,0.0035563757646644356,0.004570096985949257,0.5623715388209644,0.04168274860878612,0.044721409988951855,Green
2024,203114,643,1.1321928460342146,0.9881470198593155,0.14404582617489903,0.0021598431211896185,0.004570096985949257,0.6790694884641639,0.09781712549598656,0.03829730491129992,Middleton
2024,203200,194,1.190721649484536,1.1359316514279034,0.05478999805663265,0.008843437180262665,0.004570096985949257,0.3407078946770883,0.018667384887237067,0.05489106360234222,Holiday
2024,203458,81,1.2345679012345678,1.2137863942752964,0.02078150695927139,0.01051358323488671,0.004570096985949257,0.30298288740146556,0.006296440983073697,0.05643966517832664,Len
2024,203468,1054,1.1451612903225807,1.0298847538335112,0.11527653648906955,0.0014748000352350318,0.004570096985949257,0.7560256146520598,0.0871520143541094,0.033391415111184555,McCollum
2024,203469,62,0.8548387096774194,1.1721388041480467,-0.31730009447062735,0.014731911491820435,0.004570096985949257,0.2367679504033314,-0.07512649303059386,0.05905966889038245,Zeller
2024,203471,920,1.0228260869565218,1.009247294210181,0.013578792746340884,0.001508591171607469,0.004570096985949257,0.7518229044646644,0.01020884740167772,0.03367778787699213,Schröder
2024,203482,497,1.2313883299798793,1.0625998876287965,0.1687884423510828,0.0025647176026402443,0.004570096985949257,0.640534793049574,0.10811486999051077,0.04053135648899218,Olynyk
2024,203484,587,1.132879045996593,1.0980088568358397,0.03487018916075324,0.0026259259392925447,0.004570096985949257,0.6350864961697843,0.022145586254880365,0.04083736161882464,Caldwell-Pope
2024,203486,153,1.1372549019607843,1.2226535509283978,-0.08539864896761351,0.005621930551818821,0.004570096985949257,0.4483991991793665,-0.03829268580807773,0.05020825785941565,Plumlee
2024,203488,156,0.8974358974358975,1.0564128674741882,-0.1589769700382907,0.010343377765712265,0.004570096985949257,0.3064407900942132,-0.048717028305317864,0.05629949249120977,Muscala
2024,203490,33,1.0909090909090908,1.1400737343511131,-0.049164643442022316,0.05216547289589247,0.004570096985949257,0.08055082544278666,-0.0039602526118551855,0.06482261874822286,Porter Jr.
2024,203493,82,1.1585365853658536,1.0876059554715347,0.07093062989431886,0.02290625874152345,0.004570096985949257,0.16632835268542426,0.011797774825261564,0.061724875720115424,Bullock Jr.
2024,203496,98,1.0714285714285714,1.0776238008264702,-0.006195229397898849,0.01615149001025577,0.004570096985949257,0.2205476340584449,-0.0013663431861559155,0.05968394179576712,Covington
2024,203497,613,1.3246329526916802,1.3505955588552023,-0.025962606163522084,0.0011769210620622055,0.004570096985949257,0.7952118729695944,-0.020645772674466333,0.0305925089213005,Gobert
2024,203501,972,1.0236625514403292,1.0576068892957564,-0.033944337855427165,0.001679743626603571,0.004570096985949257,0.7312341656793935,-0.024821259571252734,0.03504691041097262,Hardaway Jr.
2024,203507,1367,1.2494513533284566,1.161416218762236,0.08803513456622047,0.0006905003526515228,0.004570096985949257,0.8687410747854002,0.07647973742193571,0.024492162389266117,Antetokounmpo
2024,203552,203,0.9753694581280788,1.0081969097021946,-0.03282745157411571,0.007643117951102504,0.004570096985949257,0.3741927911286287,-0.012283795730158252,0.05347896445377726,Curry
2024,203648,30,1.0666666666666667,1.3525540230116553,-0.28588735634498863,0.02467347140641546,0.004570096985949257,0.15627699481238674,-0.044677616904452745,0.0620958610777237,Antetokounmpo
2024,203897,376,1.0611702127659575,1.0689245803068181,-0.007754367540860674,0.0037515124998218903,0.004570096985949257,0.5491842646261542,-0.004258576635568489,0.045390215172991966,LaVine
2024,203903,808,0.9467821782178217,0.979486054261856,-0.03270387604403424,0.001686793811367051,0.004570096985949257,0.7304102203460948,-0.02388724530749442,0.03510059030043564,Clarkson
2024,203914,296,1.1418918918918919,1.0887297619385239,0.053162129953368,0.005830632097212822,0.004570096985949257,0.4394015986194532,0.023359524887525015,0.05061609491532519,Harris
2024,203915,638,0.9811912225705329,1.0452185138700927,-0.06402729129955975,0.0025169887544919654,0.004570096985949257,0.6448485531747971,-0.04128790615822238,0.040287424299542636,Dinwiddie
2024,203924,850,1.031764705882353,1.0093569982614266,0.022407707620926365,0.0015367943736570976,0.004570096985949257,0.7483507920540184,0.01676882574623511,0.03391255352742474,Grant
2024,203925,39,0.9743589743589743,1.1149688980175851,-0.1406099236586108,0.0466733108627052,0.004570096985949257,0.08918409562937095,-0.012540168878008094,0.0645175713997269,Harris
2024,203926,284,1.1971830985915493,1.0949352114297994,0.10224788716174982,0.006489331606747826,0.004570096985949257,0.41323084168806407,0.04225198047267608,0.05178408985247652,McDermott
2024,203932,715,1.1692307692307693,1.2459140136344988,-0.07668324440372953,0.0014324774372290717,0.004570096985949257,0.7613561555025946,-0.05838326015068937,0.033024619822988655,Gordon
2024,203933,41,0.926829268292683,1.024147757638128,-0.09731848934544496,0.03214029786567895,0.004570096985949257,0.12449054292170221,-0.012115231574934335,0.06325474789265703,Warren
2024,203935,234,1.0512820512820513,1.0480962133258782,0.00318583795617311,0.006803130959738691,0.004570096985949257,0.4018293669812506,0.001280163249233882,0.05228477605424304,Smart
2024,203937,432,0.9467592592592593,0.9746884778414114,-0.027929218582152138,0.0024763068210473566,0.004570096985949257,0.6485715424670174,-0.0181140963757249,0.040075705041187744,Anderson
2024,203939,106,1.3679245283018868,1.304683469587524,0.06324105871436281,0.008019785105006205,0.004570096985949257,0.3629976002104422,0.02295635254808137,0.0539551920330259,Powell
2024,203944,836,1.0358851674641147,1.0371929223066667,-0.001307754842551967,0.0015024809013649315,0.004570096985949257,0.7525793939170937,-0.0009841893467999036,0.033626420655806184,Randle
2024,203952,779,1.0231065468549423,1.0243985717151622,-0.0012920248602199536,0.001662967626887412,0.004570096985949257,0.7332022479820572,-0.0009473155319619733,0.03491835623787634,Wiggins
2024,203954,849,1.1236749116607774,0.962843369653446,0.1608315420073314,0.0013025414221806992,0.004570096985949257,0.7782016647955903,0.1251593737417472,0.03183771196562711,Embiid
2024,203957,300,1.25,1.0798220286617006,0.17017797133829937,0.0043336980479264575,0.004570096985949257,0.51327517856843,0.08734812862707876,0.04716332939277198,Exum
2024,203967,388,1.1237113402061856,1.007313509540016,0.11639783066616949,0.00388470849267357,0.004570096985949257,0.5405324814987539,0.06291680825105635,0.04582369606921869,Šarić
2024,203991,617,1.1442463533225284,1.2830632692319686,-0.13881691590944012,0.0012818924863419836,0.004570096985949257,0.7809475747672386,-0.10840873381614496,0.03164001941088402,Capela
2024,203992,1093,1.081427264409881,1.046534850615113,0.03489241379476793,0.0014612240012455255,0.004570096985949257,0.7577273694522512,0.026438936918548945,0.033274756477610246,Bogdanović
2024,203994,627,1.0558213716108453,1.141229277406771,-0.08540790579592561,0.0016474994095556708,0.004570096985949257,0.7350263180886514,-0.06277705853284159,0.03479878482158438,Nurkić
2024,203995,370,0.9756756756756757,1.0350714599182222,-0.059395784242546545,0.003825309741743553,0.004570096985949257,0.5443568291783276,-0.032332500776832716,0.04563259231777752,Micić
2024,203999,1403,1.2309337134711333,0.9944294561863782,0.2365042572847551,0.0007953784052184794,0.004570096985949257,0.8517599378933366,0.2014448514963727,0.026028281945426078,Jokić
2024,204001,750,1.1813333333333333,1.094234273169524,0.0870990601638093,0.001752770708669155,0.004570096985949257,0.722788646967737,0.06295421184796125,0.03559329668580392,Porziņģis
2024,204060,225,1.191111111111111,1.0344066085826558,0.15670450252845525,0.007755119315965218,0.004570096985949257,0.37079243674120216,0.05810484434084379,0.05362405792538931,Ingles
2024,204456,591,1.1472081218274113,0.9387233418680202,0.20848477995939108,0.001750712559412945,0.004570096985949257,0.7230239976622135,0.15073949905796585,0.03557818423506451,McConnell
2024,1626145,666,1.1381381381381381,1.0096050852105403,0.12853305292759787,0.002099022976512863,0.004570096985949257,0.6852623751968107,0.08807886514046309,0.037925999927198806,Jones
2024,1626153,187,0.9251336898395722,0.9827794641582803,-0.0576457743187081,0.007117333139291402,0.004570096985949257,0.3910266788316009,-0.02254103568052042,0.05275478309684544,Wright
2024,1626156,1075,1.1255813953488372,1.0146254953720872,0.11095589997674993,0.0014116633593025632,0.004570096985949257,0.7640053633337036,0.0847709026757549,0.03284080354876889,Russell
2024,1626157,950,1.151578947368421,1.0266650132644521,0.1249139341039689,0.0013767893263971537,0.004570096985949257,0.7684856824084928,0.09599456989221804,0.03252757115170215,Towns
2024,1626158,147,1.1224489795918366,1.1979300622003537,-0.07548108260851705,0.00595314865171312,0.004570096985949257,0.4342858794052111,-0.032780368339097206,0.0508465180463636,Holmes
2024,1626162,878,0.9965831435079726,1.1272301631433743,-0.1306470196354017,0.0014798402885831312,0.004570096985949257,0.7553957633887186,-0.09869020513194518,0.03343448944559549,Oubre Jr.
2024,1626164,1305,1.100383141762452,0.9942986044690217,0.10608453729343037,0.0010025966370633607,0.004570096985949257,0.8200876084550736,0.08699861448303238,0.02867432786194632,Booker
2024,1626166,480,1.0833333333333333,1.0237502876249696,0.0595830457083637,0.0032721017104066835,0.004570096985949257,0.5827571020449736,0.034722443048019226,0.04366738497268872,Payne
2024,1626167,908,1.1762114537444934,1.0599199171582734,0.11629153658622005,0.001432577805949463,0.004570096985949257,0.7613434251206002,0.08853779677709035,0.03302550065530148,Turner
2024,1626168,318,1.1635220125786163,1.1001206099804868,0.06340140259812954,0.005338224595586339,0.004570096985949257,0.46123825799777707,0.029243152488977006,0.04962049388376874,Lyles
2024,1626171,918,1.1241830065359477,1.0210080576790723,0.10317494885687539,0.001346345299149484,0.004570096985949257,0.7724400519311388,0.07969646285299742,0.03224858187257654,Portis
2024,1626172,232,1.1982758620689655,1.1032700655143113,0.09500579655465424,0.003755850190387334,0.004570096985949257,0.5488981480615273,0.05214850578395994,0.04540461665844281,Looney
2024,1626174,264,1.0643939393939394,1.0814220855779926,-0.017028146184053128,0.005248550990863301,0.004570096985949257,0.46545074196996056,-0.007925763275740481,0.049426126218473726,Wood
2024,1626179,996,1.03714859437751,1.015388034451494,0.021760559926016,0.0014194654884493684,0.004570096985949257,0.7630101539942802,0.01660352818015123,0.03290997692085667,Rozier
2024,1626181,766,1.1919060052219321,1.0297352516451561,0.16217075357677602,0.0019592932490281917,0.004570096985949257,0.6999270715154371,0.11350770063644443,0.0370319103751382,Powell
2024,1626192,347,1.106628242074928,1.1050336435707104,0.0015945985042176147,0.004879794920546287,0.004570096985949257,0.48361367845995396,0.000771169648291421,0.04857916808319785,Connaughton
2024,1626196,346,1.0809248554913296,1.0329328554473203,0.047992000044009275,0.0044932488993165084,0.004570096985949257,0.5042394987240684,0.024199462044956703,0.04759909214085735,Richardson
2024,1626204,238,1.273109243697479,1.205976474303985,0.067132769393494,0.004721663776582208,0.004570096985949257,0.49184402211235706,0.03301885131403743,0.048190477305546736,Nance Jr.
2024,1626220,532,1.0977443609022557,1.0839015685082112,0.013842792394044512,0.0034096656018245,0.004570096985949257,0.5727108965561656,0.007927918042834102,0.04418996089359695,O'Neale
2024,1626224,384,1.1822916666666667,1.0813623959960028,0.10092927067066393,0.0041142194590679014,0.004570096985949257,0.5262471738430793,0.053113743448480084,0.0465305959869921,Osman
2024,1626246,34,1.0588235294117647,1.064166792018578,-0.005343262606813282,0.027536459920367393,0.004570096985949257,0.14234154721991182,-0.0007605682666561019,0.06260656762692061,Marjanović
2024,1627732,74,1.162162162162162,1.225745268866194,-0.063583106704032,0.011356560313974485,0.004570096985949257,0.2869464006091937,-0.018244943608272276,0.05708523544136603,Simmons
2024,1627734,1068,1.2181647940074907,1.0913937869885466,0.12677100701894406,0.000913270076501604,0.004570096985949257,0.833447211156897,0.10565694225549034,0.027589171758016003,Sabonis
2024,1627736,721,1.1983356449375866,1.0886414243572025,0.10969422058038414,0.002506422459118363,0.004570096985949257,0.6458114079139067,0.07084177903303651,0.04023277540948755,Beasley
2024,1627739,312,1.0737179487179487,1.0216996001885512,0.05201834852939746,0.004288610966738352,0.004570096985949257,0.5158875323983056,0.026835617462265888,0.047036591384229366,Dunn
2024,1627741,850,1.1305882352941177,1.0821459538251863,0.04844228146893137,0.0019940120972397227,0.004570096985949257,0.6962250212528475,0.03372672844524316,0.03725964458739724,Hield
2024,1627742,1015,1.0699507389162561,0.9640568884137709,0.10589385050248523,0.001185734084808317,0.004570096985949257,0.7939942867968408,0.08407911230589205,0.030683319393411207,Ingram
2024,1627745,72,1.2361111111111112,1.2429344771646749,-0.006823366053563706,0.014126399726129845,0.004570096985949257,0.24443600618487468,-0.001667876346870562,0.05876223898751891,Jones
2024,1627747,818,0.9755501222493888,1.076581906960301,-0.10103178471091234,0.0016743612964627286,0.004570096985949257,0.7318644435212738,-0.07394157089541299,0.03500579235625518,LeVert
2024,1627749,1462,1.0567715458276334,1.0175549534792983,0.03921659234833519,0.0009415599004389221,0.004570096985949257,0.8291693550873535,0.03251719658619273,0.027941235037540015,Murray
2024,1627750,983,1.1119023397761953,1.0027267095455465,0.1091756302306488,0.0013514677646258822,0.004570096985949257,0.7717718505915824,0.08425867818261012,0.03229589413099111,Murray
2024,1627751,378,1.312169312169312,1.1692700924867812,0.14289921968253094,0.0022940236680760364,0.004570096985949257,0.6657949672357867,0.09514158128655018,0.03908131795276106,Poeltl
2024,1627752,568,1.1390845070422535,1.075816808533008,0.06326769850924552,0.002926903116263233,0.004570096985949257,0.6095900925225471,0.038567362187939595,0.04223992354926126,Prince
2024,1627759,1256,1.1138535031847134,1.054550086994398,0.05930341619031543,0.001015585478535575,0.004570096985949257,0.8181805920775265,0.04852090417081224,0.028825896831383663,Brown
2024,1627763,496,1.0443548387096775,1.0043687615575883,0.03998607715208924,0.0028132369582807267,0.004570096985949257,0.6189747098627106,0.0247503705037624,0.041729156833404474,Brogdon
2024,1627777,632,1.134493670886076,1.0774795291304458,0.05701414175563024,0.0026317244531060403,0.004570096985949257,0.6345751591626162,0.036179758079099025,0.040865963388887754,Niang
2024,1627780,183,1.2349726775956285,1.171196385572732,0.06377629202289636,0.006723846405085268,0.004570096985949257,0.40465024728007215,0.025807092337671107,0.052161346900659857,Payton II
2024,1627783,1271,1.138473642800944,1.0257098218256964,0.11276382097524773,0.0008977964947526468,0.004570096985949257,0.835805781893652,0.09424865355953271,0.027393128723789763,Siakam
2024,1627788,76,0.9736842105263158,1.0200978464278307,-0.04641363590151493,0.0197839086609321,0.004570096985949257,0.18765278501668078,-0.008709648039669478,0.06093033365032182,Korkmaz
2024,1627826,519,1.298651252408478,1.1787567538329418,0.11989449857553613,0.0016117151562224448,0.004570096985949257,0.7392811170647705,0.08863573883684289,0.03451826445640554,Zubac
2024,1627827,509,1.074656188605108,1.1470700840718178,-0.07241389546670973,0.003272020250408397,0.004570096985949257,0.5827631554347792,-0.04220015021950402,0.0436670682067676,Finney-Smith
2024,1627832,1007,1.0655412115193645,1.009368201330218,0.056173010189146444,0.0015770570281742565,0.004570096985949257,0.7434492409738136,0.04176178178833522,0.03424123027241529,VanVleet
2024,1627853,6,0.0,1.0215123537492865,-1.0215123537492865,0.33527027126704234,0.004570096985949257,0.013447775523086425,-0.013737068827280057,0.06714640234266821,Arcidiacono
2024,1627863,103,1.058252427184466,1.1438129635097507,-0.08556053632528471,0.013801929006553668,0.004570096985949257,0.24875302200280888,-0.021283441975095675,0.058594125557503214,House Jr.
2024,1627884,495,1.1313131313131313,1.1915142504326757,-0.0602011191195444,0.0028482931257886464,0.004570096985949257,0.6160496977259425,-0.03708688123635879,0.04188902146358847,Jones Jr.
2024,1627885,2,1.0,1.5346295871479523,-0.5346295871479523,0.3536327127155058,0.004570096985949257,0.01275840630551786,-0.006821021495784844,0.06716985805960063,Harrison
2024,1627936,541,1.1866913123844731,1.128887665321171,0.0578036470633021,0.002980680328251043,0.004570096985949257,0.6052485453854594,0.03498557330303807,0.04247413840130247,Caruso
2024,1628365,325,0.96,1.0155787864480617,-0.05557878644806169,0.0030451371939730805,0.004570096985949257,0.6001256006018011,-0.03335425259786227,0.042748857147858095,Fultz
2024,1628368,1548,1.0684754521963824,0.9873099909960689,0.08116546120031354,0.0008780504214782374,0.004570096985949257,0.8388350468856284,0.06808443345145866,0.02713926061020534,Fox
2024,1628369,1426,1.1030855539971949,1.0479119300832616,0.05517362391393332,0.0009705322359265625,0.004570096985949257,0.8248335708704972,0.045509057230795485,0.02829359591505178,Tatum
2024,1628370,893,1.0526315789473684,1.0372749474769238,0.015356631470444526,0.0016167562257615108,0.004570096985949257,0.7386787482364641,0.011343617311716653,0.034558117209261024,Monk
2024,1628371,284,1.176056338028169,1.1992877390443748,-0.0232314010162058,0.004530369788732437,0.004570096985949257,0.5021827010745945,-0.011666407712065308,0.04769772884920618,Isaac
2024,1628372,337,0.9673590504451038,1.1100751910536752,-0.1427161406085714,0.0036964377187927804,0.004570096985949257,0.552843137926664,-0.0788996390068256,0.04520564375836141,Smith Jr.
2024,1628373,9,0.3333333333333333,1.0743313308493294,-0.7409979975159962,0.2185326335339636,0.004570096985949257,0.02048427186569712,-0.015178804433054825,0.06690651595200926,Ntilikina
2024,1628374,889,1.1574803149606299,1.073525498851961,0.08395481610866895,0.0016461296286594785,0.004570096985949257,0.7351882853191172,0.06172259729921412,0.03478814768146124,Markkanen
2024,1628378,1088,1.0919117647058822,1.0550977707822644,0.03681399392361784,0.001325665394406553,0.004570096985949257,0.775149453305045,0.028536347263867615,0.03205602604409437,Mitchell
2024,1628379,315,1.234920634920635,1.070342451701637,0.16457818321899786,0.005724897617293321,0.004570096985949257,0.4439144615490939,0.07305863558638956,0.050411951392546346,Kennard
2024,1628380,616,1.0616883116883118,1.046239803603082,0.015448508085229795,0.0020320911932954554,0.004570096985949257,0.6922094405482507,0.010693603138982044,0.03750510242692419,Collins
2024,1628381,746,1.1796246648793565,1.1183783234619777,0.061246341417378725,0.001669881403139402,0.004570096985949257,0.7323898739682517,0.04485620027169052,0.03497147738353634,Collins
2024,1628384,577,1.1542461005199307,1.1826168057939213,-0.02837070527399055,0.0023919205575869437,0.004570096985949257,0.6564328454173901,-0.018623462789503772,0.03962493176813239,Anunoby
2024,1628385,50,0.98,1.1199092410272504,-0.13990924102725044,0.02391113947006429,0.004570096985949257,0.16045992220201957,-0.02244982593057621,0.06194174342984023,Giles III
2024,1628386,819,1.2673992673992673,1.213886568859175,0.05351269854009244,0.0009947084499328236,0.004570096985949257,0.8212500937554967,0.04394730869316055,0.028581539632544575,Allen
2024,1628389,1017,1.0570304818092429,1.015816462814019,0.04121401899522392,0.0009261576088993334,0.004570096985949257,0.8314929570825591,0.0342691665275955,0.027750559074516304,Adebayo
2024,1628391,6,1.6666666666666667,1.1451391307472283,0.5215275359194385,0.2043667264256894,0.004570096985949257,0.021873104564940387,0.011407426326661581,0.06685906652581734,Wilson
2024,1628392,365,1.2904109589041095,1.2360187362712916,0.054392222632817955,0.0022853897551778067,0.004570096985949257,0.666633480381864,0.03625967667942063,0.03903226007449783,Hartenstein
2024,1628398,1312,1.0419207317073171,1.0303608900396095,0.011559841667707627,0.0009974461745029062,0.004570096985949257,0.820846260952578,0.009488852810141618,0.02861380720634993,Kuzma
2024,1628401,839,1.1561382598331347,1.0530618406807994,0.10307641915233523,0.0019177650651218503,0.004570096985949257,0.7044072376962394,0.0726077756867162,0.03675442275526622,White
2024,1628404,678,0.9882005899705014,1.1040425082683605,-0.11584191829785906,0.001974409538721497,0.004570096985949257,0.6983104025829011,-0.0808936166025535,0.03713153268918654,Hart
2024,1628415,766,1.0326370757180157,1.0425254670691717,-0.009888391351156045,0.0019283691633494877,0.004570096985949257,0.7032577966790549,-0.006954088314314223,0.03682581498081194,Brooks
2024,1628418,149,1.1812080536912752,1.1595563836101461,0.021651670081129115,0.006760108482869976,0.004570096985949257,0.4033551729071623,0.008733313129302667,0.05221804981018722,Bryant
2024,1628420,151,1.0,0.9939908029685703,0.006009197031429658,0.009615612720398983,0.004570096985949257,0.3221620264726054,0.0019359350931185432,0.05565775130006151,Morris
2024,1628424,21,0.9523809523809523,1.1306894743581442,-0.17830852197719183,0.06249774346205793,0.004570096985949257,0.06814140660294736,-0.012150193496818404,0.06525859444559609,Simmons
2024,1628426,190,1.1210526315789473,1.0936326549377182,0.027419976641229082,0.008581320329013674,0.004570096985949257,0.3474984388754558,0.00952839907682857,0.05460764981046579,Vezenkov
2024,1628436,203,1.4039408866995073,1.366044674937291,0.03789621176221636,0.00369854234977456,0.004570096985949257,0.5527024218125728,0.020945328018499087,0.04521275609711006,Kornet
2024,1628449,217,1.1566820276497696,1.1775360114469107,-0.020853983797141096,0.006332061063288489,0.004570096985949257,0.41919195862958414,-0.008741822313153189,0.05152037537986334,Boucher
2024,1628464,292,1.1575342465753424,1.1422581086669141,0.0152761379084283,0.0038696150755978902,0.004570096985949257,0.5414991592866591,0.008272015834560989,0.045775466247753714,Theis
2024,1628467,146,1.082191780821918,1.0876947597715358,-0.0055029789496179315,0.011130746480036716,0.004570096985949257,0.2910733423876134,-0.0016017704759539694,0.056919799553524865,Kleber
2024,1628470,251,1.099601593625498,1.130476837182154,-0.030875243556656162,0.006466631761884842,0.004570096985949257,0.41408075620650864,-0.012784844200000317,0.05174657254418212,Craig
2024,1628960,682,1.2976539589442815,1.1102560996830058,0.18739785926127572,0.0024382456009174784,0.004570096985949257,0.6520938337850918,0.12220098848880435,0.039874364215770425,Allen
2024,1628962,23,1.391304347826087,1.3154978067034135,0.07580654112267338,0.03164663297065096,0.004570096985949257,0.12618745511882948,0.009565834505631048,0.06319341799306387,Azubuike
2024,1628963,408,1.1936274509803921,1.152333616940919,0.041293834039473065,0.002270225841691232,0.004570096985949257,0.6681113013383424,0.02758887719736189,0.03894564855570212,Bagley III
2024,1628964,198,1.106060606060606,1.1862316440893372,-0.08017103802873127,0.006181232174397773,0.004570096985949257,0.4250727438245174,-0.03407852311013253,0.051258885284286564,Bamba
2024,1628966,166,0.9939759036144579,1.1270403129873348,-0.1330644093728769,0.008169158701513444,0.004570096985949257,0.3587412874087223,-0.04773569752670711,0.0541351504073564,Bates-Diop
2024,1628969,1289,1.04344453064391,1.0512442114374407,-0.007799680793530772,0.0011351659116505212,0.004570096985949257,0.8010317960758497,-0.006247792314860263,0.030154667782177545,Bridges
2024,1628970,1202,1.0607321131447587,1.0602334137534366,0.0004986993913220772,0.0011003402225331818,0.004570096985949257,0.8059514315955784,0.00040192748837187165,0.029779536221922854,Bridges
2024,1628971,581,1.0481927710843373,1.0421303140137084,0.006062457070628913,0.0021497163785593183,0.004570096985949257,0.680092844555285,0.004123033674158318,0.03823619655354717,Brown
2024,1628972,224,0.9598214285714286,1.0715264625102827,-0.11170503393885411,0.007326882203908708,0.004570096985949257,0.38413927712382745,-0.04291029098836403,0.053052268880613644,Brown Jr.
2024,1628973,1647,1.0874316939890711,0.9884520711583731,0.09897962283069806,0.0008019000501696543,0.004570096985949257,0.8507258948994133,0.084204528209452,0.026118903839948252,Brunson
2024,1628975,364,0.9697802197802198,1.0349767077080263,-0.06519648792780652,0.0046393037690741976,0.004570096985949257,0.496242601176456,-0.03235327475686412,0.04798145652242245,Carter
2024,1628976,425,1.2,1.170633789873077,0.029366210126922976,0.003142346913615634,0.004570096985949257,0.5925614559357879,0.017401284228125757,0.04315128807101139,Carter Jr.
2024,1628977,2,1.0,1.2589553796784319,-0.25895537967843185,0.4664710339938831,0.004570096985949257,0.009702118743734348,-0.002512415842968958,0.0672737494296341,Diallo
2024,1628978,1000,1.17,1.130640297576954,0.03935970242304587,0.0017249034063590725,0.004570096985949257,0.7259883560187415,0.028574685655493946,0.03538728286084918,DiVincenzo
2024,1628981,187,1.1657754010695187,1.1836627282194772,-0.017887327149958443,0.004503812543165747,0.004570096985949257,0.5036524743039826,-0.009008996577761375,0.047627264577831264,Fernando
2024,1628983,1487,1.1344989912575656,1.007677112824953,0.1268218784326125,0.0007660743878878363,0.004570096985949257,0.856437446585046,0.10861500573594576,0.025614347398613544,Gilgeous-Alexander
2024,1628984,107,0.9439252336448598,1.07363863635123,-0.12971340270637022,0.01686280228808716,0.004570096985949257,0.21322812781961903,-0.027658546012191625,0.059963520257580054,Graham
2024,1628988,416,1.0961538461538463,1.0108766758348713,0.08527717031897497,0.0036888888994980776,0.004570096985949257,0.5533484436632773,0.04718798947601303,0.04518009441539494,Holiday
2024,1628989,560,1.105357142857143,1.0777171216410546,0.02764002121608833,0.0028966180941642594,0.004570096985949257,0.6120625920387708,0.01691742302952564,0.04210595657220699,Huerter
2024,1628991,1154,0.9956672443674177,1.0123273404936841,-0.0166600961262664,0.001114358758181639,0.004570096985949257,0.8039638606858369,-0.01339411520107029,0.029931658313845314,Jackson Jr.
2024,1628995,186,1.0913978494623655,1.1313797683959685,-0.03998191893360303,0.00786457598258249,0.004570096985949257,0.3675285226651909,-0.014694495598986548,0.05376296115604762,Knox II
2024,1628997,557,1.0107719928186714,1.0368203158134366,-0.026048322994765227,0.002506730218896735,0.004570096985949257,0.6457833226194638,-0.01682157257222447,0.040234370501720906,Martin
2024,1628998,215,0.8883720930232558,1.0692828995280768,-0.18091080650482094,0.006460055680148236,0.004570096985949257,0.4143276275763619,-0.07495634526206872,0.05173566993832224,Martin
2024,1629001,360,0.9861111111111112,1.0880234509632287,-0.10191233985211756,0.00447552604694254,0.004570096985949257,0.5052274419718155,-0.051488910768847665,0.047551641151226426,Melton
2024,1629002,244,1.1229508196721312,1.142653687199971,-0.019702867527839896,0.005271053235464563,0.004570096985949257,0.46438646734656774,-0.009149745047850972,0.04947530486225511,Metu
2024,1629003,194,0.9072164948453608,1.0302701088823454,-0.12305361403698456,0.006729632774321556,0.004570096985949257,0.4044430338517873,-0.04976817698754492,0.052170423574617736,Milton
2024,1629004,136,1.1470588235294117,1.09861908440591,0.048439739123501635,0.013386191579085181,0.004570096985949257,0.2545123380812906,0.012328511260370167,0.05836909213613874,Mykhailiuk
2024,1629006,206,0.9757281553398058,1.1549592728421985,-0.17923111750239262,0.00686129213230939,0.004570096985949257,0.39978492015897926,-0.07165389800069867,0.05237405013270161,Okogie
2024,1629007,104,0.9615384615384616,1.0973520152876364,-0.1358135537491748,0.015118258151401387,0.004570096985949257,0.23212182805862527,-0.031525290371396814,0.05923915697547951,Porter
2024,1629008,1078,1.1725417439703154,1.0936668095067805,0.07887493446353488,0.001397409580184419,0.004570096985949257,0.7658302400344412,0.060404809992909744,0.03271358302324986,Porter Jr.
2024,1629010,33,0.7272727272727273,1.0546969146146123,-0.32742418734188505,0.04444273278540278,0.004570096985949257,0.09324287145363877,-0.030529971411131528,0.06437365936590624,Robinson
2024,1629011,127,1.1496062992125984,1.3753082249782747,-0.22570192576567627,0.006027980688833093,0.004570096985949257,0.43121942735177327,-0.09732705518086736,0.05098413852097683,Robinson
2024,1629012,1036,1.1003861003861004,1.0108578934392036,0.08952820694689678,0.0012444067809446564,0.004570096985949257,0.7859822900055642,0.070367585116214,0.031274297616178906,Sexton
2024,1629013,274,1.0547445255474452,1.0731036207919467,-0.01835909524450141,0.005769948988169799,0.004570096985949257,0.44198033523140284,-0.008114359070709988,0.050499544434176646,Shamet
2024,1629014,837,1.0465949820788532,1.0174894649983222,0.029105517080530996,0.0017727823489240198,0.004570096985949257,0.7205082652010694,0.020970765619473482,0.03573939471790649,Simons
2024,1629018,847,1.062573789846517,1.0533695868688377,0.009204202977679321,0.0018362890017114112,0.004570096985949257,0.7133658500676848,0.006565964081367725,0.03619317428294735,Trent Jr.
2024,1629020,113,1.1150442477876106,1.2372575797185958,-0.12221333193098527,0.009713946373845088,0.004570096985949257,0.3199442112317317,-0.0391014480866609,0.05574873012479484,Vanderbilt
2024,1629021,551,1.2740471869328494,1.1601930338261692,0.11385415310668012,0.0019891516106700707,0.004570096985949257,0.6967409328417145,0.07932684884345169,0.037227991468542374,Wagner
2024,1629022,491,1.0590631364562118,1.0578326349969684,0.001230501459243305,0.0031624746891062727,0.004570096985949257,0.59101902678664,0.0007272497749015185,0.043232889251043245,Walker IV
2024,1629023,809,1.03831891223733,1.0870955135004512,-0.04877660126312122,0.0018462310402191009,0.004570096985949257,0.7122604965504521,-0.03474164623571413,0.036262893396050384,Washington
2024,1629026,279,1.1397849462365592,1.1176084690573502,0.02217647717920901,0.005270399992030341,0.004570096985949257,0.46441729479475613,0.010299139539645893,0.04947388105642244,Williams
2024,1629027,1002,1.0389221556886228,0.9808480453118721,0.0580741103767507,0.0014616887880773458,0.004570096985949257,0.7576689818177056,0.044000952079121754,0.033278765839449616,Young
2024,1629028,748,1.143048128342246,1.0100763407280902,0.13297178761415585,0.0012390903741424494,0.004570096985949257,0.7867015991505413,0.10460911795796254,0.031221697244543056,Ayton
2024,1629029,1646,1.149453219927096,1.0086998536469987,0.14075336628009727,0.0008848971843185094,0.004570096985949257,0.8377821943162457,0.11792066405953815,0.02722776349285097,Dončić
2024,1629048,209,1.215311004784689,1.2707392103579886,-0.05542820557329975,0.004243730102096548,0.004570096985949257,0.5185144818812796,-0.028740327294448573,0.046908799975405265,Bitadze
2024,1629052,153,0.9869281045751634,1.1299642637418454,-0.143036159166682,0.008341129990856462,0.004570096985949257,0.3539630272288741,-0.050629511901829835,0.05433646677943924,Brissett
2024,1629057,26,1.3076923076923077,1.1794791165614056,0.12821319113090213,0.032111249231297156,0.004570096985949257,0.12458912927793642,0.015973969844944737,0.06325118640590165,Williams III
2024,1629060,675,1.2207407407407407,1.1190926106838142,0.10164813005692652,0.001884729144519693,0.004570096985949257,0.7080124070851208,0.07196813723730597,0.03652959920824301,Hachimura
2024,1629111,206,1.0776699029126213,1.0984659779574684,-0.02079607504484704,0.00546085043906255,0.004570096985949257,0.45559973473232296,-0.009474686273905793,0.049879474851383374,Landale
2024,1629117,22,0.7727272727272727,1.1512533307025976,-0.3785260579753249,0.054096373972390165,0.004570096985949257,0.07789964031064014,-0.02948704376448233,0.06491600784520772,Gabriel
2024,1629130,673,1.1812778603268945,1.0780703402028458,0.10320752012404877,0.0025744062446951877,0.004570096985949257,0.6396661655000788,0.0660183586485225,0.040580297817828154,Robinson
2024,1629139,115,0.9304347826086956,1.1059164979241136,-0.175481715315418,0.015181404391165911,0.004570096985949257,0.23137972646698862,-0.04060291128963939,0.05926777535400421,Watanabe
2024,1629162,144,1.2430555555555556,1.1039330355761108,0.1391225199794448,0.011323577037047786,0.004570096985949257,0.2875418848616527,0.0400035516215925,0.05706139399461644,McLaughlin
2024,1629216,49,0.673469387755102,1.0325362261333169,-0.35906683837821485,0.03280797673555342,0.004570096985949257,0.12226678720792919,-0.0439019487214131,0.06333502909329561,Vincent
2024,1629232,4,0.0,1.322101872851336,-1.322101872851336,0.35011293190651893,0.004570096985949257,0.012885017363869437,-0.017035305588493768,0.06716555074538386,Gates
2024,1629234,253,1.2134387351778657,1.23520767883238,-0.021768943654514317,0.0031038934167745354,0.004570096985949257,0.5955307142848596,-0.012964074563799773,0.04299376540332112,Eubanks
2024,1629308,12,0.5833333333333334,1.1842566549379006,-0.6009233216045672,0.10248547330514951,0.004570096985949257,0.04268901630734895,-0.025652825475443664,0.06614381332513194,Toscano-Anderson
2024,1629312,329,1.1610942249240122,1.108873885200401,0.052220339723611175,0.0048416136849077545,0.004570096985949257,0.4855755925541125,0.025356922404669555,0.04848679649107768,Highsmith
2024,1629599,349,1.151862464183381,1.061526214502361,0.09033624968102005,0.004383711196879652,0.004570096985949257,0.510408185280708,0.04610836126475438,0.047302030366508194,Coffey
2024,1629603,6,1.3333333333333333,1.2019881079144634,0.13134522541886984,0.16583682087628487,0.004570096985949257,0.026818729211709365,0.003522512033759596,0.06668982525402083,Diakite
2024,1629610,17,0.8235294117647058,0.9357402706268837,-0.11221085886217785,0.09307617379805846,0.004570096985949257,0.046802575758968325,-0.005251757222875981,0.06600155055404784,Jeffries
2024,1629611,492,1.1768292682926829,1.148238329618682,0.028590938674000865,0.002768655355916623,0.004570096985949257,0.6227348700511276,0.017804574479793688,0.041522743566425095,Mann
2024,1629614,522,1.1130268199233717,1.0032309396167989,0.10979588030657284,0.002529890820325408,0.004570096985949257,0.6436767372910699,0.07067305400373564,0.04035383338580967,Nembhard
2024,1629618,34,1.1470588235294117,1.002422986821991,0.14463583670742075,0.050344975802096674,0.004570096985949257,0.08322117688140603,0.012036764550018422,0.06472841830538109,Pickett
2024,1629622,725,1.0662068965517242,1.1449008721132394,-0.07869397556151525,0.0022702068592166946,0.004570096985949257,0.668113155408871,-0.052576480324072535,0.03894553977212446,Strus
2024,1629623,5,0.8,1.0519940217951302,-0.2519940217951302,0.27390204302353716,0.004570096985949257,0.016411325692378322,-0.004135555964212163,0.06704547438766534,Wigginton
2024,1629626,151,1.3774834437086092,1.0789464679283571,0.29853697578025207,0.008633975557615133,0.004570096985949257,0.34611268386106403,0.10332743391906851,0.054665605755694326,Bol
2024,1629627,1094,1.146252285191956,1.0481843708169025,0.09806791437505358,0.0008346737004246636,0.004570096985949257,0.8455672314592408,0.08292301485309594,0.02656638345804567,Williamson
2024,1629628,880,1.0931818181818183,1.102141646304916,-0.008959828123097813,0.00139080082603825,0.004570096985949257,0.7666793040401872,-0.006869314789736328,0.032654221922525165,Barrett
2024,1629629,234,0.9358974358974359,1.1139883369946684,-0.17809090109723247,0.006238549358754879,0.004570096985949257,0.4228186250342484,-0.07530014993304215,0.05135927240603229,Reddish
2024,1629630,169,1.029585798816568,1.0450463969862636,-0.015460598169695583,0.007394603683112592,0.004570096985949257,0.381965007930917,-0.005905407502504494,0.05314583572083602,Morant
2024,1629631,663,1.0935143288084463,1.0551894277330445,0.038324901075401874,0.0022069201484709623,0.004570096985949257,0.6743522843904147,0.025844484589233916,0.03857773507592983,Hunter
2024,1629632,1205,1.071369294605809,1.0614778001330878,0.009891494472721307,0.001203809419888721,0.004570096985949257,0.791508671032223,0.007829203644626222,0.030867873171182246,White
2024,1629634,59,1.1355932203389831,1.026624335851143,0.10896888448784003,0.017393136842955955,0.004570096985949257,0.20807942134343974,0.022674182428669882,0.060159403667502706,Clarke
2024,1629636,841,1.0487514863258025,1.0164560850056854,0.0322954013201171,0.001684699733614677,0.004570096985949257,0.7306547583960283,0.023596788648852934,0.035084667261270776,Garland
2024,1629637,174,1.4482758620689655,1.3773867341298314,0.07088912793913416,0.004215113934698965,0.004570096985949257,0.5202034449973171,0.03687676856679315,0.04682645395379196,Hayes
2024,1629638,535,1.1271028037383177,1.0862325104157093,0.040870293322608386,0.003076899615232945,0.004570096985949257,0.5976329301941541,0.02442543315628502,0.042881890501293554,Alexander-Walker
2024,1629639,734,1.0626702997275204,0.9992043444161585,0.0634659553113619,0.0019923930768563696,0.004570096985949257,0.6963967857035395,0.0441974872804369,0.03724910917835165,Herro
2024,1629640,861,1.0557491289198606,1.0808493411540738,-0.025100212234213215,0.0016196685105646894,0.004570096985949257,0.7383311998690611,-0.01853226981585473,0.03458109013312568,Johnson
2024,1629642,124,1.0887096774193548,1.1073734402869486,-0.01866376286759386,0.012263528347947505,0.004570096985949257,0.27148620070251617,-0.005066954071735755,0.05770076878510262,Little
2024,1629643,111,0.9279279279279279,1.0705098836696778,-0.14258195574174992,0.015484479818745879,0.004570096985949257,0.22788299301730047,-0.032492002824690246,0.05940243771438843,Okeke
2024,1629646,40,1.45,1.2610313529179424,0.18896864708205752,0.01948620280770321,0.004570096985949257,0.18997505955405206,0.03589932998326252,0.06084317988793612,Bassey
2024,1629647,29,1.3103448275862069,1.1582687449229312,0.15207608266327566,0.037648571686621835,0.004570096985949257,0.10824824964029216,0.01646196976045197,0.06383879687567644,Bazley
2024,1629650,65,1.0153846153846153,1.1075113877126646,-0.09212677232804922,0.013259184353485215,0.004570096985949257,0.25632536157479335,-0.023614428227705885,0.05829807221164299,Brown
2024,1629651,582,1.2594501718213058,1.2626131035044221,-0.0031629316831163212,0.0013532781682811137,0.004570096985949257,0.7715359684225594,-0.0024403155591875467,0.03231257931688333,Claxton
2024,1629652,657,1.1141552511415524,1.1291958626581342,-0.015040611516581759,0.002440989644430385,0.004570096985949257,0.6518386131682689,-0.009804051352171347,0.03988898725943801,Dort
2024,1629655,480,1.45,1.287164699796204,0.16283530020379589,0.0015932159533933149,0.004570096985949257,0.7415000716216659,0.12074238676365011,0.03437105968034625,Gafford
2024,1629656,328,0.9908536585365854,1.1393293671333582,-0.14847570859677284,0.005374587792923087,0.004570096985949257,0.45955171909103726,-0.06823226712890686,0.049698099155234376,Grimes
2024,1629659,463,0.9244060475161987,1.004037715338774,-0.07963166782257536,0.0029568358722194526,0.004570096985949257,0.6071659030397083,-0.048349633504052046,0.042370861715291176,Horton-Tucker
2024,1629660,4,1.0,1.0102567302050447,-0.010256730205044695,0.3015691786508771,0.004570096985949257,0.01492816292990375,-0.0001531141396289723,0.06709600460189523,Jerome
2024,1629661,618,1.116504854368932,1.0854520635660856,0.031052790802846397,0.00255573649712644,0.004570096985949257,0.6413420965847048,0.019915461958303744,0.040485817311561346,Johnson
2024,1629667,189,0.7513227513227513,1.0445512332096583,-0.293228481886907,0.007078192898637734,0.004570096985949257,0.3923405951629351,-0.11504543710223303,0.05269784070082558,McDaniels
2024,1629669,77,0.961038961038961,1.0186041023987054,-0.05756514135974433,0.0177603550210045,0.004570096985949257,0.20465761214892192,-0.01178114437370042,0.06028923493888355,Nowell
2024,1629670,297,1.0774410774410774,1.1057909417073981,-0.02834986426632069,0.00475784718842829,0.004570096985949257,0.48993614246777145,-0.013889623138126077,0.04828085850468784,Nwora
2024,1629673,1182,0.9847715736040609,1.020678109474013,-0.03590653586995207,0.0012461875696927228,0.004570096985949257,0.7857416435232899,-0.028213260507684104,0.0312918754495261,Poole
2024,1629674,104,1.2884615384615385,1.2281826730859833,0.06027886537555527,0.007851820348566746,0.004570096985949257,0.36790592489700563,0.02217695171773575,0.05374691830667669,Queta
2024,1629675,849,1.1554770318021201,1.0633141239732038,0.09216290782891634,0.0017161260151673644,0.004570096985949257,0.727002046401706,0.06700262259395398,0.03532176559728971,Reid
2024,1629677,158,0.8417721518987342,1.039281161972972,-0.19750901007423782,0.008743924801584944,0.004570096985949257,0.3432544319724786,-0.06779584306247906,0.0547849517748999,Samanic
2024,1629678,26,1.0,1.0927050551667792,-0.09270505516677918,0.05974605249501671,0.004570096985949257,0.07105675670621038,-0.00658732055042164,0.0651564326547646,Schofield
2024,1629680,316,1.0506329113924051,1.1107106628066203,-0.06007775141421523,0.005575463213959184,0.004570096985949257,0.45045289721808557,-0.02706219718288119,0.05011470401050747,Thybulle
2024,1629684,604,1.1225165562913908,1.0585236881159954,0.0639928681753954,0.002592027638185888,0.004570096985949257,0.638092357475714,0.040833360115670646,0.04066882130443714,Williams
2024,1629685,30,1.4333333333333333,1.116265009223913,0.3170683241094203,0.0649639501469504,0.004570096985949257,0.06572459355363683,0.02083918673082444,0.06534316505226113,Windler
2024,1629716,25,1.36,1.1439657786584476,0.21603422134155248,0.036616064466308884,0.004570096985949257,0.11096195481209842,0.023971579506368215,0.06374158839178272,Bolden
2024,1629717,46,0.8913043478260869,1.0200448572387157,-0.12874050941262882,0.03708694494006257,0.004570096985949257,0.10970766945157381,-0.01412382125166791,0.06378653695297389,Brooks
2024,1629718,10,0.6,1.078025582866498,-0.478025582866498,0.1712536200925353,0.004570096985949257,0.025992494425022578,-0.012425077297675616,0.0667181292117829,Brown Jr.
2024,1629723,208,1.0288461538461537,1.1633563360207564,-0.13451018217460264,0.00756113676345668,0.004570096985949257,0.3767215338813378,-0.05067288215147449,0.053370806996109535,Konchar
2024,1629726,226,1.2876106194690264,1.0951089757594281,0.19250164370959832,0.008521876913336982,0.004570096985949257,0.3490762371744733,0.0671977494360477,0.054541587129196094,Mathews
2024,1629731,232,1.168103448275862,1.130864223145774,0.03723922513008815,0.00829295624270985,0.004570096985949257,0.35528866317423,0.01323067451411321,0.05428069027964519,Wade
2024,1629750,75,1.3333333333333333,1.2390379263306737,0.09429540700265959,0.01690881081497722,0.004570096985949257,0.2127713861573599,0.020063364456228305,0.05998092292867176,Green
2024,1629875,46,0.6956521739130435,0.9287364686971927,-0.23308429478414927,0.02948293135051938,0.004570096985949257,0.13420530299958588,-0.03128114840595155,0.06290282772032146,Moon
2024,1630162,1552,1.047680412371134,1.0435669271940227,0.004113485177111409,0.000842349302708061,0.004570096985949257,0.8443680994168304,0.0034732956609768643,0.026669324696600362,Edwards
2024,1630163,423,1.0307328605200945,1.0138858444628203,0.016847016057274233,0.0034759160396076218,0.004570096985949257,0.5679952258880357,0.009569024690990843,0.04443313758992019,Ball
2024,1630164,304,1.230263157894737,1.1622420154560062,0.0680211424387307,0.002783428474610567,0.004570096985949257,0.6214838053476102,0.04227403844691417,0.04159153423851865,Wiseman
2024,1630165,283,0.9045936395759717,0.9647001291211367,-0.060106489545164954,0.004400837584700463,0.004570096985949257,0.5094337663437297,-0.030620275350693397,0.047349078827797694,Hayes
2024,1630166,800,1.125,1.0771326197434592,0.047867380256540804,0.0015331815491390183,0.004570096985949257,0.7487937769307716,0.03584279645407664,0.033882691789472355,Avdija
2024,1630167,576,1.3298611111111112,1.2213372314718718,0.10852387963923937,0.002307993657127524,0.004570096985949257,0.6644426808404073,0.0721078975226979,0.03916030506653986,Toppin
2024,1630168,364,1.2884615384615385,1.273738913209594,0.014722625251944566,0.0027677383437920695,0.004570096985949257,0.6228126934691463,0.009169437888100462,0.04151846062554551,Okongwu
2024,1630169,1042,1.1468330134357005,1.033010038633308,0.11382297480239245,0.001438570132482676,0.004570096985949257,0.7605841521708235,0.08657195078763867,0.033077993357406146,Haliburton
2024,1630170,1053,1.103513770180437,1.053442628591059,0.05007114158937798,0.001331667706066298,0.004570096985949257,0.7743610978140318,0.038773144169952554,0.032112173187017284,Vassell
2024,1630171,479,1.1565762004175366,1.197475350695441,-0.04089915027790436,0.002929987815527586,0.004570096985949257,0.6093393750760469,-0.02492146267147957,0.04225348440654346,Okoro
2024,1630172,359,1.0501392757660166,1.1227673275166372,-0.07262805175062059,0.003770488151338961,0.004570096985949257,0.5479348164096718,-0.03979543820216844,0.04545307176614972,Williams
2024,1630173,469,1.0575692963752665,1.1905469309460224,-0.13297763457075584,0.0023056294469694775,0.004570096985949257,0.6646711486467995,-0.08838639711447864,0.03914697143932194,Achiuwa
2024,1630174,635,1.2125984251968505,1.1113992526409529,0.10119917255589761,0.002393167111771181,0.004570096985949257,0.6563153316912637,0.06641856850290537,0.03963170784554618,Nesmith
2024,1630175,760,0.9960526315789474,0.9905312863233484,0.005521345255598997,0.0017663687132226315,0.004570096985949257,0.7212375483302186,0.003982201515632905,0.03569273651839956,Anthony
2024,1630177,68,0.6617647058823529,1.0248723453710247,-0.36310763948867175,0.020333954344712867,0.004570096985949257,0.18350817404245012,-0.06663321990343041,0.06108556975964785,Maledon
2024,1630178,1415,1.0494699646643109,1.0265966819832808,0.02287328268103006,0.0009803068997454986,0.004570096985949257,0.8233809791262079,0.018833425889737066,0.028410667978008296,Maxey
2024,1630180,695,0.9971223021582734,1.1275627929359882,-0.1304404907777148,0.002154939876976712,0.004570096985949257,0.6795646000311845,-0.08864273994322916,0.03826775216274048,Bey
2024,1630181,14,0.6428571428571429,1.0401807316018705,-0.3973235887447276,0.11555555056189747,0.004570096985949257,0.038044306767453316,-0.01511590049614988,0.06630407841346404,Hampton
2024,1630182,373,1.1528150134048258,1.156037749769434,-0.0032227363646082363,0.0038908569329522457,0.004570096985949257,0.5401396851647904,-0.0017407278053486138,0.045843279101587704,Green
2024,1630183,626,1.1182108626198084,1.0940975508037256,0.024113311816082783,0.00219693630925086,0.004570096985949257,0.6753471996644149,0.016284857609626356,0.03851875886232114,McDaniels
2024,1630184,92,0.782608695652174,1.027253580051653,-0.24464488439947896,0.014289287153097706,0.004570096985949257,0.24232482631748345,-0.05928352912156455,0.05884427778106423,Lewis Jr.
2024,1630186,41,1.024390243902439,1.1822577547272572,-0.1578675108248182,0.03619586286731439,0.004570096985949257,0.11210571276622067,-0.017697849823645303,0.0637005730423884,Ramsey
2024,1630188,394,1.3426395939086295,1.161275578908958,0.18136401499967159,0.003240256264484406,0.004570096985949257,0.5851331994100916,0.10612210635461768,0.04354286985197866,Smith
2024,1630191,382,1.149214659685864,1.1142258164437482,0.03498884324211571,0.0037498040232560046,0.004570096985949257,0.5492970386177473,0.019219267977554737,0.0453845375141296,Stewart
2024,1630192,149,0.9664429530201343,1.2042096057504494,-0.23776665273031516,0.00686859277487297,0.004570096985949257,0.39952976096982223,-0.09499485393193755,0.052385181392680565,Nnaji
2024,1630193,894,1.0592841163310962,1.024289790649783,0.03499432568131322,0.0016732018216115902,0.004570096985949257,0.7320003617982714,0.02561585905960782,0.03499691898983696,Quickley
2024,1630194,480,1.1229166666666666,1.1063625167633178,0.016554149903348803,0.0021341903522028704,0.004570096985949257,0.6816678276812778,0.011284431403726012,0.03814195722881132,Reed
2024,1630196,2,1.0,0.8456628269795775,0.1543371730204225,0.48808961017263,0.004570096985949257,0.00927637661360079,0.001431689742415906,0.0672882088121456,Petrusev
2024,1630197,121,0.9586776859504132,1.0865139377552766,-0.12783625180486335,0.011893815557079518,0.004570096985949257,0.27758268115219964,-0.03548512952444169,0.05745883057863148,Pokusevski
2024,1630198,483,1.2236024844720497,1.0950825887511952,0.12851989572085443,0.003610313926402413,0.004570096985949257,0.5586634992930282,0.07179937467218761,0.04491047329599549,Joe
2024,1630200,598,1.120401337792642,1.0750819640782816,0.045319373714360456,0.002168020016816589,0.004570096985949257,0.6782454184267407,0.03073765758773424,0.03834644238339871,Jones
2024,1630201,325,1.0092307692307692,1.0448678037486616,-0.03563703451789246,0.004703587127343876,0.004570096985949257,0.492802744855021,-0.017562028428910536,0.04814499607456423,Flynn
2024,1630202,630,1.1714285714285715,1.0270240005357916,0.14440457089277992,0.0025598720599792845,0.004570096985949257,0.6409701019051324,0.09255901252071205,0.04050680751613268,Pritchard
2024,1630204,71,0.9295774647887324,0.9844121251517577,-0.05483466036302531,0.018610357006365687,0.004570096985949257,0.19715304055150903,-0.010810820018179755,0.060573001160204,Hagans
2024,1630205,239,0.9623430962343096,1.0635019100580263,-0.10115881382371672,0.004647710567629586,0.004570096985949257,0.49579001941463857,-0.05015353026962232,0.04800300524507495,Stevens
2024,1630207,26,1.1153846153846154,1.0955206870194363,0.01986392836517914,0.05833694369906878,0.004570096985949257,0.07264841798602796,0.0014430829707180511,0.06510058885968181,Hinton
2024,1630208,376,1.3829787234042554,1.2797773517107882,0.10320137169346721,0.002100184150166953,0.004570096985949257,0.6851430835807633,0.07070770603182662,0.03793318658816882,Richards
2024,1630209,184,1.1032608695652173,1.0891814147448076,0.014079454820409731,0.005786743375401006,0.004570096985949257,0.44126363123293666,0.006212751359834072,0.050531964090490177,Yurtseven
2024,1630214,279,0.9390681003584229,1.1110255882813989,-0.17195748792297594,0.004389174846276547,0.004570096985949257,0.5100969221082202,-0.08771498532297148,0.04731706436033926,Tillman
2024,1630215,198,1.1111111111111112,1.0082232715230486,0.10288783958806258,0.0068011669745684485,0.004570096985949257,0.4018987688454988,0.04135049605961552,0.052281742834298525,Butler
2024,1630217,774,1.107235142118863,1.0546670045846291,0.05256813753423395,0.0018873123734103507,0.004570096985949257,0.7077291730506738,0.03720400450591748,0.036547312149076194,Bane
2024,1630219,159,0.8930817610062893,0.9992412016070251,-0.10615944060073579,0.008145627877362446,0.004570096985949257,0.3594051487489494,-0.0381542495402127,0.054107121517569565,Mays
2024,1630222,8,0.75,0.9891478199721107,-0.23914781997211065,0.2354784824531588,0.004570096985949257,0.01903821716682365,-0.004552948131601489,0.06695588463352052,Jones
2024,1630224,1327,1.0,1.0505126663106243,-0.05051266631062434,0.0010795039682488855,0.004570096985949257,0.8089238555075787,-0.04086090078395803,0.02955057549408504,Green
2024,1630227,24,1.0,1.0613619245185248,-0.061361924518524846,0.07012354726495358,0.004570096985949257,0.061184549659913226,-0.0037544017179315303,0.06550173783924992,Nix
2024,1630228,860,1.122093023255814,1.085123681789036,0.036969341466777994,0.0012666431603685327,0.004570096985949257,0.7829879130103785,0.028946547520440548,0.031492321042848326,Kuminga
2024,1630230,359,1.1002785515320335,1.0380995016170633,0.06217904991497014,0.0038451105610952992,0.004570096985949257,0.543075968168401,0.03376794773236374,0.04569668632057879,Marshall
2024,1630231,181,1.1160220994475138,1.2656324197396158,-0.14961032029210197,0.00539984110859962,0.004570096985949257,0.4583876993627458,-0.06857953051962015,0.049751590353428486,Martin
2024,1630235,90,0.7777777777777778,0.9784207838434019,-0.20064300606562413,0.011620463247342597,0.004570096985949257,0.2822692309653369,-0.05663534702071715,0.0572721505121674,Forrest
2024,1630240,55,0.7636363636363637,1.1368994910579757,-0.37326312742161205,0.02190793411056981,0.004570096985949257,0.1725995777136943,-0.0644250581690631,0.061492277369307013,Lee
2024,1630241,392,1.1709183673469388,1.0978039950563614,0.07311437229057738,0.005016906045420723,0.004570096985949257,0.4766971462296692,0.03485341261929184,0.04890342313943303,Merrill
2024,1630243,38,0.8157894736842105,1.1536870124961363,-0.33789753881192575,0.035651528855509915,0.004570096985949257,0.1136228804863116,-0.038392891669046275,0.06364612637312574,Queen
2024,1630245,718,1.1685236768802227,1.11970187686869,0.0488218000115328,0.0019397620398297756,0.004570096985949257,0.7020270282123897,0.03427422317407599,0.036902105363527705,Dosunmu
2024,1630249,104,1.25,1.0724309900365214,0.17756900996347857,0.015787425299373926,0.004570096985949257,0.22449180808433067,0.039862788106445834,0.05953274435512576,Krejčí
2024,1630256,229,1.0436681222707425,1.0553120404102547,-0.011643918139512266,0.005707256072762676,0.004570096985949257,0.44467646093711505,-0.005177776309719792,0.050377400013279415,Tate
2024,1630259,7,1.4285714285714286,0.9866686347320375,0.44190279383939113,0.20476348504187655,0.004570096985949257,0.021831647563083183,0.009647466052243394,0.06686048339058658,Ford
2024,1630264,160,1.0,1.0588997227258656,-0.05889972272586563,0.007506317361297242,0.004570096985949257,0.37843161509204665,-0.022289517199623056,0.05329754030374371,Gill
2024,1630284,3,1.3333333333333333,1.0565753851634458,0.2767579481698874,0.28933475895306704,0.004570096985949257,0.015549579714659523,0.004303469776733273,0.06707483804350566,Harris
2024,1630285,54,0.7222222222222222,0.9810426122120156,-0.2588203899897934,0.0235996102104504,0.004570096985949257,0.16223445114592305,-0.04198958391536789,0.06187624592483082,Simpson
2024,1630288,36,1.3611111111111112,1.131437650015752,0.22967346109535924,0.04133478442393647,0.004570096985949257,0.0995557954968396,0.02286532412386093,0.06414918039238982,Dowtin Jr.
2024,1630296,17,0.9411764705882353,1.071320155586801,-0.13014368499856577,0.07373726631348315,0.004570096985949257,0.05836101221380777,-0.007595317189751248,0.06560016387124339,Key
2024,1630311,4,1.0,1.1459721912629206,-0.1459721912629206,0.3445096992236311,0.004570096985949257,0.013091840420364704,-0.0019110446338251113,0.06715851402096104,Spencer
2024,1630314,54,0.7962962962962963,1.0131187653933102,-0.21682246909701397,0.022684758772712095,0.004570096985949257,0.16768010171900913,-0.03635681367315401,0.061674813809849065,Williams
2024,1630322,104,1.2980769230769231,1.0741406033908314,0.22393631968609173,0.017806484188752324,0.004570096985949257,0.2042357118931152,0.045735793669813174,0.060305223443772524,Waters III
2024,1630346,113,1.2300884955752212,1.063337395939898,0.1667510996353232,0.016521994402395462,0.004570096985949257,0.21667348684420398,0.036130542193090746,0.05983208283845252,Ryan
2024,1630526,95,1.0842105263157895,1.1273083059331885,-0.043097779617399024,0.01407849856693547,0.004570096985949257,0.2450638694473866,-0.010561708637630514,0.05873781860796921,Robinson-Earl
2024,1630527,161,0.8944099378881988,1.0160226564440211,-0.12161271855582234,0.007960179104588093,0.004570096985949257,0.3647243646451267,-0.044355121508038914,0.05388201245668452,Boston
2024,1630529,587,1.192504258943782,1.1386021612128245,0.05390209773095744,0.002440943297766749,0.004570096985949257,0.6518429221643275,0.035135700895734465,0.039888740416986194,Jones
2024,1630530,620,1.1596774193548387,1.1150775183731123,0.04459990098172639,0.002767884604580088,0.004570096985949257,0.6228002795547463,0.0277768307995332,0.0415191438436266,Murphy III
2024,1630531,147,0.8707482993197279,1.0717675858579434,-0.20101928653821555,0.008591703624923031,0.004570096985949257,0.34722429863996984,-0.06979878078133903,0.05461911996074622,Springer
2024,1630532,1091,1.0513290559120074,1.0579111298150239,-0.006582073903016461,0.001137683599287461,0.004570096985949257,0.8006784629685834,-0.0052701248158128445,0.0301814306424008,Wagner
2024,1630533,376,0.9521276595744681,1.11525711641296,-0.163129456838492,0.003858268193676846,0.004570096985949257,0.5422281650772036,-0.0884533860515764,0.04573906080182597,Williams
2024,1630534,432,0.9675925925925926,1.1518940257391768,-0.1843014331465842,0.0033395985383121384,0.004570096985949257,0.5777841854887342,-0.10648645343500555,0.04392683941872037,Agbaji
2024,1630535,11,1.0,1.2969719845996064,-0.2969719845996064,0.09955220022264613,0.004570096985949257,0.0438916265628837,-0.013034583447684373,0.06610225408929572,Brown III
2024,1630537,208,0.9807692307692307,1.0778796229347314,-0.09711039216550066,0.007745803150076961,0.004570096985949257,0.37107291675586934,-0.03603503646815865,0.053612104673439735,Duarte
2024,1630538,249,0.9558232931726908,1.0124853506534122,-0.056662057480721395,0.006146885423562003,0.004570096985949257,0.42643505525336334,-0.024162687612560678,0.05119811935249923,Hyland
2024,1630540,451,1.1507760532150777,1.10461154779362,0.04616450542145767,0.0035285741133059684,0.004570096985949257,0.564302084865446,0.026050726656110745,0.044622659364282634,McBride
2024,1630541,420,1.0952380952380953,1.0458737527060606,0.0493643425320347,0.0034669794030679933,0.004570096985949257,0.5686267947128565,0.028069887867098426,0.044400646226176094,Moody
2024,1630543,233,1.3304721030042919,1.2840872201281492,0.04638488287614262,0.003322535536688915,0.004570096985949257,0.5790332912169674,0.026858391394486415,0.04386181353973312,Jackson
2024,1630544,316,1.0664556962025316,1.0377897097807192,0.028665986421812395,0.004407200053244408,0.004570096985949257,0.5090727159853163,0.014593071564150236,0.04736649977564061,Mann
2024,1630547,41,1.1951219512195121,1.0834047300141343,0.11171722120537786,0.04252816339845298,0.004570096985949257,0.09703324387460303,0.010840284370214403,0.06423897298821842,Bouknight
2024,1630548,110,1.2181818181818183,1.0645504076570442,0.15363141052477403,0.015989088069751568,0.004570096985949257,0.22228979278933148,0.03415069441148474,0.059617204512753263,Juzang
2024,1630549,294,1.1564625850340136,1.218283282416915,-0.06182069738290141,0.003060084098880122,0.004570096985949257,0.5989500033014551,-0.03702750690158706,0.04281165006311926,Sharpe
2024,1630550,183,1.0273224043715847,1.1412683250475575,-0.11394592067597276,0.007619426147779396,0.004570096985949257,0.37492007979407393,-0.042720613672044924,0.05344787983924624,Thor
2024,1630551,77,0.961038961038961,1.1454690312287943,-0.18443007018983326,0.020364943666396174,0.004570096985949257,0.18328010969251762,-0.03380236349499136,0.06109410044397931,Champagnie
2024,1630552,701,1.1255349500713268,1.1446856750536833,-0.019150724982356593,0.001671534533788059,0.004570096985949257,0.7321958964571482,-0.01402208224626089,0.03498414964560421,Johnson
2024,1630553,21,0.9523809523809523,1.0312333164782648,-0.07885236409731244,0.06818540230016946,0.004570096985949257,0.0628144543133003,-0.0049530682220863525,0.06544485340817867,Johnson
2024,1630554,19,0.631578947368421,0.9311497560571143,-0.29957080868869324,0.05996878034253992,0.004570096985949257,0.07081153523462198,-0.021213068874723604,0.06516503205096329,Preston
2024,1630556,82,1.0731707317073171,1.088745249408641,-0.015574517701323787,0.019723486304289845,0.004570096985949257,0.18811951005126,-0.0029298706392577073,0.06091282771359201,Edwards
2024,1630557,792,1.207070707070707,1.0855508894896964,0.1215198175810106,0.0020260740931875767,0.004570096985949257,0.6928408816448245,0.08419389755014563,0.03746661128260492,Kispert
2024,1630558,323,1.0804953560371517,1.0220871435810441,0.05840821245610761,0.004632233983881872,0.004570096985949257,0.4966238446467354,0.029006911028895504,0.047963296908976966,Mitchell
2024,1630559,936,1.141025641025641,1.0314134912208548,0.10961214980478617,0.001535253947975548,0.004570096985949257,0.7485396065531953,0.08204903548832454,0.033899828704240624,Reaves
2024,1630560,1188,1.0067340067340067,0.9801559979884505,0.02657800874555616,0.0011184499118264922,0.004570096985949257,0.8033856568425564,0.021352391013615843,0.029975767163797924,Thomas
2024,1630561,18,1.2777777777777777,1.097287849455225,0.18048992832255273,0.07255912103378634,0.004570096985949257,0.05925247400770839,0.010694474786585206,0.06556910425708584,Duke Jr.
2024,1630562,34,0.8529411764705882,0.985793050594319,-0.13285187412373078,0.04670917602668054,0.004570096985949257,0.0891217195068984,-0.011839987461620908,0.06451978056571617,Hurt
2024,1630563,3,0.6666666666666666,1.1395664196770936,-0.47289975301042697,0.39200523471650345,0.004570096985949257,0.011523906356783091,-0.005449652469838013,0.06721184133946756,Primo
2024,1630564,17,1.3529411764705883,1.0618605040499949,0.29108067242059343,0.07933689005314974,0.004570096985949257,0.054466226797294987,0.01585406592036917,0.06573569081577306,Gray
2024,1630567,941,1.057385759829968,1.0759717817319954,-0.018586021902027294,0.001327594893341648,0.004570096985949257,0.7748958540877066,-0.01440223131586426,0.03207409825323939,Barnes
2024,1630568,75,1.08,1.0043827762879167,0.07561722371208335,0.018649422980788106,0.004570096985949257,0.19682133793015763,0.014883083141576285,0.06058551297714779,Garza
2024,1630570,311,1.1414790996784565,1.0298099489590704,0.1116691507193861,0.003799051559704614,0.004570096985949257,0.5460647473299449,0.06097858657213111,0.045546988155568895,Watford
2024,1630572,152,1.0855263157894737,1.1292828174255076,-0.04375650163603395,0.00882570783691602,0.004570096985949257,0.34115882146540133,-0.014927916529598248,0.05487228885548903,Mamukelashvili
2024,1630573,555,1.2522522522522523,1.096209790230272,0.15604246202198024,0.0033784640752761346,0.004570096985949257,0.5749590335593027,0.08971802315837195,0.04407355714751862,Hauser
2024,1630577,402,1.0671641791044777,1.1507780922969546,-0.08361391319247691,0.0042203232112906835,0.004570096985949257,0.5198951680812937,-0.04347046945313748,0.046841494908802336,Champagnie
2024,1630578,980,1.1091836734693878,1.040048089190582,0.06913558427880595,0.0010639913461249133,0.004570096985949257,0.8111511067251569,0.056079405701843804,0.02937784467851944,Sengun
2024,1630579,55,1.3818181818181818,1.424475921414465,-0.04265773959628327,0.012633522290837664,0.004570096985949257,0.2656474147922903,-0.011331918244635369,0.0579315331773793,Sims
2024,1630581,847,1.0460448642266824,1.0545368174433303,-0.008491953216647863,0.0014918563226887808,0.004570096985949257,0.7538984141360927,-0.006402070062948715,0.03353666822738918,Giddey
2024,1630583,568,1.056338028169014,1.1064016191398127,-0.05006359097079871,0.0026764408335214003,0.004570096985949257,0.6306593713855884,-0.031573072810949135,0.04108433391962594,Aldama
2024,1630586,6,0.3333333333333333,0.9607996576228527,-0.6274663242895193,0.17874529450141663,0.004570096985949257,0.024930241530014836,-0.015642887016488333,0.06675450070425176,Garuba
2024,1630587,115,0.8869565217391304,1.0980155847541822,-0.21105906301505173,0.01456659589245472,0.004570096985949257,0.23881331089901509,-0.05040371363386836,0.058980479767505326,Livers
2024,1630590,203,1.1330049261083743,1.088098787178176,0.04490613893019835,0.006531774529570573,0.004570096985949257,0.4116510427598178,0.0184856589169334,0.05185375392553315,Pippen Jr.
2024,1630591,713,1.1570827489481066,1.1013471607534768,0.05573558819462976,0.002141090429892052,0.004570096985949257,0.6809669739160984,0.037954094832330844,0.03818392162840675,Suggs
2024,1630592,177,0.9943502824858758,1.0567928685277341,-0.06244258604185837,0.007998658292981381,0.004570096985949257,0.3636077626246921,-0.02270460900317995,0.05392934494234469,Wilson
2024,1630595,1161,1.0051679586563307,0.977841132874774,0.027326825781556652,0.001086316761370637,0.004570096985949257,0.8079495578120761,0.022078696806616338,0.02962581892527619,Cunningham
2024,1630596,552,1.1992753623188406,1.187321390811344,0.011953971507496552,0.0016964556343338727,0.004570096985949257,0.7292840677914509,0.008717840967250189,0.03517382643152054,Mobley
2024,1630598,377,1.2891246684350133,1.1574830190009386,0.13164164943407464,0.0033718688084382457,0.004570096985949257,0.5754364982507093,0.07575140977429137,0.04404879543969955,Wiggins
2024,1630600,24,0.9583333333333334,1.2003286838856517,-0.24199535055231836,0.05538384452173805,0.004570096985949257,0.07622679795561528,-0.018446530692749864,0.06497486534317509,Mobley
2024,1630604,6,0.3333333333333333,1.0922693353161488,-0.7589360019828155,0.28709717125264256,0.004570096985949257,0.015668871634271945,-0.011891670793696294,0.06707077398480091,Liddell
2024,1630610,49,0.7755102040816326,1.0172037184050602,-0.24169351432342756,0.024923771347468593,0.004570096985949257,0.1549507488907834,-0.03745059104646038,0.06214464607247279,Jarreau
2024,1630611,55,1.2,1.1092241424097244,0.09077585759027551,0.02677132540550784,0.004570096985949257,0.14581651492610476,0.013236619193242368,0.06247960763788327,Santos
2024,1630618,8,0.875,1.0888686880659812,-0.21386868806598125,0.189841453902492,0.004570096985949257,0.02350733258936711,-0.00502748238081863,0.06680319001466085,Carton
2024,1630622,1,0.0,0.9392104813929045,-0.9392104813929045,0.9963046344275176,0.004570096985949257,0.004566102872329709,-0.00428853167681031,0.06744797589976209,Crutcher
2024,1630625,500,0.926,1.028984550030898,-0.10298455003089801,0.002726852501882791,0.004570096985949257,0.6263024012390486,-0.06449947097487436,0.04132595152871739,Banton
2024,1630631,344,1.052325581395349,1.0489986286957111,0.0033269526996377863,0.0047213601495294044,0.004570096985949257,0.4918600946345347,0.0016363952696884622,0.048189715188525994,Alvarado
2024,1630639,121,1.0,1.1688017601545033,-0.16880176015450332,0.01116530735017187,0.004570096985949257,0.29043403577869636,-0.04902577644821994,0.05694545876907094,Lawson
2024,1630641,22,1.2727272727272727,1.2028514113513569,0.06987586137591584,0.03777333998456444,0.004570096985949257,0.10792928758078124,0.007541651937396024,0.06385021279589191,Badji
2024,1630643,15,1.4,1.0335037826073479,0.36649621739265204,0.10019002535265598,0.004570096985949257,0.043624395274929215,0.01598817585430344,0.06611149119925706,Huff
2024,1630647,167,1.0479041916167664,1.0897730543601503,-0.04186886274338386,0.007057465280208529,0.004570096985949257,0.3930399925056175,-0.01645613749887832,0.05266750517009341,Omoruyi
2024,1630649,84,1.1666666666666667,1.0699958130389908,0.09667085362767591,0.01977441156171621,0.004570096985949257,0.18772599073015625,0.01814763177198538,0.06092758818079894,Umude
2024,1630658,16,1.125,1.1946807577770777,-0.06968075777707772,0.051413273490357084,0.004570096985949257,0.08163311617480132,-0.005688257394764376,0.06478445591162399,Castleton
2024,1630678,39,1.0769230769230769,1.2003316529734267,-0.12340857605034983,0.029408806774704775,0.004570096985949257,0.13449807027739413,-0.01659821533445309,0.06289219156905368,Taylor
2024,1630688,24,0.875,0.9916420804440236,-0.11664208044402358,0.07625892943318584,0.004570096985949257,0.0565402948471906,-0.006594977619894818,0.0656635542358425,Wainright
2024,1630692,381,0.8503937007874016,1.0282486185363617,-0.17785491774896012,0.0035702456022009355,0.004570096985949257,0.5614133479593226,-0.09985012482447365,0.04477034215380395,Goodwin
2024,1630695,40,1.175,1.1130120495948028,0.06198795040519722,0.03834404292683788,0.004570096985949257,0.10649396667944182,0.006601342724977965,0.06390155889965252,Potter
2024,1630696,33,1.121212121212121,1.0861673356979544,0.035044785514166676,0.04631663586482654,0.004570096985949257,0.08980920428416901,0.003147344301336682,0.06449542783903116,Smith
2024,1630699,166,1.1566265060240963,1.1185890092888664,0.038037496735229936,0.008448208868241349,0.004570096985949257,0.3510515912850625,0.01335312375740284,0.054458765747166016,Beauchamp
2024,1630700,307,1.0423452768729642,1.0879208970324656,-0.04557562015950145,0.004554913702289363,0.004570096985949257,0.5008319597740014,-0.0228257271623986,0.04776239479045239,Daniels
2024,1630702,475,0.991578947368421,1.0408915152009879,-0.04931256783256688,0.0030552929909991988,0.004570096985949257,0.5993263295076914,-0.029554320277691358,0.04279155914273428,Hardy
2024,1630703,791,0.8862199747155499,1.0249642710548315,-0.13874429633928154,0.0016537045642270368,0.004570096985949257,0.7342934939530334,-0.10187903412502611,0.034846872204436795,Henderson
2024,1630846,19,1.263157894736842,1.311802628672297,-0.04864473393545499,0.05879868873734979,0.004570096985949257,0.07211905567994736,-0.0035082122752273033,0.06511916697069169,Sarr
2024,1630929,10,1.0,1.014442188285447,-0.014442188285447077,0.16116502609590788,0.004570096985949257,0.027574704148209252,-0.0003982390692239366,0.06666391762890239,Drell
2024,1631093,967,0.9906928645294726,1.025530318385731,-0.03483745385625836,0.0014117819913852109,0.004570096985949257,0.7639902116484639,-0.02661547374493642,0.03284185777936256,Ivey
2024,1631094,1405,0.995729537366548,1.0108362650680178,-0.015106727701469813,0.0008510998616131242,0.004570096985949257,0.8430051729267464,-0.01273504959833483,0.026785846748182175,Banchero
2024,1631095,828,1.0797101449275361,1.0609970378872104,0.018713107040325694,0.0017316938625442045,0.004570096985949257,0.7252060717060782,0.013570858846129952,0.03543776098250576,Smith Jr.
2024,1631096,951,1.1976866456361726,1.1181828725031526,0.07950377313301993,0.0013414408431423287,0.004570096985949257,0.7730809001101385,0.061462848495827296,0.03220314106513485,Holmgren
2024,1631097,663,1.0135746606334841,1.0369725644299654,-0.023397903796481323,0.0019455970620567175,0.004570096985949257,0.7013983394981327,-0.016411250870589054,0.03694101445086514,Mathurin
2024,1631098,153,0.9019607843137255,1.0821670580927145,-0.180206273778989,0.007840444469102679,0.004570096985949257,0.3682431586487241,-0.06635972746469165,0.053732578911795115,Davis
2024,1631099,974,1.0975359342915811,1.080084192893686,0.017451741397895182,0.00154830685311181,0.004570096985949257,0.7469426840988951,0.013035450561943631,0.03400730034377985,Murray
2024,1631100,62,0.7419354838709677,1.0450478751169832,-0.3031123912460154,0.026637744628122517,0.004570096985949257,0.14644066201260703,-0.044387979238290846,0.06245677671690261,Griffin
2024,1631101,431,0.9559164733178654,1.0687538344847052,-0.11283736116683973,0.003198284688929007,0.004570096985949257,0.5882945994695702,-0.06638161019284922,0.04337664821148759,Sharpe
2024,1631102,20,0.7,0.8905115473814902,-0.19051154738149023,0.06444552406812079,0.004570096985949257,0.06621829835261252,-0.012615350484125397,0.06532589792902424,Washington Jr.
2024,1631103,628,1.0111464968152866,1.0599192297443791,-0.048772732929092566,0.0022574483116375014,0.004570096985949257,0.669361650015649,-0.03264659698918997,0.038872217928781976,Branham
2024,1631104,213,1.0140845070422535,1.152961420889606,-0.13887691384735246,0.0053302249252579394,0.004570096985949257,0.4616109483042054,-0.0641071038986378,0.049603328340173204,Wesley
2024,1631105,564,1.2375886524822695,1.183355366749675,0.05423328573259445,0.0014959024138370988,0.004570096985949257,0.7533955552501729,0.040859116417549274,0.03357091344710291,Duren
2024,1631106,189,1.0264550264550265,1.1247739418996587,-0.09831891544463223,0.006263432522344486,0.004570096985949257,0.42184746738821943,-0.0414755854766746,0.05140246245762967,Eason
2024,1631107,280,1.1392857142857142,1.0746413452498607,0.06464436903585358,0.005705605941627988,0.004570096985949257,0.4447478696259636,0.028750445412010484,0.05037416091077138,Jović
2024,1631108,239,1.0376569037656904,1.0669686378126904,-0.029311734046999938,0.006081549794328602,0.004570096985949257,0.42905074494312523,-0.01257622132844009,0.051081243814783885,Christie
2024,1631109,151,1.2980132450331126,1.2662082689126164,0.03180497612049615,0.0053351914379311275,0.004570096985949257,0.4613794965254457,0.014674163869478339,0.04961398935279779,Williams
2024,1631110,772,0.9715025906735751,1.1053323516775577,-0.13382976100398258,0.001566111872841353,0.004570096985949257,0.7447753313354429,-0.09967310459428427,0.03415262052908664,Sochan
2024,1631111,18,1.0,1.0531264920145311,-0.053126492014531124,0.06959928533491742,0.004570096985949257,0.0616170290616471,-0.003273496602402727,0.06548664892290242,Moore Jr.
2024,1631112,15,1.0666666666666667,1.1751748355841294,-0.10850816891746273,0.0642042185498156,0.004570096985949257,0.06645063568204701,-0.007210436801260333,0.0653177704465203,Brown
2024,1631114,993,1.1832829808660625,1.0426086854059151,0.14067429546014742,0.0011763349628433277,0.004570096985949257,0.7952929794825998,0.1118772795731162,0.03058645022668082,Williams
2024,1631115,72,1.1111111111111112,1.07303950387824,0.03807160723287106,0.01590387267410345,0.004570096985949257,0.2232149925896438,0.008498153526361144,0.05958173227673596,Robinson
2024,1631116,155,0.9612903225806452,1.1190496787453144,-0.15775935616466918,0.01034819194112494,0.004570096985949257,0.30634190075614476,-0.04832830102955038,0.056303506006585714,Baldwin Jr.
2024,1631117,350,1.32,1.3019998963033832,0.018000103696616865,0.0024553467624659126,0.004570096985949257,0.6505065230904739,0.011709184870954223,0.0399652234503093,Kessler
2024,1631119,228,1.0657894736842106,1.0862645103245445,-0.0204750366403339,0.007147616553497274,0.004570096985949257,0.3900161042992283,-0.007985594025846986,0.05279853751023491,Williams
2024,1631120,12,1.0833333333333333,1.0437920196483403,0.03954131368499292,0.13141955807198077,0.004570096985949257,0.0336062105900809,0.0013288337147063197,0.0664568532524852,Davison
2024,1631121,230,1.0260869565217392,1.081086822978985,-0.05499986645724575,0.006204276826027046,0.004570096985949257,0.4241635816337972,-0.023328940345885903,0.051299398436777006,McGowens
2024,1631123,27,0.7777777777777778,1.0477513605256914,-0.2699735827479136,0.04709550239020684,0.004570096985949257,0.088455317292968,-0.023880598922686052,0.06454337771605605,Bouyea
2024,1631124,222,0.9234234234234234,1.0562700571543824,-0.13284663373095895,0.007351515619884843,0.004570096985949257,0.38334553697146484,-0.050926164142445975,0.053086445566254165,Strawther
2024,1631128,482,1.0518672199170125,1.1196853670985347,-0.06781814718152224,0.0026468099109139497,0.004570096985949257,0.633248710460104,-0.04294575424849249,0.04094006549725197,Braun
2024,1631131,20,1.0,0.9762993725280689,0.023700627471931135,0.044502956404654306,0.004570096985949257,0.09312844158224588,0.0022072025009823104,0.06437772111350389,Tshiebwe
2024,1631133,507,1.0039447731755424,1.0806352885009296,-0.07669051532538718,0.0023836545474180313,0.004570096985949257,0.6572131552328029,-0.05040201555342733,0.03957990811123269,Walker
2024,1631157,27,1.1481481481481481,0.9170203350807193,0.2311278130674288,0.04016619609879746,0.004570096985949257,0.10215636278338577,0.023611176721046827,0.06405647898766656,Rollins
2024,1631159,20,1.4,1.0774353510147485,0.3225646489852514,0.06021175139270049,0.004570096985949257,0.07054594921770449,0.02275562934674022,0.0651743443086196,Miller
2024,1631165,231,1.2294372294372293,1.0962558887342944,0.13318134070293497,0.0076225399191928245,0.004570096985949257,0.3748243322182324,0.04991960709290649,0.05345197316300185,Ellis
2024,1631167,5,0.8,1.1559411901191006,-0.3559411901191005,0.20094590106380772,0.004570096985949257,0.022237183622283274,-0.00791512960341248,0.06684662220412532,Brockington
2024,1631169,36,1.0555555555555556,1.156066593536145,-0.10051103798058936,0.03143119946099728,0.004570096985949257,0.12694256699016382,-0.012759129172101865,0.06316610755111358,Minott
2024,1631170,693,1.077922077922078,1.0509073090616696,0.027014768860408322,0.0017769947817279045,0.004570096985949257,0.7200300788500764,0.019451446152676393,0.03576995516916002,Jaquez Jr.
2024,1631172,116,1.0258620689655173,1.1560215299208747,-0.13015946095535735,0.013348927483330868,0.004570096985949257,0.25504161757154264,-0.033196079464294384,0.05834836808509666,Dieng
2024,1631173,46,1.065217391304348,1.103119816538655,-0.0379024252343072,0.03804485156283779,0.004570096985949257,0.10724164035343735,-0.004064718255500622,0.06387481732734551,Smith
2024,1631197,65,1.2,1.0485953783583801,0.15140462164161983,0.022425693457699493,0.004570096985949257,0.16928924513208524,0.025631174107218796,0.0616151662905935,Rhoden
2024,1631200,365,0.9287671232876712,1.1184084050678038,-0.18964128178013262,0.0040556306535151155,0.004570096985949257,0.5298216193426023,-0.10047605100695661,0.046354727917450614,Murray
2024,1631204,512,1.03125,0.9971087050619823,0.03414129493801765,0.0028943766182423897,0.004570096985949257,0.6122463857843822,0.02090288443179993,0.04209598108629523,Sasser
2024,1631205,29,0.896551724137931,1.039817967035924,-0.14326624289799295,0.06530519658380914,0.004570096985949257,0.06540361768050112,-0.009370130577022141,0.0653543886048781,Boeheim
2024,1631207,156,0.9935897435897436,1.1680162093189925,-0.17442646572924891,0.009065713060875367,0.004570096985949257,0.3351540517399256,-0.058459736719833046,0.05512177849329557,Terry
2024,1631209,3,0.6666666666666666,1.020748856139549,-0.3540821894728824,0.46502546383602333,0.004570096985949257,0.00973198506806545,-0.0034459225808180127,0.0672727349698404,Wong
2024,1631210,9,1.2222222222222223,1.1751932682312243,0.047028953990998046,0.146730962678733,0.004570096985949257,0.030205320412676796,0.001420524623971131,0.06657368655986877,Toppin
2024,1631212,441,1.0453514739229024,1.1709829831997904,-0.12563150927688804,0.0027876755891793987,0.004570096985949257,0.6211250673060312,-0.07803287965536537,0.04161123872172558,Watson
2024,1631214,8,0.5,0.8745647868309409,-0.37456478683094085,0.17998302151121445,0.004570096985949257,0.024763043958097582,-0.009275364281450038,0.06676022373684368,Williams
2024,1631216,206,1.1262135922330097,1.11502595262408,0.011187639608929656,0.009810324308423914,0.004570096985949257,0.3177999373173763,0.0035554311664472414,0.055836551203313524,Houstan
2024,1631217,19,1.0526315789473684,1.2395890784367547,-0.18695749948938634,0.041633778340519144,0.004570096985949257,0.09891155132892558,-0.018492256307072016,0.06417212481557213,Diabaté
2024,1631218,332,1.4036144578313252,1.3117441068854057,0.09187035094591955,0.002353218390808272,0.004570096985949257,0.660102384082006,0.060643837685852076,0.03941275263208803,Jackson-Davis
2024,1631220,13,0.6923076923076923,1.0489472133445807,-0.35663952103688845,0.08655933637365402,0.004570096985949257,0.05014951610546426,-0.0178852994040845,0.06588557378932706,Seabron
2024,1631221,69,1.144927536231884,1.0349797313130475,0.10994780491883649,0.022104025466600008,0.004570096985949257,0.17133073427547718,0.01883743814872118,0.06153940943522635,Gillespie
2024,1631222,302,0.956953642384106,1.0587250028581163,-0.10177136047401036,0.004984481305441569,0.004570096985949257,0.47831488178469933,-0.04867875625419429,0.04882777474317592,LaRavia
2024,1631223,408,0.9264705882352942,1.087645144161446,-0.16117455592615193,0.0033620080198792247,0.004570096985949257,0.576151851569182,-0.09286101882269311,0.0440116705618391,Roddy
2024,1631230,113,1.0176991150442478,1.0704177983495695,-0.0527186833053217,0.00882489070055656,0.004570096985949257,0.34117963322603106,-0.017986541034268944,0.05487142218382625,Barlow
2024,1631241,124,0.967741935483871,1.0932379321365753,-0.12549599665270428,0.010360253803959898,0.004570096985949257,0.3060944146763121,-0.03841362363962994,0.05631354920461985,Freeman-Liberty
2024,1631243,23,0.8260869565217391,1.1672946664195318,-0.3412077098977927,0.05642600017953734,0.004570096985949257,0.07492441645160133,-0.025564788552879393,0.06502065161277444,Gueye
2024,1631245,1,0.0,1.096836439468397,-1.096836439468397,0.9906227039910835,0.004570096985949257,0.004592172472974638,-0.005036862104682285,0.06744709269028248,Jackson
2024,1631246,378,1.1031746031746033,1.1248094827072506,-0.02163487953264731,0.004111517632608367,0.004570096985949257,0.5264109485095457,-0.011388837455670629,0.0465225525610439,Williams Jr.
2024,1631250,6,0.5,0.9004946606053279,-0.4004946606053279,0.19219790680276638,0.004570096985949257,0.023225813638158916,-0.00930181435029705,0.06681281886767904,Nance
2024,1631254,78,1.0128205128205128,0.9935098950024659,0.019310617818046882,0.016140071983569877,0.004570096985949257,0.2206692274058916,0.0042612591146388495,0.05967928631350949,Lofton Jr.
2024,1631257,14,1.2857142857142858,1.1333576883973389,0.15235659731694695,0.07431529372823606,0.004570096985949257,0.057933375807283076,0.008826532009081584,0.0656150580262376,Samuels Jr.
2024,1631260,196,1.1989795918367347,1.052048685713858,0.14693090612287674,0.009669888402177352,0.004570096985949257,0.32093410641838394,0.0471551390617889,0.055708141178092474,Green
2024,1631262,64,1.078125,1.0794236655511984,-0.0012986655511983969,0.02211226881096036,0.004570096985949257,0.17127780275310414,-0.00022243258212041028,0.06154137482886846,Bernard
2024,1631288,79,1.0,1.0646328795208797,-0.0646328795208797,0.017194661080527737,0.004570096985949257,0.20997692563320128,-0.013571413336615415,0.06008728709963592,Cain
2024,1631298,16,0.375,1.128856515904975,-0.753856515904975,0.10136558225314306,0.004570096985949257,0.04314030002710176,-0.03252159627352623,0.06612822113759338,White
2024,1631303,74,0.7567567567567568,1.1392909257937383,-0.38253416903698145,0.022672733054240963,0.004570096985949257,0.1677541202293294,-0.0641716829844564,0.06167207136709962,Minaya
2024,1631306,38,1.0526315789473684,1.0825472959999856,-0.029915717052617197,0.04701059836497243,0.004570096985949257,0.08860091851917222,-0.002650560009021547,0.06453822274646594,Swider
2024,1631311,138,1.0217391304347827,1.015408863350577,0.0063302670842058095,0.011764151187072145,0.004570096985949257,0.279786185292415,0.0017711212793720822,0.05737113371578211,Quinones
2024,1631321,33,1.0,1.3119199210480008,-0.3119199210480008,0.03437729731991861,0.004570096985949257,0.11734025003209832,-0.03660076152576478,0.06351252367011591,Cissoko
2024,1631323,548,1.1642335766423357,1.0863385789606241,0.0778949976817116,0.002974456532510337,0.004570096985949257,0.6057478384595455,0.047184726472508105,0.04244726864192808,Fontecchio
2024,1631338,38,0.5789473684210527,1.1454240764620036,-0.566476708040951,0.02401112294975666,0.004570096985949257,0.15989859761863875,-0.09057883119937113,0.06196244739287501,Gueye
2024,1631367,148,1.1554054054054055,1.0816125223898234,0.07379288301558207,0.012892913755269837,0.004570096985949257,0.2617015504183455,0.01931171189501742,0.05808696513990147,Gilyard
2024,1631376,1,0.0,0.7934757817760647,-0.7934757817760647,0.9573477472869923,0.004570096985949257,0.004751026309740132,-0.003769824315359703,0.06744171064653497,Skapintsev
2024,1631386,19,0.8947368421052632,1.1192288364842942,-0.224491994379031,0.06749199690312692,0.004570096985949257,0.06341887585148331,-0.014237029921175657,0.06542374624376154,Moore
2024,1631466,50,1.12,1.0681685630150282,0.051831436984971946,0.02010124433370384,0.004570096985949257,0.1852390969237143,0.009601208579354608,0.06102078619141373,Williams
2024,1641705,1185,1.0379746835443038,1.1066989310612279,-0.06872424751692408,0.0010496142849869608,0.004570096985949257,0.8132262968001023,-0.05588836530856179,0.029215987713038787,Wembanyama
2024,1641706,1079,1.0528266913809083,1.0441779080410334,0.008648783339874955,0.0013382976624982345,0.004570096985949257,0.7734921679868,0.006689766176007995,0.032173945365426136,Miller
2024,1641707,240,1.1208333333333333,1.097812247650573,0.0230210856827604,0.006585270453263423,0.004570096985949257,0.4096769569314881,0.00943120832777233,0.0519406734637105,Hendricks
2024,1641708,445,1.0921348314606742,1.1803519427868165,-0.0882171113261423,0.0021956970896444042,0.004570096985949257,0.6754708959344519,-0.05958809122421862,0.03851142012887572,Thompson
2024,1641709,475,1.0210526315789474,1.1387485324729587,-0.11769590089401127,0.0023822916198363536,0.004570096985949257,0.6573419935338672,-0.07736645812443384,0.03957246925025345,Thompson
2024,1641710,247,1.0809716599190284,1.1364735665013972,-0.055501906582368754,0.005341584538755466,0.004570096985949257,0.46108190366673474,-0.02559092474413186,0.04962769355638208,Black
2024,1641711,442,1.0542986425339367,1.0935536243503265,-0.03925498181638987,0.003465397197004078,0.004570096985949257,0.5687387585500785,-0.022325829625159478,0.04439488371093026,Dick
2024,1641712,161,0.84472049689441,1.0175619449532451,-0.17284144805883517,0.009246214808729468,0.004570096985949257,0.3307754669889112,-0.05717171069670084,0.055302992877757313,Rupert
2024,1641713,560,1.042857142857143,1.1059173739267587,-0.06306023106961578,0.0026088786414835688,0.004570096985949257,0.636594581612127,-0.04014380141412611,0.040752889557085975,Jackson
2024,1641715,464,1.084051724137931,1.1081704454234842,-0.024118721285553146,0.00306388848557431,0.004570096985949257,0.5986515173491902,-0.014438709094118603,0.0428275786249675,Whitmore
2024,1641716,110,1.018181818181818,1.03671712913529,-0.01853531095347183,0.013376668305048143,0.004570096985949257,0.2546473925438667,-0.004719968604291373,0.058363804749216736,Walker
2024,1641717,442,1.2036199095022624,1.1437930272065056,0.059826882295756834,0.003435481271272442,0.004570096985949257,0.57086406991608,0.034153017517746014,0.04428535672927401,Wallace
2024,1641718,812,0.9667487684729064,1.012177969051428,-0.04542920057852173,0.0019120800235676875,0.004570096985949257,0.7050250215690766,-0.032028723117738196,0.036715994605316216,George
2024,1641720,45,0.4888888888888889,0.9544043538645329,-0.46551546497564406,0.02877611026056054,0.004570096985949257,0.13704997849275916,-0.0637988844629588,0.06279940519077461,Hood-Schifino
2024,1641721,21,0.42857142857142855,1.0178349346065616,-0.589263506035133,0.06475609184620179,0.004570096985949257,0.06592165331652858,-0.03884522455693018,0.06533627351493654,Lewis
2024,1641722,454,1.0066079295154184,1.056098376437754,-0.04949044692233562,0.003711085140450157,0.004570096985949257,0.5518652912342475,-0.027312059904107816,0.045255044821871676,Hawkins
2024,1641723,92,0.8369565217391305,0.9744085467347455,-0.13745202499561504,0.015501871281503512,0.004570096985949257,0.22768554259622814,-0.031295838892076926,0.05941003260381207,Bufkin
2024,1641724,29,0.9310344827586207,0.9955240120152252,-0.06448952925660456,0.0625683423710781,0.004570096985949257,0.06806975303144139,-0.004389786329610987,0.06526110336782513,Howard
2024,1641726,296,1.4932432432432432,1.4446225883465562,0.04862065489668699,0.0022330999236841002,0.004570096985949257,0.6717572703912156,0.03266127841803174,0.03873113875481669,Lively II
2024,1641727,5,0.4,0.9793954283062204,-0.5793954283062204,0.3256555560421909,0.004570096985949257,0.013839315462144964,-0.00801843610965438,0.06713307658723908,Whitehead
2024,1641729,218,0.9357798165137615,1.009193464330148,-0.07341364781638637,0.007110039371663569,0.004570096985949257,0.3912708590059037,-0.028724621043874382,0.05274420548758508,Sensabaugh
2024,1641730,93,1.2043010752688172,1.1714583064699844,0.032842768798832855,0.013646766995454633,0.004570096985949257,0.25087177412174216,0.008239323675633398,0.05851144031021405,Clowney
2024,1641731,432,1.0185185185185186,1.1434617385080346,-0.12494321998951596,0.0031684434309378396,0.004570096985949257,0.5905631733829754,-0.07378686448969575,0.04325697639987211,Coulibaly
2024,1641732,71,0.8169014084507042,0.9807350551854471,-0.16383364673474288,0.018051886768520067,0.004570096985949257,0.20202016921024282,-0.0330977010356839,0.06038911507499151,Jones
2024,1641733,288,1.0034722222222223,1.007007267483446,-0.0035350452612237238,0.005241750250522495,0.004570096985949257,0.46577335294843225,-0.0016465298841446404,0.04941120914837187,Smith Jr.
2024,1641734,49,0.8163265306122449,1.0932564112269263,-0.2769298806146814,0.03420179455224,0.004570096985949257,0.11787139612334457,-0.03264211165632363,0.06349341126287301,Bates
2024,1641735,24,0.7083333333333334,1.0960635849675346,-0.3877302516342013,0.05096583904005224,0.004570096985949257,0.08229080687160063,-0.031906635255507174,0.06476125398333499,Bailey
2024,1641738,90,0.9777777777777777,1.0988699963507715,-0.12109221857299379,0.01663304490664166,0.004570096985949257,0.21553866917931633,-0.026100055639193973,0.05987540700135031,Brown
2024,1641739,438,1.0319634703196348,1.1174809287581744,-0.08551745843853964,0.0031220679873240993,0.004570096985949257,0.5941236312310237,-0.050807942941153324,0.043068484644564954,Camara
2024,1641741,112,1.0714285714285714,1.0658443445335817,0.005584226894989719,0.010769502214399663,0.004570096985949257,0.2979280570671823,0.0016636978690465912,0.056643948223237484,Council IV
2024,1641745,7,0.42857142857142855,1.0501060893148526,-0.621534660743424,0.2718930273258494,0.004570096985949257,0.01653058431328094,-0.010274331113045636,0.0670414096838898,Flagler
2024,1641748,100,1.17,1.1498067493983977,0.020193250601602264,0.014091935222535412,0.004570096985949257,0.24488742356105614,0.004945073113149125,0.05874468239454526,Jackson Jr.
2024,1641749,16,0.6875,1.0828002856925019,-0.39530028569250186,0.06918699035430594,0.004570096985949257,0.061961462291298834,-0.02449338374567561,0.0654746293909846,Johnson
2024,1641753,22,1.0454545454545454,1.1577084117355474,-0.11225386628100198,0.051571998396228155,0.004570096985949257,0.08140232306683831,-0.00913772548850779,0.06479259583202569,Livingston
2024,1641754,17,0.6470588235294118,1.0243147053377397,-0.3772558818083279,0.10663308752447953,0.004570096985949257,0.04109681756029808,-0.015504016148226227,0.06619879563772163,Lundy
2024,1641757,9,1.2222222222222223,1.1649855756889653,0.057236646533256996,0.12396520124634595,0.004570096985949257,0.03555519027691488,0.002035059858302473,0.0663898058291322,Miller
2024,1641763,77,0.987012987012987,1.1658151132275785,-0.17880212621459146,0.019248712429800377,0.004570096985949257,0.1918692452750131,-0.03430662901036129,0.06077199952627494,Phillips
2024,1641764,595,1.0621848739495798,1.0125184627225536,0.0496664112270262,0.0023032544322501318,0.004570096985949257,0.6649008188128529,0.03302323749234559,0.039133563062126675,Podziemski
2024,1641765,104,0.8942307692307693,1.1714402415210128,-0.2772094722902435,0.013060380924393981,0.004570096985949257,0.2592157177581742,-0.07185705232908017,0.058184671654242,Prosper
2024,1641766,27,1.037037037037037,1.0771282661316148,-0.04009122909457785,0.03517760691143957,0.004570096985949257,0.11497763487791011,-0.004609594700643019,0.06359746884383172,Sanogo
2024,1641767,229,1.0,1.1322275599664302,-0.1322275599664302,0.0075027626810606814,0.004570096985949257,0.37854303884914814,-0.050053822369300456,0.05329276297071388,Sheppard
2024,1641771,6,1.3333333333333333,1.285575898936656,0.047757434396677345,0.1915406818919301,0.004570096985949257,0.023303650172105603,0.001112922544297452,0.0668101567468308,Slawson
2024,1641774,67,1.0149253731343284,1.1008140562588613,-0.0858886831245329,0.022307636491966893,0.004570096985949257,0.17003282623158072,-0.014603895532973003,0.06158758380774388,Vukcevic
2024,1641775,15,0.9333333333333333,1.3069714207079073,-0.37363808737457394,0.09716784447737041,0.004570096985949257,0.04492028165909911,-0.016783928123432944,0.06606668556943822,Walsh
2024,1641778,52,1.1346153846153846,1.132812696987124,0.0018026876282606352,0.025250385288906628,0.004570096985949257,0.15325362426491285,0.0002762684124484623,0.062207017768177726,Black
2024,1641787,71,1.1830985915492958,1.086654904690758,0.09644368685853766,0.02090080338175945,0.004570096985949257,0.17942424178075375,0.017304335389133563,0.06123814823605302,Evbuomwan
2024,1641788,15,0.8666666666666667,1.16072181745245,-0.29405515078578337,0.08119942320995077,0.004570096985949257,0.05328346218459687,-0.01566827650708022,0.06577679222961917,Fudge
2024,1641793,15,0.8666666666666667,1.0434584985176805,-0.17679183185101377,0.12067889189548867,0.004570096985949257,0.036488094848217585,-0.006450797128969925,0.06635768873054868,Hodge
2024,1641806,1,0.0,0.903054130996371,-0.903054130996371,0.9906014984831311,0.004570096985949257,0.004592270324792694,-0.004147068687456089,0.06744708937514841,Nowell
2024,1641809,6,1.8333333333333333,1.2492826981823717,0.5840506351509616,0.2950974820356244,0.004570096985949257,0.015250555301547142,0.008907096510273473,0.06708502417925781,Peterson
2024,1641816,20,1.0,1.0057119862192592,-0.005711986219259169,0.08116684466927998,0.004570096985949257,0.05330370896977895,-0.00030447005107077867,0.06577608886401314,Tyson
2024,1641847,4,0.0,1.054572556800836,-1.054572556800836,0.456031706368077,0.004570096985949257,0.009922012794284708,-0.010463482401079431,0.0672662800010789,Funk
2024,1641851,23,0.5217391304347826,1.0092970751179926,-0.48755794468321,0.05678398235713329,0.004570096985949257,0.07448725553184458,-0.03631685321219921,0.065036013130815,Allen
2024,1641854,227,1.0748898678414096,1.0641518987923837,0.010737969049025908,0.004748275872068655,0.004570096985949257,0.49043937773073304,0.005266322858496137,0.04825703538336358,Porter Jr.
2024,1641871,499,1.0981963927855711,1.0816595010158803,0.016536891769690865,0.002934527887179233,0.004570096985949257,0.6089707431364385,0.0100704832701555,0.04227341514723101,Reath
2024,1641877,28,0.8571428571428571,1.056920243117871,-0.19977738597501393,0.03229848138761927,0.004570096985949257,0.12395642000738516,-0.024763689563896324,0.0632740398938178,Mensah
2024,1641926,19,1.105263157894737,1.1019476299607112,0.003315527934025786,0.07296219853053183,0.004570096985949257,0.05894443025974626,0.00019543190508142352,0.06557983853960525,Dennis
2024,1641931,84,0.9047619047619048,1.1095217871571523,-0.20475988239524756,0.017715691775676123,0.004570096985949257,0.20506776918834727,-0.04198965230206176,0.06027368739397195,Bitim
2024,1641970,34,1.2058823529411764,1.3055899826930624,-0.09970762975188596,0.03453324574994909,0.004570096985949257,0.11687228421404841,-0.011653058442671525,0.06352935787587995,Pereira
2024,1641998,136,1.1029411764705883,1.1820676430639603,-0.07912646659337197,0.006207770164967248,0.004570096985949257,0.4240261010788795,-0.03355168712173572,0.051305521919622406,Jemison III
2024,1642013,34,0.5588235294117647,1.1303113391747253,-0.5714878097629605,0.030526417791665192,0.004570096985949257,0.1302151229233791,-0.07441635539749661,0.06304761093929023,Williams
2025,2544,1268,1.1443217665615142,1.0346816621010568,0.10964010446045735,0.0009956282687271921,0.005017829526216474,0.8344333156267675,0.09148735589060457,0.02882334812969807,James
2025,101108,581,1.0981067125645438,1.0296294859855244,0.06847722657901945,0.002889640427254761,0.005017829526216474,0.6345682697173878,0.04345347518529389,0.042821421345262074,Paul
2025,200768,115,0.9652173913043478,1.0407272023654897,-0.07550981106114185,0.015523639614823235,0.005017829526216474,0.244278025673995,-0.018445387565032122,0.061579899613296185,Lowry
2025,200782,7,1.2857142857142858,1.0016043963871104,0.2841098893271754,0.2578778533358043,0.005017829526216474,0.01908677035541147,0.0054227402132891655,0.0701573614552812,Tucker
2025,201142,1124,1.195729537366548,0.988985747191545,0.206743790175003,0.001167062506079124,0.005017829526216474,0.8113043041034372,0.16773212681563784,0.030770811402037114,Durant
2025,201143,460,1.0956521739130434,1.081640832687008,0.014011341226035423,0.0037266105010087783,0.005017829526216474,0.5738308583046808,0.008040139961735667,0.046243314136868524,Horford
2025,201144,467,1.0728051391862956,1.0579904159833042,0.014814723202991376,0.0036640188485036235,0.005017829526216474,0.5779678830636394,0.008562434207806705,0.04601831393450778,Conley
2025,201145,121,1.2479338842975207,1.0998923014559974,0.14804158284152336,0.013761878462195478,0.005017829526216474,0.26719422524102787,0.039555856030796276,0.06063905056617813,Green
2025,201566,830,1.0120481927710843,1.0789541465635644,-0.0669059537924801,0.0015864470461687443,0.005017829526216474,0.7597848865381815,-0.05083413251094831,0.03471827312773711,Westbrook
2025,201567,114,0.9298245614035088,1.0839941632042394,-0.15416960180073058,0.014094393284858113,0.005017829526216474,0.2625455749348469,-0.04047654674224922,0.06083108241952398,Love
2025,201569,202,1.1386138613861385,1.0632787590459463,0.07533510234019225,0.008365466011578402,0.005017829526216474,0.3749322812192225,0.02824556177629187,0.05600431461220609,Gordon
2025,201572,774,1.197674418604651,1.0887769644387075,0.10889745416594354,0.0018609901573238149,0.005017829526216474,0.729460831517824,0.0794364274660633,0.036844530497862446,Lopez
2025,201587,238,1.2436974789915967,1.1045243685939548,0.1391731103976419,0.007996422878801273,0.005017829526216474,0.3855641776458716,0.0536601658608849,0.05552597780655147,Batum
2025,201599,140,1.3,1.3575502856489727,-0.05755028564897269,0.005140508119181353,0.005017829526216474,0.49396167969370175,-0.028427635766018887,0.050390614453784274,Jordan
2025,201935,1294,1.0023183925811436,1.0074223501130208,-0.005103957531877201,0.0011813882068949656,0.005017829526216474,0.8094294703370554,-0.004131293641650187,0.030923299154026813,Harden
2025,201939,1251,1.1478816946442845,1.0122394068222367,0.1356422878220478,0.001304703468472881,0.005017829526216474,0.7936422839439867,0.10765145510647763,0.032178686122781,Curry
2025,201942,1302,1.023041474654378,0.9070713163753318,0.11597015827904611,0.0008984964022828713,0.005017829526216474,0.8481327071663255,0.09835808429171464,0.02760514781788671,DeRozan
2025,201949,11,0.7272727272727273,1.0281823304478537,-0.3009096031751264,0.10654810434314017,0.005017829526216474,0.04497635928985577,-0.01353381842617241,0.06922532645347448,Johnson
2025,201950,573,1.075043630017452,1.0586364571019466,0.016407172915505308,0.0027231692514075425,0.005017829526216474,0.6482147420977402,0.010635371359977303,0.04201426488693616,Holiday
2025,201959,95,1.0,1.1234770195554191,-0.12347701955541912,0.00958404366422443,0.005017829526216474,0.34364286422521384,-0.04243199666601697,0.057388920669704156,Gibson
2025,201988,96,1.0208333333333333,1.046240200598182,-0.025406867264848643,0.01909532200036977,0.005017829526216474,0.20809513516655032,-0.005287045477637281,0.06303684329593091,Mills
2025,202066,60,0.7,1.0772138715542232,-0.37721387155422326,0.023812905982205344,0.005017829526216474,0.17404445074773423,-0.06565198108908116,0.06437782337404989,Temple
2025,202331,568,1.0316901408450705,1.008088563340098,0.023601577504972493,0.0026022820966132934,0.005017829526216474,0.6584981657201863,0.015541595495127196,0.041395627635129946,George
2025,202681,944,1.0995762711864407,1.0038360113777467,0.09574025980869405,0.0014627555175843363,0.005017829526216474,0.7742865022682517,0.0741303908935274,0.03365400204112375,Irving
2025,202684,71,0.8732394366197183,1.1147394462517144,-0.24150000963199614,0.013056317677604005,0.005017829526216474,0.2776246906496266,-0.06704636546596476,0.06020594784793328,Thompson
2025,202685,627,1.1132376395534291,1.0098116707512168,0.10342596880221233,0.001589996861091279,0.005017829526216474,0.7593767196811755,0.0785392729188716,0.03474775677189624,Valančiūnas
2025,202687,114,1.1754385964912282,1.149495247097545,0.025943349393683146,0.007650983430574248,0.005017829526216474,0.3960773233712337,0.01027557238713474,0.055048896794935936,Biyombo
2025,202691,877,1.0695553021664765,1.0530127677717191,0.01654253439475739,0.0019153951244402418,0.005017829526216474,0.7237367572881378,0.011972440200189201,0.03723226901879457,Thompson
2025,202692,270,1.1777777777777778,1.0868673451550863,0.0909104326226915,0.0068022644092971644,0.005017829526216474,0.42451689077870475,0.038593014196331925,0.053737102055185997,Burks
2025,202693,69,0.7391304347826086,0.990842488154553,-0.25171205337194436,0.022021619647958686,0.005017829526216474,0.18557439886789198,-0.046711312992301315,0.06392690222642805,Morris
2025,202695,623,1.1203852327447834,1.0203932541483607,0.09999197859642273,0.0020561563441917753,0.005017829526216474,0.7093355313596192,0.07092786326939318,0.03819037513517935,Leonard
2025,202696,1037,1.185149469623915,1.0331269410121993,0.15202252861171583,0.0012456964180974318,0.005017829526216474,0.8011189816770395,0.12178813331338639,0.031590363181593056,Vučević
2025,202699,805,1.067080745341615,1.0601961941908604,0.006884551150754481,0.0016109079007925525,0.005017829526216474,0.7569811870615284,0.005211475702483938,0.034920294600543404,Harris
2025,202704,131,0.9847328244274809,1.0342037305523735,-0.04947090612489258,0.011887615605407352,0.005017829526216474,0.2968173560144816,-0.01468382355563124,0.05940076290178015,Jackson
2025,202709,153,1.065359477124183,1.0362925299667265,0.029066947157456502,0.011239963456637417,0.005017829526216474,0.3086414946671097,0.00897126601608727,0.058899228528566196,Joseph
2025,202710,595,1.065546218487395,1.076076452684393,-0.010530234196997945,0.001824479819351346,0.005017829526216474,0.7333532105599446,-0.007722381056316564,0.03657852010570052,Butler III
2025,203076,910,1.0714285714285714,1.0512037236039955,0.020224847824575898,0.0011541787731136806,0.005017829526216474,0.8129978578870442,0.01644275795747165,0.030632415349758482,Davis
2025,203078,694,1.1412103746397695,1.0154632643444055,0.125747110295364,0.0019676340733907386,0.005017829526216474,0.7183244826440185,0.09032722794689768,0.03759520884103645,Beal
2025,203081,988,1.0981781376518218,1.0355894504316319,0.06258868722018995,0.001546507239038296,0.005017829526216474,0.7644076935199295,0.04784327403842569,0.03438258325962635,Lillard
2025,203083,232,1.021551724137931,1.169245128793407,-0.14769340465547587,0.0040587231257278936,0.005017829526216474,0.5528342883728615,-0.08164997826007507,0.04736877991794021,Drummond
2025,203084,681,1.2481644640234948,1.1221081902571681,0.12605627376632667,0.002258521069222669,0.005017829526216474,0.6896079924133504,0.08692941388310421,0.03946510079006385,Barnes
2025,203109,22,0.8181818181818182,1.0101402223688394,-0.19195840418702115,0.07788574472067038,0.005017829526216474,0.06052609398086236,-0.011618492412240005,0.06865944876513902,Crowder
2025,203110,508,1.0078740157480315,1.07185832409183,-0.06398430834379853,0.002912294696430306,0.005017829526216474,0.6327554758709327,-0.04048642147435273,0.04292750186670722,Green
2025,203114,336,1.0952380952380953,0.9740748243883818,0.12116327084971357,0.004129457806048723,0.005017829526216474,0.5485592989428789,0.06646523891494503,0.0475946685995426,Middleton
2025,203458,63,1.0476190476190477,1.158264379322557,-0.11064533170350943,0.016113185431647217,0.005017829526216474,0.23746277858504566,-0.026274147903779393,0.06185694612939622,Len
2025,203468,1000,1.059,1.0312873579766615,0.027712642023338452,0.0014781157911571382,0.005017829526216474,0.7724556290207877,0.021406786325965817,0.03379021845481095,McCollum
2025,203471,823,0.9708383961117861,0.9790241181714447,-0.008185722059658618,0.0017611633403770103,0.005017829526216474,0.7402028037149988,-0.006059094418991023,0.03610565111374029,Schröder
2025,203482,268,1.123134328358209,1.065374796999589,0.05775953135861989,0.004691268163243818,0.005017829526216474,0.5168172869105621,0.02985112428998746,0.04923950125963469,Olynyk
2025,203484,544,1.0863970588235294,1.087096643289596,-0.0006995844660666606,0.0029878717895542406,0.005017829526216474,0.6267820055104572,-0.00043848695466522386,0.04327521545255351,Caldwell-Pope
2025,203486,201,1.243781094527363,1.2731618937691063,-0.029380799241743194,0.003964282021929543,0.005017829526216474,0.5586469839881021,-0.01641349488355975,0.04705990007670219,Plumlee
2025,203497,510,1.3372549019607842,1.3820476121078618,-0.04479271014707753,0.0013745964061593115,0.005017829526216474,0.7849648285798074,-0.03516070204222571,0.03284828507437281,Gobert
2025,203500,165,1.103030303030303,1.1652340051373307,-0.062203702107027636,0.0054057153989306595,0.005017829526216474,0.48139376404574236,-0.029944474294882107,0.051012524768445464,Adams
2025,203501,680,1.0588235294117647,1.0817703005036265,-0.02294677109186183,0.002520331038118682,0.005017829526216474,0.6656570238045908,-0.015274679350933965,0.04095944406161314,Hardaway Jr.
2025,203507,1318,1.2139605462822458,1.1672458603483933,0.04671468593385253,0.0006701495678101577,0.005017829526216474,0.882181429162788,0.04121082840001681,0.02431447107143377,Antetokounmpo
2025,203552,343,1.1982507288629738,1.003539766565208,0.19471096229776585,0.004527383801270356,0.005017829526216474,0.5256906633785653,0.10235773493739135,0.048785278454254864,Curry
2025,203897,1223,1.2174979558462797,1.0815437361956186,0.13595421965066112,0.001142256576277073,0.005017829526216474,0.8145713294795185,0.11074440944918951,0.030503269627119294,LaVine
2025,203901,122,0.6639344262295082,0.9247533147384781,-0.26081888850896995,0.008357733086776996,0.005017829526216474,0.37514904392447657,-0.09784595666158473,0.05599460310494534,Payton
2025,203903,488,0.9959016393442623,0.9813681000950245,0.014533539249237837,0.0030177479710936043,0.005017829526216474,0.6244516374705117,0.009075492382428519,0.04341011013603531,Clarkson
2025,203914,133,1.037593984962406,1.0808084500883506,-0.04321446512594451,0.013608395957580545,0.005017829526216474,0.2693959401802309,-0.011641801461989622,0.060547887026198226,Harris
2025,203915,681,0.9941262848751835,1.017885898003002,-0.023759613127818602,0.002185724835296133,0.005017829526216474,0.6965768944600325,-0.0165503975261477,0.03901955173902881,Dinwiddie
2025,203924,574,0.9337979094076655,1.0708459735571174,-0.13704806414945192,0.002656187084956149,0.005017829526216474,0.6538726432923017,-0.08961197996349506,0.041675029337951884,Grant
2025,203926,116,1.2413793103448276,1.0752831246534618,0.16609618569136586,0.01642980394887154,0.005017829526216474,0.23395725836348394,0.03885940822898409,0.06199896682467804,McDermott
2025,203932,496,1.215725806451613,1.1588337404767106,0.05689206597490237,0.002566454064420192,0.005017829526216474,0.6616089003332285,0.03764029720734064,0.041206660278610155,Gordon
2025,203935,254,0.9881889763779528,1.0091334279459274,-0.020944451567974642,0.006165210061870542,0.005017829526216474,0.44869996986882077,-0.009397774787469199,0.052595908291389576,Smart
2025,203937,299,1.0334448160535117,1.0130575553224255,0.02038726073108621,0.003981736749746666,0.005017829526216474,0.5575634838779452,0.01136719211995245,0.04711762954641922,Anderson
2025,203939,61,1.4098360655737705,1.3675939161079866,0.04224214946578386,0.01350875916301003,0.005017829526216474,0.2708447631880779,0.01144106496861562,0.06048782254694103,Powell
2025,203944,938,1.0852878464818763,1.0635943821074338,0.021693464374442417,0.001386426142706952,0.005017829526216474,0.7835148666168079,0.016997151845797726,0.03295884546335161,Randle
2025,203952,839,1.0512514898688916,1.0341434414838673,0.017108048385024333,0.0016606361866333612,0.005017829526216474,0.7513446563874423,0.012854040735305845,0.03532294049241364,Wiggins
2025,203954,315,0.9619047619047619,0.9686863059194609,-0.0067815440146989925,0.0038618615409709424,0.005017829526216474,0.5650905519403209,-0.003832186450273833,0.046715109650993736,Embiid
2025,203957,133,1.1353383458646618,1.0524477424186003,0.08289060344606147,0.010293810365173529,0.005017829526216474,0.3277133972461098,0.027164361255088903,0.058081146384848806,Exum
2025,203967,58,0.8448275862068966,1.0129054555606773,-0.16807786935378077,0.024870616943896282,0.005017829526216474,0.1678852573095126,-0.028217796344494128,0.06461741193418653,Šarić
2025,203991,390,1.117948717948718,1.2972388525107936,-0.17929013456207565,0.0020044539668204785,0.005017829526216474,0.7145580965496445,-0.12811321728280642,0.037845723815942874,Capela
2025,203992,491,1.0692464358452138,1.0368457447608053,0.03240069108440857,0.003271343679986552,0.005017829526216474,0.6053474093726848,0.019613674409831375,0.04450055529819336,Bogdanović
2025,203994,351,1.0484330484330484,1.0846749724850333,-0.0362419240519849,0.0035466129746270724,0.005017829526216474,0.585890970220449,-0.021233816045473256,0.04558430120886672,Nurkić
2025,203995,273,0.8608058608058609,1.0176759610216346,-0.15687010021577374,0.005383215701273531,0.005017829526216474,0.4824351222850498,-0.07567964598046482,0.05096128260876777,Micić
2025,203999,1339,1.270351008215086,1.0151563259952736,0.25519468221981234,0.0008866635239169275,0.005017829526216474,0.8498324045115279,0.21687271040941836,0.027450234871909333,Jokić
2025,204001,574,1.1445993031358885,1.064875550924949,0.07972375221093952,0.0024058710116586796,0.005017829526216474,0.6759202503678443,0.053886898554682226,0.040325884200511634,Porziņģis
2025,204060,23,0.6521739130434783,1.009359022708185,-0.35718510966470673,0.0739036145845637,0.005017829526216474,0.06358005207270491,-0.022709847872076867,0.06854776191567215,Ingles
2025,204456,622,1.0659163987138263,0.9652404948654469,0.10067590384837932,0.0016702639300543924,0.005017829526216474,0.7502630695914805,0.07553341265518182,0.03539967998712048,McConnell
2025,1626145,682,1.1407624633431086,1.0333707515495731,0.10739171179353546,0.0023892444715282166,0.005017829526216474,0.6774374777063527,0.07275117036398022,0.0402313776599301,Jones
2025,1626153,131,0.8396946564885496,1.080034146864307,-0.24033949037575753,0.011994849269529437,0.005017829526216474,0.29494646824644705,-0.07088728386648063,0.05947973124683889,Wright
2025,1626156,636,0.960691823899371,1.0187317565150535,-0.05803993261568252,0.0024800294024607513,0.005017829526216474,0.6692349874741803,-0.038842353577058564,0.04073969128615753,Russell
2025,1626157,1215,1.168724279835391,1.0827827016761793,0.08594157815921166,0.0010039242077037598,0.005017829526216474,0.833283748877224,0.07161372043293285,0.028923238535544148,Towns
2025,1626158,139,1.2949640287769784,1.2150575283879297,0.07990650038904867,0.0062083818776231744,0.005017829526216474,0.4469744373867972,0.03571616305494292,0.052678154835121234,Holmes
2025,1626162,741,1.0350877192982457,1.1167236163445124,-0.08163589704626673,0.0017095704568955627,0.005017829526216474,0.7458794688606087,-0.060890539528828766,0.03570901152887112,Oubre Jr.
2025,1626164,1420,1.05,0.9971316793065683,0.052868320693431725,0.00097791082519565,0.005017829526216474,0.8368990703599546,0.04424544843982496,0.028607912550572007,Booker
2025,1626166,446,1.0112107623318385,1.0374313070857084,-0.026220544753869923,0.003586060235862723,0.005017829526216474,0.5832047672591143,-0.0152919467005879,0.04573190817398159,Payne
2025,1626167,811,1.1541307028360048,1.0779000707120254,0.0762306321239794,0.0017905878568111088,0.005017829526216474,0.7370038063067652,0.05618226603254359,0.03632726339812098,Turner
2025,1626168,374,1.0561497326203209,1.1174319950748146,-0.06128226245449375,0.0043457895353553495,0.005017829526216474,0.5358856968893132,-0.032840287922380175,0.04825812318862168,Lyles
2025,1626171,595,1.0403361344537816,1.013140406566185,0.0271957278875965,0.002135279622985871,0.005017829526216474,0.7014892994853882,0.019077512104865305,0.03870240053192802,Portis
2025,1626172,277,1.03971119133574,1.1084162470891736,-0.06870505575343366,0.003288478473837235,0.005017829526216474,0.6040986592580034,-0.04150463206489565,0.044570903480228886,Looney
2025,1626179,631,0.93026941362916,1.0423861860805137,-0.11211677245135365,0.0023694273975850134,0.005017829526216474,0.6792547731823433,-0.07615585284138061,0.0401178871517262,Rozier
2025,1626181,942,1.1602972399150744,1.0427845780786036,0.1175126618364708,0.0015489081354322647,0.005017829526216474,0.7641282147635887,0.08979474050121973,0.034402970923463214,Powell
2025,1626192,177,1.0847457627118644,1.1085877235919128,-0.02384196088004842,0.007919751844196958,0.005017829526216474,0.3878491182047054,-0.009247083503597861,0.05542263769590797,Connaughton
2025,1626196,38,0.7368421052631579,0.9992169997844943,-0.26237489452133644,0.040996465392895996,0.005017829526216474,0.10904936248696644,-0.0286118149801368,0.06686283283943546,Richardson
2025,1626204,153,1.2679738562091503,1.1742664107836476,0.09370744542550269,0.009285903377506528,0.005017829526216474,0.3508055945948504,0.03287309611045797,0.057074923177315856,Nance Jr.
2025,1626220,566,1.167844522968198,1.0836470268557832,0.08419749611241478,0.003185522233512213,0.005017829526216474,0.6116804049351688,0.05150195851656918,0.04414206077795569,O'Neale
2025,1627732,223,1.0403587443946187,1.0828495858295055,-0.042490841434886795,0.004005339696599291,0.005017829526216474,0.55610500061647,-0.02362936940234205,0.047195226818466725,Simmons
2025,1627734,893,1.2530795072788354,1.1063569214940037,0.14672258578483177,0.001209739778203314,0.005017829526216474,0.8057444696207964,0.11822091206459108,0.031220844574860702,Sabonis
2025,1627736,1068,1.1619850187265917,1.0605782958000447,0.10140672292654695,0.001637523537427528,0.005017829526216474,0.7539539192334095,0.07645599618708651,0.035137121237808336,Beasley
2025,1627739,436,1.0527522935779816,1.0713324017535335,-0.01858010817555189,0.003516609887758949,0.005017829526216474,0.5879506881259962,-0.01092418738727118,0.045470795059890434,Dunn
2025,1627741,785,1.0942675159235669,1.0736403313843312,0.02062718453923562,0.0022073735454000384,0.005017829526216474,0.6944897571015706,0.014325368380343019,0.0391535224134088,Hield
2025,1627742,333,1.06006006006006,0.9905436475988243,0.06951641246123574,0.004003125733218036,0.005017829526216474,0.556241482404938,0.038667912318910876,0.04718797084107935,Ingram
2025,1627746,4,1.25,0.8462265686605179,0.40377343133948207,0.2969190830717647,0.005017829526216474,0.01661880120267887,0.006710230386354358,0.0702455636666925,Labissiere
2025,1627747,599,1.1118530884808013,1.1502136258958402,-0.038360537415038864,0.0023917547096079413,0.005017829526216474,0.6772079736884418,-0.025978061812438124,0.04024568747646611,LeVert
2025,1627749,494,0.8906882591093117,1.0142624563372462,-0.1235741972279345,0.002719004698697775,0.005017829526216474,0.6485636605807059,-0.08014573370747133,0.041993423777105486,Murray
2025,1627750,1117,1.090420769919427,0.9936117415040577,0.09680902841536931,0.0011999520805071747,0.005017829526216474,0.8070128292686258,0.07812612792023398,0.031118751958857042,Murray
2025,1627751,578,1.2577854671280277,1.1264730984455908,0.1313123686824369,0.0015456516148510764,0.005017829526216474,0.7645073427300689,0.10038927004900096,0.03437531103650171,Poeltl
2025,1627752,512,1.205078125,1.1182480496351044,0.08683007536489562,0.0033115976419217036,0.005017829526216474,0.6024219222914553,0.05230834091403236,0.04466518798015209,Prince
2025,1627759,1118,1.0304114490161003,1.0103983171748703,0.020013131841229992,0.0011529542307476795,0.005017829526216474,0.8131591907678677,0.016273862092745225,0.030619198703871604,Brown
2025,1627763,239,0.9372384937238494,1.011289758046111,-0.07405126432226172,0.004985420238690997,0.005017829526216474,0.5016199379345287,-0.03714559061330631,0.05000786128909855,Brogdon
2025,1627777,620,1.1903225806451614,1.0990848559188577,0.09123772472630365,0.0027346704533882885,0.005017829526216474,0.6472530847361954,0.059053898773411884,0.04207165181797001,Niang
2025,1627780,298,1.2516778523489933,1.1724090050715954,0.07926884727739791,0.004179582773857218,0.005017829526216474,0.5455697061853223,0.04324668171877916,0.04775200253298826,Payton II
2025,1627783,1181,1.144792548687553,1.0209319499886653,0.12386059869888766,0.0010489385547378495,0.005017829526216474,0.8271009307194667,0.10244521646332035,0.029454677979757437,Siakam
2025,1627814,74,0.8513513513513513,0.9802319590668869,-0.12888060771553556,0.020246646839928994,0.005017829526216474,0.19861205328365292,-0.025597242126827516,0.06341315400598901,Lee
2025,1627824,559,1.1949910554561718,1.1541112319342883,0.04087982352188346,0.002566413395889485,0.005017829526216474,0.6616124480389329,0.02704660011571287,0.04120644427191399,Yabusele
2025,1627826,942,1.256900212314225,1.135258043307612,0.12164216900661295,0.0009310698590570197,0.005017829526216474,0.8434887197181576,0.10260379739912771,0.028024041881644608,Zubac
2025,1627827,434,1.195852534562212,1.1243405547127678,0.07151197984944413,0.004038091534252269,0.005017829526216474,0.5540937793860083,0.03962434318615457,0.04730202320958887,Finney-Smith
2025,1627832,751,0.9760319573901465,1.0221981488706744,-0.04616619148052792,0.0021638869676692597,0.005017829526216474,0.69869501678164,-0.03225608793123186,0.03888312026045808,VanVleet
2025,1627884,588,1.1870748299319729,1.202572543907912,-0.015497713975939131,0.0021591100681486834,0.005017829526216474,0.6991600612266725,-0.01083538265229106,0.03885310190244736,Jones Jr.
2025,1627936,314,1.0828025477707006,1.140551543522885,-0.057748995752184396,0.004854480535166957,0.005017829526216474,0.5082730885696385,-0.029352260432757696,0.04967294852342168,Caruso
2025,1628365,67,0.8955223880597015,0.9057240032063225,-0.01020161514662099,0.015886206834723263,0.005017829526216474,0.24004117863057994,-0.002448807723730479,0.06175227779261383,Fultz
2025,1628366,238,1.0294117647058822,1.094029589657324,-0.06461782495144175,0.007774905060294701,0.005017829526216474,0.39224057157469194,-0.0253457325928669,0.05522348417828197,Ball
2025,1628368,1161,1.0301464254952628,0.9993680068354207,0.0307784186598421,0.001125729454440628,0.005017829526216474,0.8167626520743156,0.025138662851266237,0.03032249618232476,Fox
2025,1628369,1463,1.0758714969241285,1.0490727417889112,0.026798755135217345,0.0010019901566062294,0.005017829526216474,0.8335514667548324,0.022338141650164015,0.028900006309913268,Tatum
2025,1628370,936,1.0288461538461537,1.0226131614608398,0.00623299238531394,0.001540630266810521,0.005017829526216474,0.7650926718421708,0.004768816797651748,0.03433256365544202,Monk
2025,1628371,324,0.9475308641975309,1.1599101162499295,-0.2123792520523986,0.004403303719959886,0.005017829526216474,0.5326142190222178,-0.11311620946841104,0.04842790695378091,Isaac
2025,1628374,699,1.044349070100143,1.0921396837450106,-0.047790613644867586,0.002222386384734353,0.005017829526216474,0.6930497084523414,-0.03312127085333397,0.039245690668003236,Markkanen
2025,1628378,1316,1.0661094224924013,1.0307694634279967,0.03533995906440457,0.0011187843810985213,0.005017829526216474,0.8176870179554717,0.028897025742041414,0.030245916489926503,Mitchell
2025,1628379,430,1.2209302325581395,1.042912853758954,0.17801737879918544,0.0038295068219008147,0.005017829526216474,0.5671570887303574,0.10096381830315526,0.04660399060576583,Kennard
2025,1628380,301,1.1229235880398671,1.1463989013751805,-0.023475313335313386,0.004277181630055744,0.005017829526216474,0.5398411515440165,-0.012672940183792183,0.04805204112763792,Collins
2025,1628381,531,1.1657250470809792,1.0794593705713713,0.08626567650960792,0.0023065619944407484,0.005017829526216474,0.6850848308783773,0.059099306402193554,0.03975161171414227,Collins
2025,1628384,1026,1.1198830409356726,1.1922357011357647,-0.07235266020009212,0.0013303206091061746,0.005017829526216474,0.790439642927796,-0.057190410893436974,0.03242742893356445,Anunoby
2025,1628386,640,1.4125,1.295603470655781,0.11689652934421901,0.0012094060166785707,0.005017829526216474,0.8057876551564778,0.09419378027620863,0.031217373981671834,Allen
2025,1628389,1112,1.0422661870503598,1.043637918558995,-0.0013717315086352322,0.0010102680317121797,0.005017829526216474,0.8324068212228265,-0.0011418386646742458,0.02899920690054432,Adebayo
2025,1628392,480,1.1625,1.1299123138393763,0.0325876861606238,0.0018823859304867546,0.005017829526216474,0.7271989632355454,0.02369773159025096,0.0369982309990511,Hartenstein
2025,1628396,45,1.3111111111111111,1.1768833583317417,0.13422775277936938,0.021047440791806826,0.005017829526216474,0.19251016640125942,0.02584020702322351,0.06365411478570249,Bradley
2025,1628398,843,0.9881376037959668,1.0520096246627317,-0.06387202086676491,0.0015850425516115323,0.005017829526216474,0.7599465001095512,-0.048539318712622216,0.034706592163764746,Kuzma
2025,1628401,959,1.1605839416058394,1.0690614283324698,0.09152251327336969,0.0018328420987019506,0.005017829526216474,0.7324580422107482,0.06703640089041958,0.036639868112435525,White
2025,1628404,768,1.1614583333333333,1.1516370106211082,0.009821322712225022,0.0016419601527872798,0.005017829526216474,0.7534516505883256,0.007399891808486554,0.035172966711920044,Hart
2025,1628408,3,2.0,1.052243160185304,0.947756839814696,0.6801996834371313,0.005017829526216474,0.00732297326219226,0.006940397997022852,0.07057679572466968,Dozier
2025,1628415,894,1.0671140939597314,1.0434423279133243,0.023671766046407194,0.0017199651703306148,0.005017829526216474,0.7447287654502083,0.017629045103766987,0.035789768620622234,Brooks
2025,1628418,321,1.1651090342679127,1.1517135319720302,0.013395502295882489,0.004417568014269708,0.005017829526216474,0.5318090207313001,0.007123848958177148,0.04846960408011074,Bryant
2025,1628420,195,1.0102564102564102,0.9861148511624586,0.02414155909395166,0.007472952155089596,0.005017829526216474,0.40172261866735276,0.009698210337934905,0.05479100207988927,Morris
2025,1628427,26,0.9230769230769231,1.0945183987241036,-0.17144147564718049,0.05920474145579838,0.005017829526216474,0.07813186936445891,-0.01339504297891557,0.06801306584165284,Čančar
2025,1628436,280,1.3357142857142856,1.3212033642934398,0.014510921420845868,0.0027731517657850185,0.005017829526216474,0.6440561641917896,0.009345848389198462,0.04226186802536285,Kornet
2025,1628449,370,1.172972972972973,1.1731093908113948,-0.00013641783842177624,0.0039761941419509195,0.005017829526216474,0.5579070848986212,-7.61084785620643e-05,0.047099329960486824,Boucher
2025,1628464,128,1.0234375,1.1135427163165248,-0.0901052163165248,0.009471106804371701,0.005017829526216474,0.3463214560218014,-0.031205369709898245,0.05727169893261416,Theis
2025,1628467,96,0.90625,1.0813834206437716,-0.17513342064377158,0.015518435185078663,0.005017829526216474,0.24433993215215136,-0.04279208811767333,0.061577377341274275,Kleber
2025,1628470,90,1.1111111111111112,1.141257954555372,-0.030146843444260885,0.019602135109066426,0.005017829526216474,0.20381140267867875,-0.006144270448709342,0.06320710918936101,Craig
2025,1628960,489,1.2004089979550103,1.0629315401581059,0.13747745779690446,0.003552495411172183,0.005017829526216474,0.5854888306890014,0.08049151601160612,0.045606429199349124,Allen
2025,1628963,106,1.0660377358490567,1.1864301881179062,-0.12039245226884954,0.009933469184098624,0.005017829526216474,0.33561161631762515,-0.04040510549839113,0.05773896126981035,Bagley III
2025,1628964,112,1.0625,1.1270912568481921,-0.06459125684819211,0.012765148087590276,0.005017829526216474,0.2821703786164932,-0.018225739400169527,0.060016220049008015,Bamba
2025,1628969,1170,1.152136752136752,1.0708031336467185,0.08133361849003351,0.001167349682756045,0.005017829526216474,0.811266635401181,0.06598325101741277,0.030773882586799684,Bridges
2025,1628970,1082,0.9972273567467652,1.054797241216394,-0.05756988446962874,0.00127606285374588,0.005017829526216474,0.7972537856210511,-0.04589780833117807,0.03189586087314943,Bridges
2025,1628971,308,0.9318181818181818,1.0669952661734334,-0.13517708435525166,0.003972052290246984,0.005017829526216474,0.5581641259206725,-0.07545099913365406,0.04708563575759504,Brown
2025,1628973,1200,1.1016666666666666,1.0025530415841861,0.09911362508248045,0.0011072214871956619,0.005017829526216474,0.8192306505250064,0.08119691955221206,0.03011759916113114,Brunson
2025,1628975,146,0.9931506849315068,1.0766956190769512,-0.0835449341454444,0.01204902143331316,0.005017829526216474,0.2940102739582819,-0.024563068975928724,0.059519207761340474,Carter
2025,1628976,491,0.9959266802443992,1.131741812425741,-0.13581513218134178,0.0025258052809874545,0.005017829526216474,0.6651739717602194,-0.0903406908982023,0.04098902207478683,Carter Jr.
2025,1628978,591,1.140439932318105,1.085125219754482,0.05531471256362286,0.0029894551328717668,0.005017829526216474,0.6266580669792043,0.03466341085063021,0.04328240029026211,DiVincenzo
2025,1628981,49,1.0612244897959184,1.1399682853075068,-0.07874379551158839,0.017587361103255216,0.005017829526216474,0.2219768728547876,-0.01747930148437925,0.062481896733922224,Fernando
2025,1628983,1655,1.1377643504531723,1.0036185162540685,0.13414583419910375,0.0007430318039343751,0.005017829526216474,0.8710207100376571,0.11684379975269718,0.025440048927694314,Gilgeous-Alexander
2025,1628988,266,1.150375939849624,1.0137061797198363,0.1366697601297877,0.006368746347235165,0.005017829526216474,0.44067940897981367,0.06022754911940775,0.052977121252876125,Holiday
2025,1628989,602,1.0730897009966778,1.0908446132149987,-0.01775491221832093,0.002776553353688849,0.005017829526216474,0.643775088230901,-0.011430170179881459,0.042278551066100206,Huerter
2025,1628991,1208,1.1009933774834437,0.983484957673132,0.11750841981031168,0.0010789832350840624,0.005017829526216474,0.823025033353017,0.0967123711336421,0.029799835788849687,Jackson Jr.
2025,1628995,36,1.1111111111111112,1.0758773304525375,0.03523378065857363,0.037872301478025304,0.005017829526216474,0.11699263697096698,0.004122092909703183,0.06656410758114038,Knox II
2025,1628997,302,0.9768211920529801,1.0380165269734334,-0.06119533492045326,0.004356613599220685,0.005017829526216474,0.535266944294622,-0.03275583992795699,0.048290281100105956,Martin
2025,1628998,325,0.9692307692307692,1.1048601448421398,-0.13562937561137056,0.004460161110863322,0.005017829526216474,0.5294191267277392,-0.07180478559480033,0.04859315384267915,Martin
2025,1629001,54,1.0555555555555556,1.078199392802633,-0.022643837247077414,0.03086930856955189,0.005017829526216474,0.13982250445343122,-0.0031661180343222537,0.06569797588160926,Melton
2025,1629003,253,1.0592885375494072,1.0189213250633713,0.04036721248603592,0.00560661669928877,0.005017829526216474,0.4722909241302929,0.019065068089593802,0.051458276128834954,Milton
2025,1629004,300,1.02,1.0509516356761077,-0.030951635676107703,0.005717384649315419,0.005017829526216474,0.4674177379388761,-0.014467343533234478,0.05169532860626255,Mykhailiuk
2025,1629006,212,1.0377358490566038,1.0891179405581772,-0.05138209150157347,0.006623890952731396,0.005017829526216474,0.4310213026751837,-0.02214677601318368,0.053432556622574685,Okogie
2025,1629008,1040,1.2009615384615384,1.113657618563686,0.08730391989785247,0.0013711912807240116,0.005017829526216474,0.7853831874777326,0.06856703088867601,0.03281631573922793,Porter Jr.
2025,1629011,56,1.3214285714285714,1.347173916283215,-0.025745344854643637,0.013940372911324758,0.005017829526216474,0.2646785497068074,-0.006814240537828693,0.060743046388385076,Robinson
2025,1629012,865,1.0890173410404624,0.9858435741549096,0.1031737668855528,0.0015058839646502477,0.005017829526216474,0.7691676731728787,0.07935792620784166,0.03403347271670026,Sexton
2025,1629013,229,1.1965065502183405,1.104824017331177,0.09168253288716355,0.007494003367912272,0.005017829526216474,0.4010467186283411,0.03676897896993191,0.05482194323526807,Shamet
2025,1629014,1120,1.0473214285714285,1.01674203848491,0.030579390086518554,0.0013643165572147296,0.005017829526216474,0.7862291869569307,0.02404240900536231,0.0327515724436372,Simons
2025,1629018,657,1.1354642313546424,1.0616104805562017,0.0738537507984407,0.0025769396448581893,0.005017829526216474,0.6606954619934089,0.04879483800372187,0.041262238538265376,Trent Jr.
2025,1629020,120,1.0583333333333333,1.294979306940401,-0.23664597360706763,0.009107721825169756,0.005017829526216474,0.3552307022496536,-0.08406391538899162,0.05688007049793055,Vanderbilt
2025,1629021,249,1.2329317269076305,1.1618810449612549,0.07105068194637565,0.00494899344389828,0.005017829526216474,0.5034532610102838,0.03577069752290732,0.04991579798069048,Wagner
2025,1629022,209,1.0669856459330143,1.0737594276997309,-0.006773781766716613,0.007661077720290126,0.005017829526216474,0.3957619871065015,-0.0026808053322215555,0.05506326672074013,Walker IV
2025,1629023,665,1.0421052631578946,1.0609699752246131,-0.01886471206671847,0.002011918852243128,0.005017829526216474,0.71379930775218,-0.013465618414167841,0.03789599298058708,Washington
2025,1629026,353,1.1558073654390935,1.0761145730000181,0.07969279243907534,0.004155182485868526,0.005017829526216474,0.5470209261260888,0.04359362512559716,0.04767569371957481,Williams
2025,1629027,1365,0.9868131868131869,0.9957332881509567,-0.008920101337769881,0.0010693927332664215,0.005017829526216474,0.8243217205350959,-0.007353033282097879,0.02969046408889402,Young
2025,1629028,468,1.1452991452991452,1.0946935956898711,0.0506055496092741,0.002036137954361702,0.005017829526216474,0.7113485481797528,0.03599818424439559,0.03805790033263644,Ayton
2025,1629029,1021,1.0763956904995102,0.9982217101641989,0.07817398033531131,0.0014444518949024154,0.005017829526216474,0.7764795741977574,0.060700498964106384,0.03349010887266524,Dončić
2025,1629048,338,1.2337278106508875,1.2611539740844107,-0.02742616343352311,0.002618522435360156,0.005017829526216474,0.657097728269255,-0.01802166968730935,0.041480418798479315,Bitadze
2025,1629052,39,1.1282051282051282,1.1214644606383526,0.006740667566775604,0.036542437481321285,0.005017829526216474,0.12073621965196694,0.000813842719943109,0.06642285569262342,Brissett
2025,1629056,2,0.0,0.9497872588459952,-0.9497872588459952,0.7561772697423216,0.005017829526216474,0.006592041292749128,-0.006261036829639805,0.07060277463938425,Davis
2025,1629057,78,1.294871794871795,1.3496336547069947,-0.054761859835199767,0.009840283598404276,0.005017829526216474,0.33771647073420386,-0.018493982034384817,0.057647427070744134,Williams III
2025,1629060,576,1.1944444444444444,1.1396260307927242,0.054818413651720244,0.0023848231760729296,0.005017829526216474,0.6778420828339846,0.03715822768733699,0.04020613770135143,Hachimura
2025,1629098,17,0.8235294117647058,1.0267155722918122,-0.20318616052710636,0.10548953958491517,0.005017829526216474,0.045407193805965085,-0.009226113369744252,0.06920971007332907,McVeigh
2025,1629111,152,1.138157894736842,1.07775045368766,0.06040744104918194,0.007289580984346213,0.005017829526216474,0.40770798389392976,0.024628596002353384,0.05451623947558491,Landale
2025,1629130,663,1.1613876319758674,1.089841531778262,0.07154610019760543,0.00265255865753255,0.005017829526216474,0.6541819535088941,0.0468041675932126,0.04165640412207435,Robinson
2025,1629162,71,1.1408450704225352,1.0446134986476032,0.09623157177493202,0.02333565483099514,0.005017829526216474,0.1769739994915371,0.017030486134366637,0.06426355239321291,McLaughlin
2025,1629216,417,1.0671462829736211,1.0600424645879094,0.007103818385711724,0.0042645071180235986,0.005017829526216474,0.5405782744725344,0.0038401698851143087,0.048013538708754196,Vincent
2025,1629234,194,1.2010309278350515,1.1637040191532406,0.03732690868181088,0.004553293748363987,0.005017829526216474,0.5242675684204292,0.019569287651264398,0.04885841014358459,Eubanks
2025,1629312,391,1.143222506393862,1.1377323478721932,0.0054901585216686755,0.0040769485998467135,0.005017829526216474,0.5517264364962048,0.00302906559695953,0.04742742163318198,Highsmith
2025,1629599,509,1.1414538310412574,1.0771575065038719,0.06429632453738554,0.0028622505430780792,0.005017829526216474,0.6367739264184512,0.040942223029946,0.042691995932600445,Coffey
2025,1629610,290,1.0034482758620689,1.1373922687313012,-0.1339439928692323,0.005320572934605766,0.005017829526216474,0.48535830803953756,-0.06501082975107048,0.050817165184032176,Jeffries
2025,1629611,413,1.1380145278450364,1.111598155268175,0.026416372576861358,0.003279301291846839,0.005017829526216474,0.6047668328059118,0.015975745977529387,0.04453327582927791,Mann
2025,1629614,538,1.013011152416357,0.9895433198453565,0.02346783257100049,0.002453847670443613,0.005017829526216474,0.6715800742113822,0.0157605287396128,0.04059501447985884,Nembhard
2025,1629618,179,1.0837988826815643,1.0257124608940817,0.05808642178748258,0.008836305722985608,0.005017829526216474,0.3621900202328017,0.02103832228245937,0.05657227013821682,Pickett
2025,1629622,372,1.1908602150537635,1.141969558583355,0.04889065647040858,0.004889264821382337,0.005017829526216474,0.5064885172343845,0.024762556102312906,0.04976300322275754,Strus
2025,1629626,183,1.2240437158469946,1.0563256247663346,0.16771809108065994,0.008274602077095862,0.005017829526216474,0.37749523006506075,0.06331277937856654,0.05588938016108366,Bol
2025,1629627,507,1.1420118343195267,1.019493079012386,0.12251875530714074,0.0017988597958182673,0.005017829526216474,0.7361094644575472,0.09018721535514464,0.03638897801442076,Williamson
2025,1629628,980,1.0479591836734694,1.0927099218007663,-0.04475073812729691,0.0012898407187359954,0.005017829526216474,0.7955123415387554,-0.03559976447323362,0.032032549233142575,Barrett
2025,1629629,94,0.9468085106382979,1.1294679709444704,-0.18265946030617253,0.015449762493913605,0.005017829526216474,0.24515973942031818,-0.04478074569131721,0.06154396596835197,Reddish
2025,1629630,881,1.0170261066969353,1.0250195873916077,-0.007993480694672428,0.0014558874137638273,0.005017829526216474,0.775107959266403,-0.006195810508682935,0.03359270638403702,Morant
2025,1629631,759,1.150197628458498,1.0698048770998025,0.0803927513586955,0.001985084185713152,0.005017829526216474,0.7165345358559088,0.05760418278098236,0.037714471700461064,Hunter
2025,1629632,1113,1.1069182389937107,1.067770432712009,0.03914780628170167,0.0013570351007121547,0.005017829526216474,0.7871272285563865,0.030814304262578134,0.03268270609783246,White
2025,1629634,380,1.2447368421052631,1.1052840941236801,0.13945274798158303,0.0024870786841503342,0.005017829526216474,0.6686063820587651,0.09323899729611898,0.040778384971762054,Clarke
2025,1629636,1173,1.1253196930946292,1.03064866086206,0.09467103223256923,0.0012435579529404437,0.005017829526216474,0.8013925895689998,0.07586866367802891,0.03156862569365455,Garland
2025,1629637,223,1.4439461883408071,1.4438428063954183,0.00010338194538883627,0.0030445978605732806,0.005017829526216474,0.62237205812708,6.434203412483142e-05,0.04353013481089046,Hayes
2025,1629638,612,1.1127450980392157,1.0740722705152859,0.038672827523929865,0.002648616187682869,0.005017829526216474,0.6545183665905439,0.0253120759024004,0.04163613743957843,Alexander-Walker
2025,1629639,1376,1.1286337209302326,1.019958439665663,0.10867528126456971,0.0010800453785796316,0.005017829526216474,0.8228816767411621,0.08942689766730652,0.029811902859129113,Herro
2025,1629640,770,1.0766233766233766,1.0982822449239875,-0.021658868300610923,0.0017062090266713697,0.005017829526216474,0.7462523432530609,-0.01616298122154034,0.03568280376081781,Johnson
2025,1629643,40,1.275,1.2019846254058986,0.07301537459410135,0.041774365765878715,0.005017829526216474,0.10723646315145546,0.007829910527150066,0.06693082425256748,Okeke
2025,1629645,651,0.9846390168970814,1.0078384295157075,-0.023199412618626014,0.0018778974609758362,0.005017829526216474,0.7276723013449162,-0.01688156997004588,0.036966119178486426,Porter Jr.
2025,1629646,117,1.1623931623931625,1.2609011173054046,-0.09850795491224207,0.0067946351251336745,0.005017829526216474,0.4247910723392465,-0.04184529980111745,0.05372429935289472,Bassey
2025,1629650,49,1.3877551020408163,1.278946197265841,0.1088089047749754,0.015203310998021382,0.005017829526216474,0.24814770067998418,0.027000679533417497,0.06142203730650524,Brown
2025,1629651,568,1.1355633802816902,1.1750265233042267,-0.039463143022536507,0.0015348387064954324,0.005017829526216474,0.7657688971901115,-0.030219647512023426,0.03428311163878951,Claxton
2025,1629652,593,1.1568296795952782,1.1193044527929727,0.03752522680230541,0.002912201844540014,0.005017829526216474,0.6327628847372133,0.023744570761844965,0.04292706885041387,Dort
2025,1629655,403,1.4044665012406947,1.3062372684009507,0.09822923283974405,0.00190033331273844,0.005017829526216474,0.725312433810027,0.07124688394228658,0.037125939450909376,Gafford
2025,1629656,823,1.1300121506682868,1.0920538231504453,0.03795832751784145,0.0018226647174427214,0.005017829526216474,0.7335478033429759,0.02784424776928583,0.03656517058227479,Grimes
2025,1629659,291,1.0549828178694158,1.1339535369989389,-0.07897071912952303,0.0047648983342332765,0.005017829526216474,0.5129274367840571,-0.04050624854409995,0.04943730463035882,Horton-Tucker
2025,1629660,614,1.219869706840391,1.0008839139987944,0.21898579284159658,0.002287608939402736,0.005017829526216474,0.6868621985978445,0.15041306313287114,0.039639274787138155,Jerome
2025,1629661,746,1.1648793565683646,1.0867769587566531,0.07810239781171147,0.002063992518292868,0.005017829526216474,0.7085506377708097,0.055339503780917655,0.038241903916915426,Johnson
2025,1629669,73,0.821917808219178,0.9705275316220588,-0.1486097234028808,0.018678597484057587,0.005017829526216474,0.2117546887571233,-0.03146880572545921,0.06289102159017773,Nowell
2025,1629673,1052,1.0922053231939164,1.0475470762829855,0.0446582469109309,0.0015133238539846371,0.005017829526216474,0.7682914845374466,0.03431055081603894,0.03409800331931163,Poole
2025,1629674,202,1.306930693069307,1.2738472755656949,0.0330834175036121,0.003923563226463021,0.005017829526216474,0.5611910431641386,0.018566117580286798,0.046924072073715385,Queta
2025,1629675,921,1.1150922909880565,1.0648908128925767,0.05020147809547981,0.0016242778871820792,0.005017829526216474,0.7554574495580179,0.03792508060605388,0.035029599341472054,Reid
2025,1629680,88,1.1931818181818181,1.0879943741477671,0.105187444034051,0.017663663119524435,0.005017829526216474,0.22123012821903998,0.023270631730686196,0.06251187452596761,Thybulle
2025,1629684,123,1.0975609756097562,1.078868485448479,0.018692490161277275,0.01309516277231223,0.005017829526216474,0.2770292971760423,0.005178367411848729,0.06023075409804804,Williams
2025,1629723,90,1.1666666666666667,1.1359125828264176,0.030754083840249136,0.018902752236027248,0.005017829526216474,0.20977038000541534,0.006451295853887464,0.06297013196508049,Konchar
2025,1629726,257,1.1245136186770428,1.0865504561509551,0.03796316252608767,0.0074354172685181475,0.005017829526216474,0.4029334364704047,0.015296627535920993,0.05473552988320664,Mathews
2025,1629731,271,1.121771217712177,1.1561470648360757,-0.03437584712389863,0.006891882782963594,0.005017829526216474,0.42132248000219996,-0.014483317162417462,0.0538860385072301,Wade
2025,1629750,287,1.0174216027874565,1.1670678313163803,-0.14964622852892373,0.0050468366620263745,0.005017829526216474,0.498558961853907,-0.07460746834073274,0.0501611966251415,Green
2025,1630162,1601,1.1005621486570893,1.0600427157844396,0.0405194328726497,0.0009352663291567289,0.005017829526216474,0.8428941256988887,0.034153591945006875,0.028077223773196845,Edwards
2025,1630163,996,0.9949799196787149,1.0227766663502604,-0.027796746671545525,0.001542671068102341,0.005017829526216474,0.764854671389216,-0.021260471541154236,0.03434995156990861,Ball
2025,1630164,4,1.0,0.9141366907152854,0.08586330928471464,0.31320638760275304,0.005017829526216474,0.015768220192314445,0.0013539115672421777,0.0702759367448033,Wiseman
2025,1630165,43,1.0232558139534884,1.0184259469913741,0.004829866962114293,0.035068602934447475,0.005017829526216474,0.125175258016297,0.0006045798431670452,0.06625497279895701,Hayes
2025,1630166,843,1.1020166073546855,1.0835458965597846,0.018470710794900924,0.0016338533587627448,0.005017829526216474,0.7543699260750538,0.013933748736903109,0.035107404311161064,Avdija
2025,1630167,594,1.2525252525252526,1.1637207364333078,0.08880451609194484,0.002413432550478847,0.005017829526216474,0.6752324806243276,0.05996369369140694,0.04036865179665194,Toppin
2025,1630168,683,1.2064421669106882,1.2172941187273496,-0.010851951816661431,0.0015948429909182114,0.005017829526216474,0.7588202066886465,-0.00823468032049426,0.034787915833008685,Okongwu
2025,1630169,997,1.1735205616850553,1.0263153856708749,0.14720517601418037,0.0015651626428030807,0.005017829526216474,0.7622414545517847,0.11220588748260034,0.034540293129334265,Haliburton
2025,1630170,885,1.0689265536723165,1.059746023362346,0.00918053030997057,0.0016717302436541864,0.005017829526216474,0.7500986161774725,0.006886303081284267,0.03541133353019954,Vassell
2025,1630171,267,1.1385767790262171,1.2194563885835972,-0.08087960955738005,0.005752917208241588,0.005017829526216474,0.4658757326605127,-0.03767984735984063,0.05177011222051601,Okoro
2025,1630172,515,0.9825242718446602,1.081848070556471,-0.09932379871181085,0.0029534466154666384,0.005017829526216474,0.6294888593781639,-0.06252322476020415,0.04311799788028652,Williams
2025,1630173,327,1.033639143730887,1.2047683510392266,-0.1711292073083397,0.002935035424743399,0.005017829526216474,0.6309461504952181,-0.10797331458849507,0.04303311867398115,Achiuwa
2025,1630174,379,1.2348284960422165,1.091139096319844,0.1436893997223725,0.004019348600848349,0.005017829526216474,0.5552429592141069,0.07978252750954878,0.04724103101381381,Nesmith
2025,1630175,541,0.9926062846580407,0.989633436783025,0.0029728478750157272,0.0025755636595274985,0.005017829526216474,0.6608151854479329,0.001964503019837011,0.041254958214784566,Anthony
2025,1630178,1087,1.0257589696412144,1.0387440340869187,-0.012985064445704353,0.0013128320601039248,0.005017829526216474,0.7926232444740443,-0.010292263910658742,0.03225804096545722,Maxey
2025,1630182,420,1.088095238095238,1.1312159652551133,-0.04312072715987525,0.003838001476307897,0.005017829526216474,0.5666130626009159,-0.02443276727763541,0.046633268926354006,Green
2025,1630183,831,1.0782190132370637,1.098395267191791,-0.02017625395472722,0.0015949835677020198,0.005017829526216474,0.7588040755047418,-0.01530982372926568,0.03478907919930314,McDaniels
2025,1630188,407,1.1031941031941033,1.1514675087827315,-0.04827340558862825,0.0036961032355159384,0.005017829526216474,0.5758398261061268,-0.027797749479706223,0.04613418953888527,Smith
2025,1630191,315,1.1714285714285715,1.1493900051064045,0.02203856632216694,0.0034377015980550474,0.005017829526216474,0.5934375324824768,0.013078512417678163,0.045167036140982886,Stewart
2025,1630192,141,1.1134751773049645,1.1872868525871536,-0.07381167528218913,0.009036039730552944,0.005017829526216474,0.35704256490073033,-0.026353909862372644,0.056800095087433854,Nnaji
2025,1630193,436,1.0389908256880733,1.024761291081171,0.01422953460690235,0.0035032754754128577,0.005017829526216474,0.5888707538819212,0.008379356771355474,0.045420000773474405,Quickley
2025,1630194,142,1.0704225352112675,1.1056469463945755,-0.03522441118330799,0.007848256603001653,0.005017829526216474,0.3900043475397912,-0.013737673501019357,0.05532498708340128,Reed
2025,1630198,588,1.2074829931972788,1.0823255843305317,0.1251574088667471,0.0031066980768324187,0.005017829526216474,0.6176149274615589,0.07729908399851267,0.043803459993108064,Joe
2025,1630200,237,1.1476793248945147,1.0305374591551175,0.11714186573939722,0.004835876791991133,0.005017829526216474,0.5092327053572284,0.059652469201066476,0.04962445588175128,Jones
2025,1630201,13,0.8461538461538461,1.0226835219023247,-0.17652967574847855,0.09980155475605695,0.005017829526216474,0.047871198257601916,-0.008450687106105598,0.06912032996263918,Flynn
2025,1630202,857,1.2520420070011669,1.0504466255401548,0.20159538146101208,0.00203562688286498,0.005017829526216474,0.7114000902814012,0.1434149725716775,0.03805450233874296,Pritchard
2025,1630205,62,1.064516129032258,1.073121015782836,-0.008604886750577911,0.022238428128792176,0.005017829526216474,0.1840982569848282,-0.0015841446523332356,0.06398480957690672,Stevens
2025,1630208,347,1.181556195965418,1.1888366118743519,-0.007280415908933913,0.0023840957743676357,0.005017829526216474,0.6779086957038732,-0.004935457253007118,0.04020198075760297,Richards
2025,1630214,53,0.5849056603773585,1.0253301919257096,-0.44042453154835115,0.030836341589238037,0.005017829526216474,0.1399510676193989,-0.061637883395965376,0.06569306604878734,Tillman
2025,1630215,453,1.0286975717439293,1.0041103917044532,0.02458718003947613,0.0030012431838202062,0.005017829526216474,0.6257368785216466,0.01538510528955153,0.04333576515452363,Butler
2025,1630217,1018,1.1296660117878192,1.0247248828871893,0.1049411289006299,0.0013835701371907342,0.005017829526216474,0.7838644343517969,0.08225961864593126,0.032932224689125586,Bane
2025,1630222,18,1.0555555555555556,0.9785805822455382,0.07697497331001735,0.07944185296172547,0.005017829526216474,0.059410944706462215,0.004573155883102846,0.06870018583445006,Jones
2025,1630224,1436,1.00974930362117,1.0322341601765934,-0.022484856555423427,0.001000077489387034,0.005017829526216474,0.8338163938402526,-0.018748242009058527,0.028876997866147898,Green
2025,1630227,1,0.0,1.082605343612989,-1.082605343612989,2.075781700819569,0.005017829526216474,0.0024114910893807315,-0.002610693139438688,0.07075117719887047,Nix
2025,1630228,566,0.9929328621908127,1.042074517896568,-0.04914165570575535,0.00213976183978164,0.005017829526216474,0.701050013843134,-0.03445075841279432,0.038730867113969045,Kuminga
2025,1630230,703,1.1152204836415363,1.0529842666162414,0.062236217025294804,0.0017982377591475832,0.005017829526216474,0.7361766420632485,0.045816849264401105,0.036384346018041996,Marshall
2025,1630231,201,1.1791044776119404,1.2411402956204727,-0.062035818008532306,0.0058449239509986515,0.005017829526216474,0.46192979862255795,-0.02865619292006698,0.05196099059533962,Martin
2025,1630241,424,1.134433962264151,1.120767690260451,0.013666272003699964,0.004532261593025954,0.005017829526216474,0.5254221623190668,0.0071805621870245605,0.04879908489309359,Merrill
2025,1630243,143,0.9370629370629371,1.075681427167091,-0.13861849010415384,0.01027186736059575,0.005017829526216474,0.32818371504437654,-0.04549233105622335,0.05806082664622842,Queen
2025,1630245,449,1.1224944320712695,1.1478164300846043,-0.02532199801333479,0.0030955298124850316,0.005017829526216474,0.6184650915535004,-0.015660771819634656,0.04375473835923539,Dosunmu
2025,1630249,292,1.3013698630136987,1.1236394850021176,0.1777303780115811,0.005927535570814449,0.005017829526216474,0.45844332114399977,0.08147930476380774,0.052129061887620516,Krejčí
2025,1630256,148,1.054054054054054,1.0532588749035845,0.0007951791504694494,0.008627286501930953,0.005017829526216474,0.36773813545195155,0.0002924176981439022,0.05632568021985956,Tate
2025,1630264,88,1.0909090909090908,1.0317385268446209,0.059170564064469966,0.015073963656108323,0.005017829526216474,0.24974523083538264,0.014777566180940848,0.061356748063264736,Gill
2025,1630283,22,1.2727272727272727,1.2459563162900809,0.02677095643719185,0.03704442547068537,0.005017829526216474,0.1192953046998091,0.003193649405280118,0.06647725944979066,Kelley
2025,1630288,230,1.0956521739130434,1.0036609297288155,0.09199124418422788,0.005610163477730041,0.005017829526216474,0.47213331099796474,0.04343213069952178,0.05146596018710368,Dowtin Jr.
2025,1630296,4,0.0,0.8833683225429925,-0.8833683225429925,0.30851842028047477,0.005017829526216474,0.01600398527860872,-0.014137413629567332,0.07026751921299297,Key
2025,1630311,101,0.8613861386138614,0.964387568271806,-0.10300142965794468,0.011691522677765173,0.005017829526216474,0.30030066186651944,-0.03093139749947853,0.05925345558159712,Spencer
2025,1630314,185,1.1891891891891893,1.045789375679589,0.14339981350960018,0.0069246149926449705,0.005017829526216474,0.42016770672800735,0.060251970787552636,0.0539397775434235,Williams
2025,1630322,249,0.9959839357429718,1.0777483902230103,-0.08176445448003844,0.007142908204335735,0.005017829526216474,0.41262542103920685,-0.033738092455866925,0.0542894603515124,Waters III
2025,1630346,31,0.8387096774193549,1.044377786574605,-0.20566810915525002,0.05217096133598933,0.005017829526216474,0.08774148658443823,-0.01804562564029215,0.06765765074371821,Ryan
2025,1630526,347,1.0720461095100864,1.1246520745428483,-0.05260596503276194,0.004227506341334893,0.005017829526216474,0.5427417238380382,-0.028551452146044775,0.04790035573179324,Robinson-Earl
2025,1630527,381,1.0,1.0764295782233022,-0.07642957822330221,0.0034891420344286637,0.005017829526216474,0.5898491008750875,-0.04508191799527697,0.04536592655102749,Boston
2025,1630528,31,0.7741935483870968,1.127837526933206,-0.3536439785461092,0.03976060173517584,0.005017829526216474,0.11205907364027767,-0.03962901663433923,0.06674980297966296,Christopher
2025,1630529,171,1.0058479532163742,1.0972246996154036,-0.09137674639902937,0.008263758532593753,0.005017829526216474,0.3778034301318312,-0.03452244822383975,0.05587554312393848,Jones
2025,1630530,838,1.097852028639618,1.103929642199954,-0.0060776135603359815,0.0017612549934637998,0.005017829526216474,0.7401927961879331,-0.00449860577537479,0.036106346511547385,Murphy III
2025,1630531,89,0.9213483146067416,1.0261671307011138,-0.10481881609437216,0.017078643861438352,0.005017829526216474,0.22708734729678204,-0.023803026893660217,0.06227635128939801,Springer
2025,1630532,1158,1.0172711571675301,1.017332729283757,-6.157211622692671e-05,0.0010885367093336506,0.005017829526216474,0.8217374020253824,-5.059611082551964e-05,0.02990804787238868,Wagner
2025,1630533,518,1.0250965250965252,1.1528546976036875,-0.12775817250716237,0.0030197043096786393,0.005017829526216474,0.6242996457205775,-0.0797593818341299,0.043418893706694967,Williams
2025,1630534,534,1.1853932584269662,1.1955951664935496,-0.010201908066583387,0.0026839531193586963,0.005017829526216474,0.6515153383482353,-0.006646699585797666,0.04181670269963645,Agbaji
2025,1630537,26,1.1538461538461537,1.0965825773020348,0.057263576544118955,0.06106499977357985,0.005017829526216474,0.07593242570550682,0.004348162271567916,0.06809415216091719,Duarte
2025,1630538,117,1.0769230769230769,1.0227510337659182,0.05417204315715862,0.014530767077689787,0.005017829526216474,0.2566848980460212,0.01390514537473992,0.06107232160207506,Hyland
2025,1630539,109,1.6055045871559632,1.4524954469658113,0.15300914019015188,0.006121539610842336,0.005017829526216474,0.45045903986815533,0.0689243503811078,0.052511930602625156,Jones
2025,1630540,544,1.0275735294117647,1.068595242848411,-0.04102171343664618,0.002899507483150036,0.005017829526216474,0.6337774330283266,-0.02599863624030123,0.04286773156719695,McBride
2025,1630541,568,1.0880281690140845,1.0781116631332117,0.009916505880872784,0.0028344792753859363,0.005017829526216474,0.6390260053441215,0.006336905140025623,0.04255944041667577,Moody
2025,1630542,69,0.855072463768116,1.2103449480076183,-0.3552724842395023,0.020294603634015574,0.005017829526216474,0.1982357639999581,-0.07042771234138082,0.06342803998599833,Bagley
2025,1630543,23,1.2173913043478262,1.3469912131827526,-0.12959990883492645,0.03237838169597566,0.005017829526216474,0.13418015788826035,-0.017389736229774577,0.06591309709103625,Jackson
2025,1630544,161,1.0186335403726707,1.027701184748378,-0.009067644375707173,0.00850878323667937,0.005017829526216474,0.3709597971179173,-0.0033637315179497573,0.056181994475088856,Mann
2025,1630545,114,1.0614035087719298,1.088616720838746,-0.02721321206681626,0.010550960092023914,0.005017829526216474,0.3223005544591332,-0.008770833337748855,0.05831449466243787,Shannon Jr.
2025,1630548,475,1.1073684210526316,1.065336312274707,0.042032108777924515,0.0035921830727117772,0.005017829526216474,0.5827900329485091,0.024495894059581944,0.04575465540579202,Juzang
2025,1630549,317,1.0757097791798107,1.1427722430990466,-0.06706246391923587,0.003295284546774122,0.005017829526216474,0.6036040744971202,-0.04047917646746688,0.04459873517332365,Sharpe
2025,1630550,59,0.9491525423728814,1.0570979635933566,-0.10794542122047524,0.02222746505105895,0.005017829526216474,0.1841723352259774,-0.0198805603031267,0.06398190482165506,Thor
2025,1630551,410,1.2048780487804878,1.1317721709011457,0.07310587787934208,0.003508036450111068,0.005017829526216474,0.5885419193954852,0.04302587368619993,0.04543816133667484,Champagnie
2025,1630552,540,1.0851851851851853,1.1294624838965501,-0.044277298711364876,0.0021422489086057052,0.005017829526216474,0.7008065025953996,-0.031029818854283412,0.038746638116471166,Johnson
2025,1630553,776,0.9432989690721649,1.0758746482932635,-0.13257567922109859,0.001920834854677332,0.005017829526216474,0.723169366720415,-0.09587466998485074,0.03727048330021367,Johnson
2025,1630556,135,1.1555555555555554,1.140124660793427,0.015430894762128444,0.010026772155193207,0.005017829526216474,0.3335302344638946,0.0051466699480003835,0.057829332244438376,Edwards
2025,1630557,560,1.125,1.0667759024080474,0.05822409759195257,0.0028229105271036802,0.005017829526216474,0.6399688667260023,0.03726160975206605,0.04250382160346813,Kispert
2025,1630558,472,1.1228813559322033,1.074031228401003,0.04885012753120033,0.003018728994992183,0.005017829526216474,0.6243754105658921,0.030500818433489393,0.04341451549465233,Mitchell
2025,1630559,1029,1.121477162293489,1.0272718252003818,0.09420533709310708,0.0014713309406119155,0.005017829526216474,0.7732632829573043,0.07284552823271549,0.03373019705626144,Reaves
2025,1630560,453,1.0286975717439293,0.9950305881904067,0.0336669835535226,0.003143299520910112,0.005017829526216474,0.6148450168158018,0.020699977069102926,0.04396182488012844,Thomas
2025,1630561,14,1.0714285714285714,1.0766336788076105,-0.00520510737903912,0.10024580256449135,0.005017829526216474,0.04766916575605625,-0.0002481231264294873,0.06912766290563878,Duke Jr.
2025,1630567,1058,0.9678638941398866,1.0405196722751706,-0.07265577813528401,0.0011430925703488548,0.005017829526216474,0.8144607978428876,-0.05917528302795924,0.03051235957533611,Barnes
2025,1630568,105,1.0857142857142856,1.077982726582792,0.007731559131493704,0.012284316916472254,0.005017829526216474,0.2900119671762939,0.0022422446730643274,0.059687510539166766,Garza
2025,1630570,349,1.0229226361031518,1.025653991721183,-0.0027313556180312837,0.0034813248146115957,0.005017829526216474,0.5903916230950088,-0.0016125694765791606,0.04533591300304286,Watford
2025,1630572,280,1.2214285714285715,1.136640023148623,0.08478854827994864,0.005457467725111718,0.005017829526216474,0.4790154785899034,0.04061502703326273,0.05112936058893502,Mamukelashvili
2025,1630573,473,1.255813953488372,1.1037096236625596,0.15210432982581246,0.004035202119776746,0.005017829526216474,0.5542706269492954,0.08430696225425548,0.04729264222683886,Hauser
2025,1630574,31,1.3548387096774193,1.335081594563168,0.019757115114251267,0.022410962605800205,0.005017829526216474,0.182940229451786,0.0036143711723064763,0.0640302010096836,Hukporti
2025,1630577,664,1.0993975903614457,1.130739263435598,-0.031341673074152254,0.0026325558534909042,0.005017829526216474,0.6558923867451502,-0.02055676475719193,0.04155325910185704,Champagnie
2025,1630578,1142,1.0113835376532399,1.0289925062117502,-0.01760896855851035,0.0008922892311131975,0.005017829526216474,0.8490234684359618,-0.014950427561126257,0.02752407124405444,Sengun
2025,1630579,71,1.267605633802817,1.4575352555743364,-0.1899296217715194,0.008963184471889119,0.005017829526216474,0.358903118679116,-0.06816633358334324,0.0567178530998594,Sims
2025,1630581,797,1.0589711417816814,1.0680841958709608,-0.009113054089279427,0.00166479883715923,0.005017829526216474,0.750876639155456,-0.006842779427000021,0.035356167152507265,Giddey
2025,1630583,644,1.1583850931677018,1.1009724158497236,0.05741267731797817,0.002294647265855163,0.005017829526216474,0.6862010873876448,0.03939664160543259,0.039681096872451735,Aldama
2025,1630585,27,0.9259259259259259,0.95245448082705,-0.026528554901124046,0.047557862623053795,0.005017829526216474,0.09544010399273686,-0.002531888038540308,0.06737156191165934,Garrett
2025,1630590,592,1.1097972972972974,1.0580105878166195,0.05178670948067787,0.002269700472803025,0.005017829526216474,0.6885501022831602,0.03565774410982905,0.03953229683057462,Pippen Jr.
2025,1630591,477,0.9853249475890985,1.0297632103968533,-0.04443826280775476,0.0031478696919716555,0.005017829526216474,0.6145009009197708,-0.027307352530674844,0.04398145929473718,Suggs
2025,1630592,619,0.9919224555735057,1.0659104835697468,-0.07398802799624116,0.0026026288034489554,0.005017829526216474,0.6584682061291159,-0.048718764069715724,0.041397443392400465,Wilson
2025,1630595,1453,1.0440467997247076,0.9880914214238017,0.05595537830090591,0.0008659216009245772,0.005017829526216474,0.8528283093195117,0.04772033067369528,0.027175033669155815,Cunningham
2025,1630596,905,1.2099447513812154,1.1997389368833538,0.01020581449786162,0.00122857566860667,0.005017829526216474,0.8033147658072388,0.008198481483221831,0.03141548942008128,Mobley
2025,1630598,727,1.1554332874828062,1.102546509201699,0.052886778281107105,0.0019924827779478063,0.005017829526216474,0.7157783146459499,0.03785520902510487,0.03776474499795492,Wiggins
2025,1630600,7,0.7142857142857143,1.0573100915684426,-0.3430243772827283,0.20758844080935196,0.005017829526216474,0.023601512402698904,-0.00809589409486638,0.069995722443724,Mobley
2025,1630604,15,1.2666666666666666,0.9877615909794205,0.2789050756872461,0.10838372152521891,0.005017829526216474,0.044248332405440766,0.01234108449857388,0.06925170710810392,Liddell
2025,1630611,178,1.1123595505617978,1.1191715679115752,-0.006812017349777433,0.008774057987751256,0.005017829526216474,0.363824713704681,-0.002478380262034094,0.05649972686148022,Santos
2025,1630618,7,0.2857142857142857,1.038717733799387,-0.7530034480851012,0.19842369835415924,0.005017829526216474,0.024664725921479384,-0.01857262366494795,0.06995760241911982,Carton
2025,1630623,52,0.9038461538461539,1.122979501229097,-0.2191333473829432,0.03675239758575735,0.005017829526216474,0.12012933309567919,-0.026324342880136766,0.06644577497211,Etienne
2025,1630625,505,0.9267326732673268,1.0478896641160378,-0.12115699084871101,0.00279159275760557,0.005017829526216474,0.6425353046423654,-0.0778476440245288,0.04235205901659937,Banton
2025,1630631,520,0.9980769230769231,1.0430975515395853,-0.04502062846266219,0.0031258483970882114,0.005017829526216474,0.6161625709505283,-0.027740026179362467,0.043886567247296296,Alvarado
2025,1630639,190,1.0157894736842106,1.148037885658819,-0.13224841197460835,0.007872303841717037,0.005017829526216474,0.3892767734040063,-0.051481235101279284,0.05535797177245181,Lawson
2025,1630643,305,1.2950819672131149,1.194951985574557,0.10012998163855791,0.005251046542830709,0.005017829526216474,0.4886444721386206,0.0489279620230229,0.050654662826800465,Huff
2025,1630644,2,0.0,0.9372746809823729,-0.9372746809823729,0.7400101642888139,0.005017829526216474,0.006735088570997053,-0.0063126279917692886,0.07059769117983422,McClung
2025,1630649,26,0.5,1.0032825545383657,-0.5032825545383657,0.06067269997798331,0.005017829526216474,0.0763858894743065,-0.03844368558531423,0.0680774423331693,Umude
2025,1630658,98,0.9591836734693877,1.0940038881359235,-0.13482021466653582,0.011023420246686764,0.005017829526216474,0.31280789198186754,-0.04217282714638193,0.05872148541885095,Castleton
2025,1630678,1,0.0,0.5878294639351853,-0.5878294639351853,0.8301154492000433,0.005017829526216474,0.0060084176430732555,-0.0035319249222264615,0.07062351103394125,Taylor
2025,1630692,144,1.0555555555555556,1.018694659351797,0.03686089620375865,0.01039866774909607,0.005017829526216474,0.3254844104083134,0.011997647068002422,0.05817735161853346,Goodwin
2025,1630695,135,1.0740740740740742,1.1642557961470923,-0.09018172207301811,0.01305001914036518,0.005017829526216474,0.277721471925845,-0.025045400594926055,0.060201914623396066,Potter
2025,1630696,61,1.278688524590164,1.0637713792892651,0.2149171453008989,0.024283773741601764,0.005017829526216474,0.171247609912442,0.03680404746198395,0.06448672896731406,Smith
2025,1630699,65,0.9846153846153847,1.0530978638718136,-0.06848247925642892,0.021625661125222854,0.005017829526216474,0.1883322869312322,-0.012897461933083927,0.06381857265806767,Beauchamp
2025,1630700,917,1.0796074154852782,1.0756300922978204,0.003977323187457804,0.0012962907983748231,0.005017829526216474,0.7946996997624163,0.0031607775429308136,0.03209613541025235,Daniels
2025,1630702,413,1.055690072639225,1.0379680370786786,0.017722035560546523,0.003556050027715775,0.005017829526216474,0.5852460947990739,0.010371752103700168,0.04561978070564123,Hardy
2025,1630703,681,0.9926578560939795,1.0445252159544867,-0.05186735986050717,0.0020866553130958953,0.005017829526216474,0.7062904122830306,-0.03663341897990992,0.03838990285711956,Henderson
2025,1630762,21,0.2857142857142857,1.1363897689470452,-0.8506754832327595,0.06849667582887853,0.005017829526216474,0.06825631896697115,-0.058063977120917556,0.0683763917851268,Wheeler
2025,1630811,161,0.9751552795031055,1.0230875991683817,-0.04793231966527611,0.009336453235510028,0.005017829526216474,0.349570202113877,-0.01675571067317753,0.057129203080071064,Wallace
2025,1631093,410,1.0804878048780489,1.0419308091401676,0.038556995737881294,0.0032794098127990404,0.005017829526216474,0.6047589229614594,0.023317687215070673,0.044533721451699815,Ivey
2025,1631094,906,1.0055187637969094,1.0201835040186247,-0.014664740221715267,0.0013886698450030668,0.005017829526216474,0.7832404618282637,-0.011486017903847779,0.03297972726884177,Banchero
2025,1631095,566,1.0494699646643109,1.0717901377630126,-0.022320173098701712,0.0026351957945012585,0.005017829526216474,0.6556661341015766,-0.014634581608103759,0.04156691760500618,Smith Jr.
2025,1631096,340,1.111764705882353,1.1012171672302222,0.010547538652130761,0.003744767606527113,0.005017829526216474,0.5726418150009575,0.006039961677548912,0.04630778032856333,Holmgren
2025,1631097,850,1.035294117647059,1.071592669113217,-0.03629855146615801,0.0015279386560872244,0.005017829526216474,0.7665761124541556,-0.0278256024706445,0.0342239868374766,Mathurin
2025,1631098,78,0.9102564102564102,1.1091363364827895,-0.1988799262263793,0.016776981407866425,0.005017829526216474,0.23023046822441354,-0.04578821853553613,0.062149596015785714,Davis
2025,1631099,819,1.0769230769230769,1.0966817283024923,-0.01975865137941546,0.0018698480982900932,0.005017829526216474,0.7285227038447448,-0.014394626127257448,0.0369083566735943,Murray
2025,1631101,1100,1.040909090909091,1.0748338376797402,-0.03392474677064916,0.0012684744056112966,0.005017829526216474,0.7982161824551677,-0.027079281858025852,0.03182006910094849,Sharpe
2025,1631102,45,0.7111111111111111,0.9749059504123576,-0.2637948393012465,0.033075722983553935,0.005017829526216474,0.13172385339827464,-0.03474807273933881,0.06600652759634915,Washington Jr.
2025,1631103,190,1.0947368421052632,1.0399479309652293,0.054788911140033925,0.007439119509464747,0.005017829526216474,0.4028136834985509,0.022069723111191854,0.05474101872995631,Branham
2025,1631104,186,0.9623655913978495,1.1503622014951558,-0.18799661009730628,0.0065636331678490855,0.005017829526216474,0.43326388546652683,-0.08145214174529461,0.053327152643651086,Wesley
2025,1631105,546,1.3846153846153846,1.3126064836672564,0.07200890094812817,0.0014180201600015394,0.005017829526216474,0.7796685396431577,0.05614307464353589,0.03325034898061909,Duren
2025,1631106,557,1.0897666068222622,1.141677341042003,-0.051910734219740684,0.0022572903390629725,0.005017829526216474,0.6897246532203676,-0.03580411315812531,0.03945768361584211,Eason
2025,1631107,377,1.1193633952254642,1.0814598266244142,0.03790356860105004,0.004162481265129493,0.005017829526216474,0.5465860187376932,0.020717560657598978,0.047698575060240174,Jović
2025,1631108,587,1.0545144804088586,1.0800531120740717,-0.025538631665213085,0.002597958155496644,0.005017829526216474,0.6588720347686674,-0.016826690210466465,0.041372961897305924,Christie
2025,1631109,447,1.2080536912751678,1.2412309496135994,-0.03317725833843155,0.001811742941369061,0.005017829526216474,0.7347208848038524,-0.02437602460177842,0.036484590951795126,Williams
2025,1631110,467,1.1284796573875804,1.240521704806092,-0.11204204741851154,0.0022156811463977873,0.005017829526216474,0.6936921438733401,-0.0777226880777057,0.03920459927845738,Sochan
2025,1631111,126,1.0476190476190477,1.1307132715877437,-0.08309422396869603,0.010149778202874332,0.005017829526216474,0.3308253757507519,-0.027489677867161,0.057946563209155824,Moore Jr.
2025,1631114,1166,1.0728987993138936,1.0333892731412786,0.03950952617261505,0.0010589711692505467,0.005017829526216474,0.8257354120498828,0.032624414874039914,0.02957076249930066,Williams
2025,1631115,261,0.9540229885057471,1.0867841172705979,-0.1327611287648508,0.004298825005238065,0.005017829526216474,0.5385870549643615,-0.07150342535520537,0.04811747602876034,Robinson
2025,1631116,35,1.457142857142857,1.115470539098188,0.341672318044669,0.045520922113925874,0.005017829526216474,0.0992867722959518,0.03392354164153108,0.06722815949159336,Baldwin Jr.
2025,1631117,418,1.3444976076555024,1.2679139979514216,0.07658360970408085,0.0021952656717018795,0.005017829526216474,0.6956555249214765,0.05327581120907385,0.03907874989287489,Kessler
2025,1631119,220,1.1590909090909092,1.089950677923993,0.06914023116691626,0.007693941672466537,0.005017829526216474,0.3947388171001961,0.027292333064862635,0.055109866944380706,Williams
2025,1631120,34,0.8235294117647058,1.0075779948348438,-0.18404858307013794,0.044426623466181335,0.005017829526216474,0.10148417512047257,-0.01867801863496472,0.06714610365354973,Davison
2025,1631121,14,0.5714285714285714,0.9722518763941059,-0.40082330496553453,0.0847038162826215,0.005017829526216474,0.055926632653479434,-0.02241669773576101,0.06882731447315071,McGowens
2025,1631123,12,1.0833333333333333,1.0881211074089092,-0.004787774075575957,0.11195491619650122,0.005017829526216474,0.0428974244830601,-0.0002053831768489725,0.06930063176513424,Bouyea
2025,1631124,486,1.0576131687242798,1.0463465301700925,0.011266638554187303,0.00322710733081475,0.005017829526216474,0.6085952643697089,0.006856822869443576,0.044317064875131665,Strawther
2025,1631127,4,1.0,0.9419111645717138,0.058088835428286245,0.3000771970909249,0.005017829526216474,0.016446775884397694,0.0009553740576746846,0.07025170751357349,Ingram
2025,1631128,820,1.2695121951219512,1.1810942860940044,0.08841790902794688,0.0014185223204042626,0.005017829526216474,0.7796077103601746,0.06893128361211188,0.03325493855512545,Braun
2025,1631131,70,1.2,1.0346909914960947,0.16530900850390529,0.01309606582927743,0.005017829526216474,0.27701548605306353,0.04579315533965934,0.06023132939824758,Tshiebwe
2025,1631132,66,1.2121212121212122,1.3699444677810446,-0.15782325565983246,0.011689791840148239,0.005017829526216474,0.3003317717217497,-0.04739933799121214,0.05925213831086751,Koloko
2025,1631133,228,1.1578947368421053,1.1214097113666393,0.03648502547546606,0.00548844993438015,0.005017829526216474,0.47760289882214163,0.017425353930682275,0.051198628875196966,Walker
2025,1631157,270,1.1592592592592592,1.0613487793669774,0.09791047989228185,0.005244511364380025,0.005017829526216474,0.48895564664143726,0.04787388200870411,0.05063924807388832,Rollins
2025,1631159,15,0.8,1.0944272920849925,-0.2944272920849924,0.08760681113984888,0.005017829526216474,0.05417380828830403,-0.015950247676256874,0.06889117934423704,Miller
2025,1631165,463,1.2742980561555075,1.1004966620092094,0.17380139414629814,0.003691832454128679,0.005017829526216474,0.576122189074624,0.10013083965978682,0.04611883124244755,Ellis
2025,1631166,101,0.9801980198019802,1.0599781920023343,-0.07978017220035416,0.013063159995017136,0.005017829526216474,0.27751963023504495,-0.022140563889130497,0.06021032578817679,Timme
2025,1631169,90,1.1333333333333333,1.2165431037008823,-0.08320977036754895,0.015281544487200063,0.005017829526216474,0.2471913430877239,-0.020568734895175515,0.06146108936754852,Minott
2025,1631170,458,1.0109170305676856,1.0462293208949303,-0.0353122903272447,0.0026417392275736623,0.005017829526216474,0.6551060102089341,-0.023133293627620812,0.04160071207789854,Jaquez Jr.
2025,1631172,125,1.048,1.142016492699248,-0.09401649269924794,0.011990739326666706,0.005017829526216474,0.29501773897725,-0.02773653310270326,0.05947672489990353,Dieng
2025,1631197,87,1.103448275862069,1.1904040606670359,-0.0869557848049669,0.015789327282642984,0.005017829526216474,0.2411588268551875,-0.02097015505183796,0.061706852490746825,Rhoden
2025,1631199,8,0.25,0.9805007301169761,-0.7305007301169761,0.21923216274130927,0.005017829526216474,0.022376052170518267,-0.01634572244769914,0.07003963385794565,Harper Jr.
2025,1631200,279,0.9354838709677419,1.1611616874254385,-0.22567781645769658,0.004867926563694387,0.005017829526216474,0.5075817651760128,-0.11454994443866587,0.04970785408712792,Murray
2025,1631204,295,1.1254237288135593,1.0248430637099772,0.1005806651035821,0.005147885520517843,0.005017829526216474,0.49360320480637765,0.049646938636685116,0.050408459517267086,Sasser
2025,1631207,268,1.0335820895522387,1.131301467077202,-0.09771937752496318,0.005018987150203711,0.005017829526216474,0.4999423311182939,-0.04885405339525871,0.05009195679673141,Terry
2025,1631209,104,0.9134615384615384,0.9657733908703308,-0.052311852408792325,0.01217196537800054,0.005017829526216474,0.29190746918018756,-0.015270220444778066,0.05960778144203157,Wong
2025,1631210,22,1.0454545454545454,1.1707930703301768,-0.12533852487563135,0.0660039497229936,0.005017829526216474,0.07065198280388453,-0.00885541530417736,0.06828843182280146,Toppin
2025,1631212,427,1.0679156908665106,1.194538301207633,-0.12662261034112232,0.0028367844694349303,0.005017829526216474,0.6388384622076303,-0.08089139367103856,0.04257049480647716,Watson
2025,1631213,463,1.0302375809935205,1.0566194739866215,-0.026381892993101008,0.003500615310920826,0.005017829526216474,0.5890546481372485,-0.015540376694245656,0.04540984166717973,Martin
2025,1631214,2,2.5,1.0665439087056683,1.4334560912943317,0.7363618492623437,0.005017829526216474,0.006768231811284307,0.009701963117177557,0.07059651331895601,Williams
2025,1631216,190,1.1789473684210525,1.082951171756551,0.09599619666450154,0.01000280099989872,0.005017829526216474,0.33406250939282256,0.032068730349910285,0.057806234983634776,Houstan
2025,1631217,280,1.1928571428571428,1.2847843321585568,-0.09192718930141397,0.002872213895341977,0.005017829526216474,0.6359698240070454,-0.058462918401482586,0.042739225139574386,Diabaté
2025,1631218,302,1.1523178807947019,1.2478062126725107,-0.09548833187780881,0.0026489522059723993,0.005017829526216474,0.6544896804808188,-0.06249612782035347,0.04163786597432481,Jackson-Davis
2025,1631221,156,1.1217948717948718,1.0225620438757805,0.09923282791909127,0.010105613503318834,0.005017829526216474,0.3317914787272257,0.032924606713559616,0.05790471869987778,Gillespie
2025,1631222,333,1.132132132132132,1.0909113030319153,0.04122082910021674,0.004133596259570186,0.005017829526216474,0.54831122971131,0.02260184349365959,0.04760774357407627,LaRavia
2025,1631223,125,1.064,1.0473052619228147,0.016694738077185356,0.011670534736069894,0.005017829526216474,0.3006783317617381,0.00501974599424726,0.059237462092909685,Roddy
2025,1631230,113,1.1238938053097345,1.190995587298021,-0.06710178198828642,0.009962263729258732,0.005017829526216474,0.33496650792761007,-0.022476849588336106,0.057766986181067875,Barlow
2025,1631232,109,1.1009174311926606,1.1210093233600356,-0.020091892167374947,0.012448228912226878,0.005017829526216474,0.2872903204750576,-0.005772206139715448,0.059801803263284097,Brooks Jr.
2025,1631243,171,0.9649122807017544,1.2274320907091911,-0.26251981000743674,0.008129416796463968,0.005017829526216474,0.3816639167671307,-0.1001943389164013,0.05570193044743547,Gueye
2025,1631245,122,1.0737704918032787,1.1881113578948523,-0.11434086609157368,0.010175486731935681,0.005017829526216474,0.3302655879044246,-0.03776285336123467,0.057970795300188956,Jackson
2025,1631246,165,0.9696969696969697,1.0511758067631634,-0.08147883706619363,0.009614283680733256,0.005017829526216474,0.3429326615538475,-0.027941754455422064,0.05741996074160602,Williams Jr.
2025,1631247,20,0.5,1.299066613748001,-0.7990666137480009,0.06380333445166783,0.005017829526216474,0.07291114006483462,-0.058260857796113605,0.06820537995502292,Travers
2025,1631248,110,0.9454545454545454,1.059522498314977,-0.11406795286043148,0.016247802051118983,0.005017829526216474,0.2359595814480483,-0.026915426413583115,0.06191788571513708,Scheierman
2025,1631250,31,1.1935483870967742,1.0904820687471546,0.10306631834961966,0.05565706270467431,0.005017829526216474,0.08270026269056639,0.008523611602063089,0.06784433437113148,Nance
2025,1631255,235,1.2382978723404254,1.1964981038200113,0.041799768520414116,0.0049697062051332975,0.005017829526216474,0.5024091689070069,0.021000586962846526,0.049968249561426654,Matković
2025,1631260,421,1.2256532066508314,1.0816173220522909,0.14403588459854055,0.004540882281795391,0.005017829526216474,0.5249483012983673,0.07561139294601153,0.04882344150328144,Green
2025,1631288,158,1.0253164556962024,1.0837182247019423,-0.0584017690057399,0.009452695096822155,0.005017829526216474,0.3467621013703643,-0.020251520144176978,0.057252392224145444,Cain
2025,1631301,28,1.0714285714285714,1.040875525667677,0.03055304576089446,0.054033903336895124,0.005017829526216474,0.08497345095440897,0.0025961977354711785,0.06776021867639546,Sims
2025,1631303,21,0.8571428571428571,1.01679439304776,-0.159651535904903,0.06978922558159441,0.005017829526216474,0.06707695576286017,-0.01070893901136586,0.0684196521261317,Minaya
2025,1631306,63,0.9365079365079365,1.0783081894503892,-0.1418002529424527,0.028584299595259554,0.005017829526216474,0.14933070187535954,-0.02117513129799998,0.06533386197964777,Swider
2025,1631311,76,0.9868421052631579,1.060430677453846,-0.07358857219068804,0.020517762350360742,0.005017829526216474,0.19650335697991514,-0.014460401470829028,0.06349652887805758,Quinones
2025,1631321,30,0.9666666666666667,1.0904548115772537,-0.12378814491058698,0.045133601367853354,0.005017829526216474,0.10005356650371881,-0.012385445389183396,0.06719953709670066,Cissoko
2025,1631323,371,1.013477088948787,1.0859647276714817,-0.0724876387226947,0.00437314236864048,0.005017829526216474,0.534324836917522,-0.0387319457390401,0.04833920337511708,Fontecchio
2025,1631342,25,1.64,1.2140977994354514,0.4259022005645485,0.0651691326004924,0.005017829526216474,0.07149233097106783,0.030448741084066814,0.06825755047591299,Plowden
2025,1631386,9,0.5555555555555556,0.9087287891256215,-0.3531732335700659,0.141119177334757,0.005017829526216474,0.03433647392949655,-0.012126723527074564,0.06960987683875676,Moore
2025,1631466,62,0.967741935483871,0.9697009610189792,-0.001959025535108183,0.022608178088873318,0.005017829526216474,0.18163426276171915,-0.0003558261588007572,0.0640813526664205,Williams
2025,1641705,851,1.1257344300822563,1.078796779044612,0.046937651037644246,0.0016575380192041277,0.005017829526216474,0.751693370001593,0.03528272108844557,0.03529816340209949,Wembanyama
2025,1641706,486,1.02880658436214,1.0511815521830903,-0.022374967820950387,0.0032605083215687565,0.005017829526216474,0.6061397370438237,-0.013562357111354884,0.04445586189317315,Miller
2025,1641707,18,0.6111111111111112,1.1282459612582627,-0.5171348501471515,0.09480511416947204,0.005017829526216474,0.050267296679943535,-0.025994970935885008,0.06903330211378252,Hendricks
2025,1641708,695,1.1525179856115109,1.1449207737364642,0.007597211875046694,0.0014237167861466179,0.005017829526216474,0.7789790343641378,0.005918068770283635,0.0333023351625754,Thompson
2025,1641709,456,1.1030701754385965,1.206224052956792,-0.10315387751819549,0.0020165380279949146,0.005017829526216474,0.7133305855211336,-0.07358281584882968,0.03792701217121175,Thompson
2025,1641710,619,0.9466882067851373,1.0297341348741809,-0.08304592808904354,0.002053520822580615,0.005017829526216474,0.7095999036549022,-0.05892938257091723,0.03817300325958831,Black
2025,1641711,646,0.9969040247678018,1.0977363379511762,-0.10083231318337438,0.002304671230910761,0.005017829526216474,0.6852617285607587,-0.0690965252268189,0.03974044528510167,Dick
2025,1641712,142,0.9295774647887324,1.073848648501084,-0.1442711837123517,0.00984175323036244,0.005017829526216474,0.33768307013835136,-0.04871793624848104,0.05764888070355595,Rupert
2025,1641713,199,0.9045226130653267,1.087248233509379,-0.18272562044405227,0.0072116727474045225,0.005017829526216474,0.41030529402982474,-0.07497328942307903,0.0543965762440127,Jackson
2025,1641715,403,1.0496277915632755,1.1126172517941066,-0.06298946023083118,0.0034773084313532753,0.005017829526216474,0.590670752055915,-0.037206031846141206,0.04532046321782042,Whitmore
2025,1641716,359,1.1559888579387188,1.0878386905841642,0.06815016735455459,0.0041245235289349095,0.005017829526216474,0.548855365347011,0.037404585001844,0.047579059136934526,Walker
2025,1641717,489,1.100204498977505,1.1162555217903098,-0.016051022812804794,0.0028419249039305632,0.005017829526216474,0.6384206492470024,-0.010247304405229283,0.04259511171811356,Wallace
2025,1641718,919,0.970620239390642,1.0001622660226817,-0.029542026632039642,0.0016991520727307904,0.005017829526216474,0.7470363663052026,-0.02206896822849042,0.03562763520376792,George
2025,1641720,98,0.8979591836734694,0.9971047002246171,-0.09914551655114767,0.015129803906657266,0.005017829526216474,0.24905304848504783,-0.024692493140688093,0.06138504529552762,Hood-Schifino
2025,1641721,108,1.0092592592592593,1.0635527051729785,-0.05429344591371921,0.013513201139810296,0.005017829526216474,0.2707798404012001,-0.014701570619348079,0.0604905153552782,Lewis
2025,1641722,556,0.9424460431654677,1.064226361327882,-0.1217803181624143,0.0029160210714114874,0.005017829526216474,0.6324582829574191,-0.07702097092300875,0.04294486791099215,Hawkins
2025,1641723,46,0.8695652173913043,1.0662536455311724,-0.1966884281398681,0.030172710297264295,0.005017829526216474,0.14259029703398707,-0.02804586139161181,0.0655921925506943,Bufkin
2025,1641724,260,0.9653846153846154,1.0573246020275535,-0.09193998664293812,0.006594427765946644,0.005017829526216474,0.4321149109917593,-0.03972863914479675,0.05338118176964257,Howard
2025,1641725,41,0.7073170731707317,0.9584625448509995,-0.2511454716802678,0.03479882505455221,0.005017829526216474,0.1260233834070045,-0.03165020206849538,0.06622284856424637,Alexander
2025,1641726,191,1.4031413612565444,1.3227835294127859,0.08035783184375855,0.003907748018145071,0.005017829526216474,0.5621854161567763,0.045176001136539655,0.046870875240566025,Lively II
2025,1641727,96,1.15625,1.0672640753253635,0.08898592467463651,0.018810873139005677,0.005017829526216474,0.21057921602840618,0.01873858625554776,0.06293789731490575,Whitehead
2025,1641729,598,1.1822742474916388,1.039791369791187,0.14248287770045187,0.002772782013101933,0.005017829526216474,0.6440867319454974,0.09177133105627402,0.0422600533035168,Sensabaugh
2025,1641730,371,0.9514824797843666,1.105325721701916,-0.15384324191754928,0.004623056143789145,0.005017829526216474,0.5204739168132412,-0.08007139469607388,0.049052830079471,Clowney
2025,1641731,624,0.9439102564102564,1.1084642691836013,-0.16455401277334492,0.0020700678472722225,0.005017829526216474,0.7079433098149776,-0.11649491244609789,0.038281727799819365,Coulibaly
2025,1641732,129,1.0387596899224807,1.0082557316690306,0.030503958253450092,0.010450300892574734,0.005017829526216474,0.32439793241726517,0.00989542098796178,0.05822418743691959,Jones
2025,1641733,566,0.9681978798586572,1.0165092297990104,-0.04831134994035313,0.002756731370056041,0.005017829526216474,0.6454164541462727,-0.03118094017352246,0.042181035856121006,Smith Jr.
2025,1641734,38,0.9736842105263158,1.0159751215627322,-0.042290911036416357,0.04690727083100546,0.005017829526216474,0.09663591387779717,-0.004086820836728713,0.06732701526332169,Bates
2025,1641736,107,0.719626168224299,1.0105588143501765,-0.29093264612587744,0.012837609463554939,0.005017829526216474,0.2810252679360595,-0.08175942482887148,0.060064071117049825,Beekman
2025,1641737,192,1.40625,1.3589271553994309,0.047322844600569125,0.0038406444499589926,0.005017829526216474,0.5664440105272915,0.02680574188510616,0.046642363203896045,Bona
2025,1641738,72,1.0,1.0950690721871934,-0.0950690721871934,0.01812500155183939,0.005017829526216474,0.21682003853773976,-0.02061287989537444,0.06268862364868454,Brown
2025,1641739,715,1.1062937062937064,1.1467577217568623,-0.04046401546315592,0.002064753820370825,0.005017829526216474,0.7084744761435509,-0.028667722157923934,0.03824690028293294,Camara
2025,1641740,118,1.1355932203389831,1.1223023924111515,0.01329082792783165,0.011839232548158982,0.005017829526216474,0.2976692797402765,0.003956271176429599,0.05936476922626856,Clark
2025,1641741,459,0.8910675381263616,1.0768581121964462,-0.1857905740700846,0.003052735279101183,0.005017829526216474,0.6217445305575453,-0.11551427325722159,0.04356628814830594,Council IV
2025,1641744,433,1.2009237875288683,1.2016441405684795,-0.0007203530396111546,0.0022452719212443604,0.005017829526216474,0.690865956164043,-0.000497667391486635,0.03938504707016056,Edey
2025,1641745,96,0.6666666666666666,1.0345569398467094,-0.36789027318004275,0.0185194376934843,0.005017829526216474,0.2131865810664941,-0.07842926954687185,0.06283387307136078,Flagler
2025,1641748,197,1.1065989847715736,1.1941015066551244,-0.08750252188355079,0.006600887382916133,0.005017829526216474,0.43187466959215887,-0.03779012272693915,0.05339247191797693,Jackson Jr.
2025,1641752,10,1.4,1.0924644302637985,0.30753556973620144,0.13461361925502235,0.005017829526216474,0.03593624194272974,0.01105167264003537,0.06955219328198778,Klintman
2025,1641753,27,0.6666666666666666,1.1374915070386828,-0.4708248403720162,0.044518125245495956,0.005017829526216474,0.10129671567533632,-0.04769300998804974,0.06715310771209339,Livingston
2025,1641755,7,0.5714285714285714,0.8662105061363846,-0.2947819347078132,0.1579254519007423,0.005017829526216474,0.03079494583804472,-0.009077793713361143,0.06973740558503805,McCullar Jr.
2025,1641757,134,0.9253731343283582,1.0469652484338026,-0.12159211410544435,0.009223676884468299,0.005017829526216474,0.352338396059831,-0.042841570457436216,0.05700750406084887,Miller
2025,1641763,287,1.0662020905923344,1.2188494603276476,-0.15264736973531323,0.00520192077777106,0.005017829526216474,0.49099335863994853,-0.07494884475389547,0.050538189065861334,Phillips
2025,1641764,625,1.08,1.0123224268865936,0.0676775731134065,0.002388609846139705,0.005017829526216474,0.6774955243601992,0.04585125288389306,0.040227757583568516,Podziemski
2025,1641765,174,0.8735632183908046,1.1106894857577898,-0.23712626736698517,0.007082493640909849,0.005017829526216474,0.41468557962556846,-0.09833284362752576,0.05419416924979203,Prosper
2025,1641766,7,1.1428571428571428,1.2928042547800354,-0.14994711192289256,0.11285540604540703,0.005017829526216474,0.04256971060379081,-0.006383205160431767,0.06931249508873766,Sanogo
2025,1641767,287,1.0731707317073171,1.1306671248552718,-0.05749639314795463,0.006092849184215028,0.005017829526216474,0.4516222327179145,-0.02596664944670627,0.05245632614078797,Sheppard
2025,1641772,32,0.875,1.175045939212404,-0.30004593921240397,0.038600676574298456,0.005017829526216474,0.11503900465213862,-0.03451698619691104,0.06663770263151648,Tomlin
2025,1641774,240,1.1583333333333334,1.030977531892127,0.1273558014412064,0.005748666243060562,0.005017829526216474,0.46605967565929934,0.05935540351301878,0.051761197095066956,Vukcevic
2025,1641775,83,0.9036144578313253,1.0984299750603703,-0.194815517229045,0.020033669689101575,0.005017829526216474,0.2003005681651284,-0.03902165878836107,0.0633463133983309,Walsh
2025,1641779,7,0.8571428571428571,1.0607735406625718,-0.2036306835197147,0.2926048035264039,0.005017829526216474,0.016859704098274374,-0.003433153069471746,0.07023695896882837,Bridges
2025,1641783,482,0.991701244813278,1.0966954480799613,-0.1049942032666833,0.0030748838932473386,0.005017829526216474,0.6200429035517402,-0.06510091064957592,0.04366417223827286,da Silva
2025,1641787,220,0.9636363636363636,1.027961371292274,-0.06432500765591032,0.006076251022656294,0.005017829526216474,0.4522979172642043,-0.029094066990772233,0.05242399910653453,Evbuomwan
2025,1641789,23,0.9565217391304348,1.0036441480585305,-0.047122408928095716,0.06546424989972609,0.005017829526216474,0.07119298362201194,-0.0033547848870476675,0.06826855257685266,Gortman
2025,1641790,24,1.25,1.1589246847904529,0.09107531520954715,0.04951084069568847,0.005017829526216474,0.09202185759888089,0.008380919686986139,0.06749873726300012,Hall
2025,1641794,133,0.8872180451127819,1.0829750459265772,-0.19575700081379532,0.010812811693068412,0.005017829526216474,0.3169694427856627,-0.06204898746934122,0.05854341036613935,Jones
2025,1641796,203,1.0344827586206897,1.1570360185802482,-0.12255325995955846,0.007028217469551796,0.005017829526216474,0.41655403868001,-0.05105005538955524,0.05410759994366041,Larsson
2025,1641798,74,0.9324324324324325,1.0293430982891707,-0.09691066585673824,0.017106979640807658,0.005017829526216474,0.2267965110268741,-0.021979000897599445,0.06228806704933895,Martin
2025,1641801,8,1.0,1.284363978379719,-0.28436397837971894,0.11890572644625405,0.005017829526216474,0.0404913294073903,-0.011514275520169214,0.06938768578040569,Miller
2025,1641803,8,0.25,0.9026997924043066,-0.6526997924043066,0.15956937920488024,0.005017829526216474,0.030487360256620098,-0.019899093710451246,0.0697484705907191,Newton
2025,1641809,41,1.146341463414634,1.087791829771691,0.058549633642942966,0.045088099976258275,0.005017829526216474,0.10014442554086621,0.005863419426800697,0.06719614476182044,Peterson
2025,1641810,247,1.1214574898785425,1.08210186354113,0.03935562633741263,0.006168069303649557,0.005017829526216474,0.44858527710075585,0.01765435454604205,0.05260137904802784,Reeves
2025,1641815,2,0.0,0.9734731846020228,-0.9734731846020228,0.7670572104122093,0.005017829526216474,0.006499147448953477,-0.006326745764330854,0.07060607560438323,Stevens
2025,1641816,120,0.9416666666666667,1.092467317940591,-0.1508006512739244,0.013212180923119064,0.005017829526216474,0.2752510504676846,-0.04150803767435867,0.06030478155219224,Tyson
2025,1641817,9,0.8888888888888888,1.1013329703050074,-0.2124440814161186,0.10689814754916414,0.005017829526216474,0.04483568528233223,-0.009525075974467258,0.06923042467570625,Watson
2025,1641824,555,1.0810810810810811,1.1807651565747075,-0.09968407549362635,0.002551046963390795,0.005017829526216474,0.6629556623240442,-0.06608612229203709,0.0411245793806391,Buzelis
2025,1641842,413,1.0411622276029056,1.108602920128408,-0.06744069252550244,0.0031415866542558366,0.005017829526216474,0.6149740882473304,-0.04147427839663941,0.04395445811690737,Holland II
2025,1641854,138,1.173913043478261,1.1006282758840356,0.07328476759422542,0.009271729435296708,0.005017829526216474,0.35115356182309454,0.02573420716808995,0.057059625090465395,Porter Jr.
2025,1641857,8,0.5,1.2812038837892379,-0.7812038837892379,0.13041198335713658,0.005017829526216474,0.037051144200711386,-0.028944497748430834,0.06951196444401525,Robbins
2025,1641871,166,1.0481927710843373,1.091999716137284,-0.0438069450529468,0.009832301724098122,0.005017829526216474,0.33789799171708823,-0.014802278756651558,0.05763952642526845,Reath
2025,1641878,130,0.7384615384615385,1.012451353459789,-0.2739898149982505,0.01089839396026332,0.005017829526216474,0.3152650834840892,-0.08637942189921359,0.05861640625051069,Baugh
2025,1641879,3,0.6666666666666666,0.862632508818454,-0.19596584215178736,0.32679358715936463,0.005017829526216474,0.015122534288720041,-0.0029635001673583034,0.07029898453855014,Collins
2025,1641890,50,1.22,1.0913974738199181,0.12860252618008183,0.031064155490005272,0.005017829526216474,0.13906744664852994,0.017884424948414704,0.06572680416913594,Smith
2025,1641936,9,0.6666666666666666,1.0278950978056423,-0.3612284311389756,0.195838289035502,0.005017829526216474,0.02498220896703533,-0.00902428415154822,0.06994621548326667,Norris
2025,1641989,35,0.8285714285714286,1.071621357000459,-0.24304992842903028,0.049756279071583545,0.005017829526216474,0.09160951505503849,-0.022265686077545276,0.06751406221440781,Harkless
2025,1641998,74,1.1081081081081081,1.1654116456195354,-0.05730353751142725,0.011505026131507704,0.005017829526216474,0.30369021131469587,-0.017402523415924943,0.0591097607596129,Jemison III
2025,1642024,53,1.2641509433962264,1.1193570239105552,0.1447939194856711,0.033577393822461825,0.005017829526216474,0.13001167219280543,0.018824899595682534,0.06607157572462334,Reese
2025,1642050,17,1.1176470588235294,1.0467904993624546,0.07085655946107483,0.0890785024069329,0.005017829526216474,0.05332651574326388,0.0037785334336145203,0.06892202957683179,Rowe
2025,1642258,779,1.0731707317073171,1.15232497154802,-0.0791542398407028,0.0017869362249722527,0.005017829526216474,0.7373993036189244,-0.058368281337019566,0.036299938400856394,Risacher
2025,1642259,828,0.9142512077294686,1.0609861546148345,-0.14673494688536592,0.0016675833135603403,0.005017829526216474,0.7505638988158567,-0.1101339538268179,0.03537835261040449,Sarr
2025,1642261,555,1.1567567567567567,1.1282305616371524,0.028526195119604303,0.0028492623854461077,0.005017829526216474,0.6378252068947847,0.01819472630408261,0.04263016972162662,Knecht
2025,1642262,257,0.7821011673151751,1.0357529356533237,-0.2536517683381486,0.005964214143274592,0.005017829526216474,0.4569121811231162,-0.11589658271711888,0.052202701969236535,Williams
2025,1642263,239,0.9037656903765691,1.0287397935861848,-0.12497410320961577,0.006746500988343394,0.005017829526216474,0.4265291186783869,-0.05330509409961918,0.05364307150714782,Sheppard
2025,1642264,984,0.9563008130081301,1.0864896695128454,-0.13018885650471534,0.0012938305157430918,0.005017829526216474,0.7950094733965742,-0.10350137425191591,0.03207191165155787,Castle
2025,1642265,211,1.0,1.0068503129645858,-0.006850312964585825,0.006327581187509324,0.005017829526216474,0.44227834961900947,-0.003029745112350723,0.05290134369457846,Dillingham
2025,1642266,391,0.979539641943734,1.1044381358810935,-0.12489849393735952,0.0037219249716814694,0.005017829526216474,0.574138498675603,-0.07170903379603949,0.04622662020334642,Walter
2025,1642267,747,0.9879518072289156,1.0390012786178868,-0.0510494713889712,0.0020747125141046155,0.005017829526216474,0.7074797015921966,-0.03611646478470872,0.03831209979064486,Carrington
2025,1642268,550,0.9218181818181819,1.0146948214096265,-0.09287663959144465,0.002304035980973522,0.005017829526216474,0.6853211823255997,-0.06365032845523745,0.03973669164137217,Collier
2025,1642269,126,0.8888888888888888,1.049519690411072,-0.16063080152218312,0.011554277679768877,0.005017829526216474,0.3027876578305132,-0.048637024168339864,0.05914805725111007,Carter
2025,1642270,334,1.1197604790419162,1.2356123614075245,-0.11585188236560828,0.002984290899023013,0.005017829526216474,0.627062485886833,-0.07264636935084728,0.043258951325139884,Clingan
2025,1642271,517,1.1547388781431334,1.07147269383924,0.08326618430389332,0.0027077163400468477,0.005017829526216474,0.6495113242585004,0.054082329633174116,0.04193676699198697,Filipowski
2025,1642272,274,1.1058394160583942,1.0457392936384895,0.0601001224199047,0.005462759532487323,0.005017829526216474,0.4787736164552054,0.028774352960378342,0.05114122737277726,McCain
2025,1642273,542,0.959409594095941,1.0832511263170432,-0.12384153222110228,0.00306793008850026,0.005017829526216474,0.620576144396331,-0.07685310058190564,0.043633521810633,George
2025,1642274,491,1.0957230142566192,1.267183826373657,-0.1714608121170378,0.0016278931580261927,0.005017829526216474,0.7550464809664708,-0.12946088281262258,0.0350590216685673,Missi
2025,1642275,345,0.8289855072463768,1.0807042131061446,-0.25171870585976786,0.004602991811134028,0.005017829526216474,0.521559371104416,-0.131286249923438,0.04899728068182805,Salaün
2025,1642276,462,1.1883116883116882,1.2363188285515716,-0.048007140239883395,0.0023380363076983255,0.005017829526216474,0.6821534866883209,-0.032748238100571654,0.03993619435174439,Ware
2025,1642277,92,0.9239130434782609,1.1412420638866787,-0.21732902040841784,0.016421492456342404,0.005017829526216474,0.23404795778049942,-0.05086541339302667,0.06199529637895779,Furphy
2025,1642278,81,0.8395061728395061,1.0365052932344623,-0.19699912039495615,0.019617931272516324,0.005017829526216474,0.2036807211764525,-0.04012492291317146,0.06321229618971458,Kolek
2025,1642279,5,0.8,1.1169426251496266,-0.31694262514962657,0.16760066486707415,0.005017829526216474,0.02906889869392528,-0.009213173062261229,0.06979947527063152,Chomche
2025,1642280,11,0.7272727272727273,0.9681162409240358,-0.24084351365130852,0.10456656083487262,0.005017829526216474,0.04578963764531002,-0.011028137219316695,0.06919584474840294,Flowers
2025,1642281,149,0.9932885906040269,1.0852341076614815,-0.09194551705745468,0.00899113450553062,0.005017829526216474,0.35818705186515404,-0.03293369368702693,0.05674951948218657,Tyson
2025,1642285,82,1.0609756097560976,1.0560929235687555,0.004882686187342111,0.020422853692586063,0.005017829526216474,0.19723642966113145,0.0009630435907470804,0.06346755663972994,Spencer
2025,1642345,186,1.2150537634408602,1.1773773384482102,0.037676424992650004,0.004420009354579819,0.005017829526216474,0.5316714546193977,0.020031479680700858,0.04847672434252131,Ighodaro
2025,1642346,477,1.0314465408805031,1.1131599877175284,-0.0817134468370253,0.003256771743684067,0.005017829526216474,0.6064134527507918,-0.04955213343260879,0.044440411765741684,Dunn
2025,1642347,500,0.96,1.0377222850510681,-0.07772228505106815,0.0028747037616807048,0.005017829526216474,0.6357691938925458,-0.04941343451440426,0.04275100107884739,Shead
2025,1642348,378,1.0925925925925926,1.0941492996077609,-0.0015567070151683016,0.00397944712976,0.005017829526216474,0.5577053722009718,-0.0008681838653023015,0.047110073685538746,Edwards
2025,1642349,183,1.1202185792349726,1.0113429937821523,0.10887558545282028,0.007148355616267737,0.005017829526216474,0.41244066792097855,0.04490471918444877,0.054297997798354806,Mitchell
2025,1642352,26,1.5,1.283436754403386,0.216563245596614,0.04207949472385849,0.005017829526216474,0.10654171136290162,0.023073018804167626,0.06695686209169358,Johnson
2025,1642353,24,0.6666666666666666,1.1558541519021108,-0.4891874852354442,0.06190641236933942,0.005017829526216474,0.07497775670059079,-0.036678180248956985,0.06812931766012907,Christie
2025,1642354,301,0.8006644518272426,1.0187194327078934,-0.2180549808806509,0.004748473336247953,0.005017829526216474,0.5137900797139805,-0.11203448600870011,0.049393506597026966,Simpson
2025,1642355,67,0.7611940298507462,0.9705303179459963,-0.20933628809525007,0.021894480045592683,0.005017829526216474,0.18645109268038024,-0.03903097965301425,0.06389248569409033,James
2025,1642358,210,0.8952380952380953,1.0782972147298102,-0.18305911949171494,0.0064343710595068555,0.005017829526216474,0.4381541773265704,-0.08020811790301871,0.05309657765046745,Johnson
2025,1642359,31,0.8387096774193549,1.047166526317856,-0.20845684889850113,0.052819312025774556,0.005017829526216474,0.086757910082846,-0.018085280552889577,0.06769411439238965,Dadiet
2025,1642366,273,1.1684981684981686,1.0809925554209612,0.08750561307720739,0.0061477134862036615,0.005017829526216474,0.4494030895438607,0.039325292869326664,0.05256235757964424,Post
2025,1642367,354,0.9293785310734464,1.2138011535998472,-0.2844226225264008,0.0028864570592985915,0.005017829526216474,0.6348238353872259,-0.18055826010310297,0.04280644508791247,Mogbo
2025,1642368,13,1.5384615384615385,1.3233244916576392,0.21513704680389933,0.05786595157146361,0.005017829526216474,0.07979528963791256,0.0171669229615623,0.06795167669615196,Dante
2025,1642377,676,1.0532544378698225,1.0890436909023389,-0.035789253032516344,0.0023592228871596155,0.005017829526216474,0.6801943710089593,-0.024343648455332944,0.04005908296256263,Wells
2025,1642382,97,1.1134020618556701,1.1226051164020687,-0.009203054546398581,0.017095574398434513,0.005017829526216474,0.22691348393554336,-0.002088297169972144,0.06228335529359394,Carlson
2025,1642384,11,1.0,1.0106751544554593,-0.010675154455459301,0.13367563288440798,0.005017829526216474,0.03617927939069238,-0.00038621939558285666,0.06954342578456013,Crawford
2025,1642385,7,0.2857142857142857,1.0831802488766384,-0.7974659631623527,0.20028619533659844,0.005017829526216474,0.024440970066560607,-0.019490841734751987,0.06996562659597293,Yongxi
2025,1642389,1,0.0,0.7974852407995898,-0.7974852407995898,0.9589877723059999,0.005017829526216474,0.005205187103352351,-0.004151059890523869,0.07065204020182143,Pullin
2025,1642402,37,0.8918918918918919,1.2258753062873133,-0.33398341439542145,0.032313193111679864,0.005017829526216474,0.13441446742267,-0.04489220277396547,0.06590417773428585,Freeman
2025,1642403,83,1.3373493975903614,1.1938159390775762,0.1435334585127852,0.010799596561357908,0.005017829526216474,0.31723426418652945,0.045533731097451166,0.0585320601777671,Jones
2025,1642419,347,1.1613832853025936,1.1032420431731567,0.05814124212943694,0.005127456829079151,0.005017829526216474,0.49459713116892684,0.02875649155981746,0.05035896581399454,Battle
2025,1642422,19,0.631578947368421,1.2556453790409696,-0.6240664316725486,0.0641868990208551,0.005017829526216474,0.07250703285113608,-0.04524920526257275,0.06822024330004765,Traoré
2025,1642434,1,0.0,0.9628086326490518,-0.9628086326490518,1.9614254348436186,0.005017829526216474,0.0025517286041936652,-0.0024568263282951763,0.0707462040471675,Minix
2025,1642439,5,0.6,1.0598889749713307,-0.45988897497133074,0.4108186430186271,0.005017829526216474,0.012066833617331038,-0.005549403743423966,0.07040795560306724,Olivari
2025,1642443,5,1.8,1.0273088237191828,0.7726911762808173,0.2702481756765002,0.005017829526216474,0.018229020043797804,0.01408540294008872,0.07018802897365556,Young
2025,1642449,9,1.3333333333333333,1.2439506766738686,0.08938265665946465,0.09667073388820675,0.005017829526216474,0.049345072422419124,0.004410593666169507,0.06906681087788816,Smith
2025,1642450,10,0.7,1.1172224056256908,-0.4172224056256908,0.1675571698928907,0.005017829526216474,0.02907622507956914,-0.01213125257421188,0.06979921192607619,Jenkins
2025,1642461,34,0.6764705882352942,1.0879186495011548,-0.41144806126586064,0.044221498818360114,0.005017829526216474,0.10190694501561286,-0.04192941495620057,0.06713030499402348,Jones
2025,1642484,32,0.875,1.010135660928541,-0.135135660928541,0.051909213754263606,0.005017829526216474,0.0881449173724618,-0.011911521666619263,0.06764268886760064,Dennis
2025,1642502,2,0.0,0.7964939286977097,-0.7964939286977097,0.7083810454882065,0.005017829526216474,0.007033694195431732,-0.005602294722977697,0.07058707847619322,Leons
2025,1642505,30,1.1333333333333333,1.0431926624826078,0.09014067085072552,0.05840896235559691,0.005017829526216474,0.07911214452666107,0.0071312217800727825,0.06797689513009761,Ducas
2025,1642530,30,0.9666666666666667,1.022009003437683,-0.0553423367710163,0.06002874197424444,0.005017829526216474,0.07714210619357423,-0.004269224420190287,0.06804956714075286,Kawamura
2026,2544,919,1.1131664853101197,1.0845901032021616,0.028576382107958098,0.0012757545458140281,0.004818209711840117,0.7906527685633118,0.022593995629180158,0.03175970503098371,James
2026,101108,56,0.8214285714285714,0.9692447846919194,-0.14781621326334804,0.02752797913245242,0.004818209711840117,0.14895757070590054,-0.022018344038653638,0.06403515361122229,Paul
2026,200768,25,0.48,1.01737803503492,-0.53737803503492,0.08031768328510959,0.004818209711840117,0.05659434043891154,-0.030412555459159593,0.06742051847251078,Lowry
2026,201142,1375,1.1767272727272726,0.9805426795799158,0.1961845931473568,0.0009541462030269641,0.004818209711840117,0.8347041975409905,0.16375610339297017,0.028221088581668937,Durant
2026,201143,324,1.0802469135802468,1.05226828628947,0.027978627290776936,0.0051080705280334305,0.004818209711840117,0.4853993233523192,0.013580806755269858,0.04979411589679398,Horford
2026,201144,215,0.9302325581395349,1.0770597621967741,-0.14682720405723926,0.008513966626363561,0.004818209711840117,0.3613970884883527,-0.053062924057171515,0.05547001667797472,Conley
2026,201145,67,0.8805970149253731,1.008460050797407,-0.12786303587203396,0.024162733305771903,0.004818209711840117,0.1662544144582197,-0.021257794159755348,0.06338107822892595,Green
2026,201566,839,1.0059594755661503,1.0021703407517375,0.0037891348144127868,0.0017351203129643464,0.004818209711840117,0.7352307443090936,0.0027858884098882126,0.03571713593174296,Westbrook
2026,201567,199,1.0603015075376885,1.0879189758974053,-0.02761746835971679,0.00881699601839717,0.004818209711840117,0.35336538422411234,-0.009759057318228589,0.05581774973736745,Love
2026,201569,21,1.5238095238095237,1.0263788050391693,0.4974307187703544,0.07948294051360286,0.004818209711840117,0.05715473275222205,0.02843051979406533,0.06740049126983967,Gordon
2026,201572,542,1.066420664206642,1.040400815088194,0.026019849118448013,0.0029325567906597788,0.004818209711840117,0.6216429962489612,0.016175056967937914,0.04269664377929468,Lopez
2026,201587,238,1.1932773109243697,1.1035468172258718,0.08973049369849795,0.008598488568362837,0.004818209711840117,0.35912037456708995,0.03222404850709449,0.05556880811553639,Batum
2026,201599,32,1.3125,1.3150258036476314,-0.0025258036476314416,0.02339765019157594,0.004818209711840117,0.17076246225821323,-0.0004313124500503214,0.06320949578797368,Jordan
2026,201935,1123,1.0587711487088156,1.0113667139555547,0.04740443475326095,0.001348369927702802,0.004818209711840117,0.7813423313214931,0.03703909156509052,0.03245825785212602,Harden
2026,201939,799,1.1739674593241551,1.0206777035554209,0.15328975576873427,0.002018185898708503,0.004818209711840117,0.7047880178855618,0.10803678313040808,0.0377146289823373,Curry
2026,201942,1005,1.0398009950248757,0.9084008886640457,0.13140010636083,0.0011098051724521317,0.004818209711840117,0.8127863721474727,0.10680021574881107,0.03003388952346779,DeRozan
2026,201950,709,1.0959097320169253,1.032401838108424,0.06350789390850142,0.0021521700919199128,0.004818209711840117,0.691240627840829,0.04389923645816128,0.03857029174842958,Holiday
2026,201959,26,1.0384615384615385,1.054149071143245,-0.01568753268170653,0.04526539283305637,0.004818209711840117,0.0962033373601854,-0.001509192998927147,0.06599001331610595,Gibson
2026,202066,15,0.7333333333333333,1.0349283396345312,-0.30159500630119795,0.12321751209677122,0.004818209711840117,0.037631761228654685,-0.011349551264881286,0.06809472809560638,Temple
2026,202331,513,1.0721247563352827,1.0225506211694968,0.049574135165785904,0.002951660534484528,0.004818209711840117,0.6201145655063234,0.030741643288683073,0.042782796657816036,George
2026,202685,390,1.1846153846153846,1.0457090142054997,0.13890637040988496,0.002562634368526602,0.004818209711840117,0.6527992814069475,0.09067797878642019,0.040900927547953145,Valančiūnas
2026,202687,15,1.2,1.349880130318541,-0.14988013031854108,0.04568278334331412,0.004818209711840117,0.09540821715283795,-0.01429979602032702,0.06601903447767896,Biyombo
2026,202691,728,1.0631868131868132,1.051615691123225,0.011571122063588124,0.0024267105539027595,0.004818209711840117,0.6650466168168477,0.007695335581164063,0.040173071128142154,Thompson
2026,202695,1258,1.1462639109697934,1.0192564229035754,0.12700748806621798,0.0010647579201628235,0.004818209711840117,0.8190100665571209,0.10402041125436592,0.029530449625086573,Leonard
2026,202696,799,1.1113892365456821,1.0349856318821453,0.0764036046635368,0.0016461736221158854,0.004818209711840117,0.7453471526868011,0.056947209190975144,0.03502814328610914,Vučević
2026,202699,659,1.062215477996965,1.030668498012941,0.031546979984024004,0.0020022811017141573,0.004818209711840117,0.7064315228260333,0.02228578111067647,0.037609499967557664,Harris
2026,202710,462,1.1082251082251082,1.0602446625708468,0.047980445654261406,0.002407735717315061,0.004818209711840117,0.6667929835727306,0.03199302451095422,0.04006820787860543,Butler III
2026,203076,334,1.0419161676646707,1.0597726173474245,-0.017856449682753794,0.003073068962308025,0.004818209711840117,0.6105740160494635,-0.010902684195184153,0.043316694909853966,Davis
2026,203078,48,0.8958333333333334,1.0188601971486835,-0.12302686381535011,0.029410281509339727,0.004818209711840117,0.14076605599427397,-0.01731800640063149,0.06434259346460225,Beal
2026,203083,336,1.0416666666666667,1.1930169482125672,-0.15135028154590047,0.00356863920032319,0.004818209711840117,0.5744958282069857,-0.08695010534607256,0.04527878457911151,Drummond
2026,203084,575,1.1530434782608696,1.1053170679937592,0.04772641026711044,0.0028771294767543604,0.004818209711840117,0.6261205118783261,0.029882484426558185,0.04244325365385718,Barnes
2026,203110,491,1.0407331975560081,1.0993802180676917,-0.05864702051168358,0.0033656651266797907,0.004818209711840117,0.588744305956604,-0.03452809938757387,0.04451422445791276,Green
2026,203114,540,0.9648148148148148,0.9664836498262239,-0.001668835011409131,0.0025052987883669707,0.004818209711840117,0.6579100320159214,-0.001097943295785472,0.040598783307680075,Middleton
2026,203468,1154,1.0753899480069324,1.0139600531929247,0.061429894814007735,0.0012580077265059075,0.004818209711840117,0.7929620295404795,0.04871157406617375,0.03158405230472697,McCollum
2026,203471,629,0.9300476947535771,0.975189988555647,-0.04514229380206991,0.002148780038350787,0.004818209711840117,0.6915769772315356,-0.03121937109293339,0.03854927760228589,Schröder
2026,203482,96,1.1041666666666667,1.0829691054142154,0.021197561252451314,0.015484926231914161,0.004818209711840117,0.2373135719126341,0.005030468976656071,0.06061998973027953,Olynyk
2026,203484,366,0.9699453551912568,1.0148747771471682,-0.04492942195591143,0.004066113145867523,0.004818209711840117,0.5423271743957453,-0.024366446456583608,0.04695917006476721,Caldwell-Pope
2026,203486,14,1.5714285714285714,1.4774600180916235,0.09396855333694787,0.04680539518216677,0.004818209711840117,0.09333346095711101,0.008770410304070227,0.066094701178059,Plumlee
2026,203497,491,1.3645621181262728,1.3761291594223812,-0.011567041296108416,0.0015060688874113245,0.004818209711840117,0.7618591806519107,-0.008812456604419972,0.0338734764759764,Gobert
2026,203500,139,1.0071942446043165,1.1661958290259378,-0.15900158442162127,0.0063914360886256055,0.004818209711840117,0.4298271147550386,-0.06834319227342517,0.052413858216269225,Adams
2026,203501,778,1.1825192802056554,1.0750301329006127,0.10748914730504278,0.002228637863522231,0.004818209711840117,0.6837397375651857,0.07349460136945553,0.03903598683180081,Hardaway Jr.
2026,203507,598,1.2725752508361203,1.2336327344535067,0.03894251638261359,0.001473267325231294,0.004818209711840117,0.7658312481234013,0.029823395926362968,0.03358979241527561,Antetokounmpo
2026,203552,49,1.2244897959183674,0.9619699282624486,0.2625198676559187,0.030983999811203432,0.004818209711840117,0.13457855746972683,0.03532954509627714,0.06457384919016401,Curry
2026,203648,32,0.9375,1.127384906510886,-0.18988490651088608,0.029386101554164143,0.004818209711840117,0.1408655673365055,-0.026748245084295273,0.06433886746932602,Antetokounmpo
2026,203897,547,1.1389396709323583,1.0416544917420014,0.09728517919035684,0.0026292372913605025,0.004818209711840117,0.6469612619961498,0.06293974230251483,0.04124335917582283,LaVine
2026,203903,526,1.0342205323193916,1.0450154341568805,-0.01079490183748888,0.0026719310231488793,0.004818209711840117,0.6432735888836667,-0.00694407524664836,0.04145820375402903,Clarkson
2026,203914,104,1.1538461538461537,1.0802817885516727,0.07356436529448107,0.01625219782469799,0.004818209711840117,0.2286718803841302,0.016822101741154033,0.06096245268153636,Harris
2026,203924,730,1.093150684931507,1.0685201515208655,0.024630533410641364,0.0020174491133972848,0.004818209711840117,0.7048639838564179,0.017361175904333278,0.03770977617669997,Grant
2026,203926,139,1.1223021582733812,1.0601256930027974,0.06217646527058385,0.013854582306930974,0.004818209711840117,0.2580337052432514,0.016043623712697092,0.05979087896372651,McDermott
2026,203932,398,1.1482412060301508,1.124198545319641,0.024042660710509756,0.003314804833860371,0.004818209711840117,0.5924260536810745,0.014243498604720312,0.04431452071778335,Gordon
2026,203935,476,0.9936974789915967,1.0457995208353619,-0.05210204184376521,0.0034630123725839126,0.004818209711840117,0.581823511399674,-0.030314192936632223,0.04488721442278734,Smart
2026,203937,202,1.0792079207920793,0.9861396591571167,0.09306826163496262,0.005004136913727247,0.004818209711840117,0.4905354998670498,0.045653286242863765,0.049544997753338836,Anderson
2026,203939,101,1.306930693069307,1.301119740489998,0.005810952579309081,0.008850780914491069,0.004818209711840117,0.35249199034189,0.0020483142404629975,0.05585543286582756,Powell
2026,203944,1207,1.0513670256835128,1.056271702606126,-0.004904676922613094,0.0010290141126905355,0.004818209711840117,0.8240166370280629,-0.00404153538348079,0.029119147456504825,Randle
2026,203952,821,1.118148599269184,1.062450210074038,0.055698389195145914,0.0016919697632885842,0.004818209711840117,0.7401039756657193,0.041222599281504034,0.03538691210767149,Wiggins
2026,203954,697,1.054519368723099,0.9868683852233625,0.06765098349973642,0.00171448313583075,0.004818209711840117,0.7375533832970543,0.049896211763603794,0.035560129884994976,Embiid
2026,203967,6,0.5,1.1198656201979327,-0.6198656201979327,0.2591084373162292,0.004818209711840117,0.01825586679516937,-0.011316184193238507,0.0687768065349764,Šarić
2026,203991,227,1.0440528634361232,1.2334203128652284,-0.1893674494291051,0.0037134549472970513,0.004818209711840117,0.5647443851042543,-0.10694420378660094,0.045794681250376924,Capela
2026,203992,152,0.993421052631579,1.0282808053745183,-0.03485975274293929,0.010827436548906503,0.004818209711840117,0.3079584973059585,-0.010735357071172846,0.05774427321628405,Bogdanović
2026,203994,358,1.0754189944134078,1.0155997123147014,0.05981928209870646,0.003245993353357771,0.004818209711840117,0.5974811984377879,0.03574089635802325,0.04403884647541639,Nurkić
2026,203999,1132,1.2367491166077738,0.998097933993443,0.23865118261433071,0.0010823694725322515,0.004818209711840117,0.8165655542088313,0.19487433519406394,0.02972920497081983,Jokić
2026,204001,388,1.0309278350515463,1.0403230242467272,-0.009395189195180897,0.0035443470027826133,0.004818209711840117,0.5761646678479342,-0.005413176062009902,0.045189904996537286,Porziņģis
2026,204060,27,1.4444444444444444,1.0372268919426706,0.4072175525017738,0.0596797673762513,0.004818209711840117,0.07470326868173555,0.03042048223645876,0.06677030550455477,Ingles
2026,204456,450,1.1111111111111112,0.9447430477414789,0.16636806336963228,0.002416818946404912,0.004818209711840117,0.6659558571823059,0.11079378624908365,0.04011850861021034,McConnell
2026,1626145,218,0.8807339449541285,1.0316495487233892,-0.15091560376926072,0.0076220050386776,0.004818209711840117,0.3873092071533251,-0.058451002842937735,0.054332980117502025,Jones
2026,1626156,232,0.9525862068965517,0.987087485984065,-0.034501279087513326,0.006406337662875733,0.004818209711840117,0.42925648144115836,-0.014809897666325388,0.05244007974908134,Russell
2026,1626157,1032,1.1114341085271318,1.1133332108658147,-0.0018991023386829564,0.0011947783329675696,0.004818209711840117,0.8013003977283341,-0.0015217514593134623,0.030941498887482963,Towns
2026,1626162,544,1.0919117647058822,1.088881735683655,0.003030029022227154,0.0025976380906479386,0.004818209711840117,0.6497179877698653,0.001968664359205719,0.04108201788143,Oubre Jr.
2026,1626164,1196,1.0150501672240804,0.9859013399555726,0.02914882726850776,0.0010769683533920003,0.004818209711840117,0.8173136856130577,0.023823735446122474,0.029668518233970532,Booker
2026,1626166,149,0.9664429530201343,1.0288702145835997,-0.06242726156346545,0.011210517022320714,0.004818209711840117,0.30059840633326324,-0.018765535337727495,0.05805052584672706,Payne
2026,1626167,646,1.1068111455108358,1.078125614179479,0.02868553133135676,0.002463369176904937,0.004818209711840117,0.6616984840042724,0.01898117259481583,0.04037335321596225,Turner
2026,1626171,750,1.156,1.0012955822650043,0.15470441773499566,0.0018633940634610654,0.004818209711840117,0.7211157491335872,0.11155979208924681,0.03665682482163186,Portis
2026,1626172,60,0.8666666666666667,1.1568041652506504,-0.29013749858398374,0.019044153060127293,0.004818209711840117,0.20191670698680203,-0.058583608287465935,0.06201074643361046,Looney
2026,1626181,894,1.1129753914988814,1.046681364575631,0.06629402692325037,0.001638627745119865,0.004818209711840117,0.7462182134763903,0.04946981033482361,0.03496818366052477,Powell
2026,1626192,85,1.1411764705882352,1.0663318198380558,0.07484465075017943,0.0190858178779854,0.004818209711840117,0.20156476534067147,0.015086044465464427,0.06202441778776258,Connaughton
2026,1626204,124,1.0080645161290323,1.1948979866278624,-0.18683347049883015,0.011571990540964455,0.004818209711840117,0.293968934944261,-0.05492323633448111,0.058325000938811676,Nance Jr.
2026,1626220,623,1.1797752808988764,1.082369504640229,0.09740577625864733,0.003011451645682218,0.004818209711840117,0.6153790683694167,0.05994147584784624,0.043048627250581055,O'Neale
2026,1627734,221,1.1085972850678734,1.1059545828322854,0.002642702235587935,0.004648365746179289,0.004818209711840117,0.5089707184194548,0.0013450580554158905,0.04864033360606461,Sabonis
2026,1627739,477,1.119496855345912,1.0688671196721644,0.05062973567374751,0.0030357610275884624,0.004818209711840117,0.6134743649669707,0.031060044940897837,0.04315508740103895,Dunn
2026,1627741,327,1.1009174311926606,1.0807265023845678,0.020190928808092812,0.005115348939637259,0.004818209711840117,0.4850436667149013,0.009793482143456869,0.04981132006088414,Hield
2026,1627742,1288,1.0582298136645962,1.0095080401335226,0.04872177353107365,0.0009667757466685906,0.004818209711840117,0.832881905477112,0.040579483576784946,0.02837622289971647,Ingram
2026,1627746,10,1.3,1.1249553855146899,0.17504461448531017,0.14290880991930663,0.004818209711840117,0.03261562931324614,0.005709190259332952,0.06827196181394861,Labissiere
2026,1627747,391,0.9872122762148338,1.0535968731322465,-0.06638459691741272,0.003685222275132988,0.004818209711840117,0.5666194213373387,-0.03761480189105687,0.04569593541044241,LeVert
2026,1627749,182,1.0714285714285714,1.0171624763355,0.05426609509307134,0.007273713661452563,0.004818209711840117,0.3984651211470669,0.021623146155438925,0.053836058504498366,Murray
2026,1627750,1357,1.142225497420781,0.9892183505539889,0.15300714686679218,0.0010352005409626915,0.004818209711840117,0.8231457396195657,0.12594718107474517,0.02919111020405543,Murray
2026,1627751,310,1.4,1.2107245943703406,0.18927540562965928,0.0027375696826228263,0.004818209711840117,0.6376853346685871,0.12069815038348186,0.0417816710920221,Poeltl
2026,1627752,191,1.219895287958115,1.0873795635311054,0.13251572442700965,0.009369664399763085,0.004818209711840117,0.3396005401471432,0.04500241159340246,0.05640871467386047,Prince
2026,1627759,1543,1.0447180816591057,0.9700002895234243,0.07471779213568142,0.0007993135453582041,0.004818209711840117,0.8577106833809793,0.06408624855341327,0.02618357819750499,Brown
2026,1627780,415,1.2554216867469878,1.2053842057132218,0.05003748103376604,0.002952367286272703,0.004818209711840117,0.6200581646652853,0.031026148654270995,0.04278597247865334,Payton II
2026,1627783,1155,1.058874458874459,0.9954066318580658,0.0634678270163932,0.0010601340285140482,0.004818209711840117,0.8196542979893559,0.05202167719803164,0.029477846137672778,Siakam
2026,1627824,312,1.0224358974358974,1.1238170540378418,-0.10138115660194447,0.0052274045757105345,0.004818209711840117,0.47963315870202555,-0.04862576437385534,0.05007231339234752,Yabusele
2026,1627826,482,1.1950207468879668,1.1587790414242938,0.036241705463673,0.0017965561725947318,0.004818209711840117,0.7284021530040552,0.026398536288278245,0.036174789344386345,Zubac
2026,1627827,132,0.8712121212121212,1.1078050048864088,-0.23659288367428755,0.013611498929801718,0.004818209711840117,0.26143710709313095,-0.06185415906662738,0.059653590867680455,Finney-Smith
2026,1627884,378,1.1455026455026456,1.1498499400842608,-0.004347294581615202,0.003583425885495828,0.004818209711840117,0.5734847287792285,-0.002493107054061004,0.04533254925596003,Jones Jr.
2026,1627936,300,1.0233333333333334,1.1230359848392344,-0.09970265150590096,0.005314154874779358,0.004818209711840117,0.4755266819161752,-0.047411271048845835,0.0502694980559036,Caruso
2026,1628365,11,0.36363636363636365,0.8542965412138019,-0.4906601775774383,0.08858025862461727,0.004818209711840117,0.051587673734467064,-0.02531201715536056,0.06759918254861864,Fultz
2026,1628366,176,0.8295454545454546,1.1179968766304573,-0.28845142208500274,0.010689388616790177,0.004818209711840117,0.3106999297850452,-0.08962183658820679,0.057629786505606365,Ball
2026,1628368,1047,1.0974212034383954,1.0428507244959104,0.05457047894248501,0.0013003427955725782,0.004818209711840117,0.7874754210252837,0.04297291088078476,0.03199981234977341,Fox
2026,1628369,287,0.9860627177700348,1.0205159990083212,-0.03445328123828639,0.005235570474637169,0.004818209711840117,0.4792435902190094,-0.01651151419546161,0.050091053004601135,Tatum
2026,1628370,632,1.0727848101265822,1.0214681492677116,0.051316660858870655,0.002319750759871597,0.004818209711840117,0.6750121033781361,0.03463936718468875,0.03957094691480046,Monk
2026,1628371,109,0.908256880733945,1.1845108141876879,-0.27625393345374294,0.01162235085158037,0.004818209711840117,0.2930684567143299,-0.08096131393855163,0.05836218319652836,Isaac
2026,1628374,805,1.0968944099378881,1.0795198677012388,0.01737454223664936,0.0016932629742601696,0.004818209711840117,0.7399569873225924,0.012856413929540197,0.03539691750955791,Markkanen
2026,1628378,1403,1.1261582323592303,1.0414300679631219,0.08472816439610842,0.0010170671785183917,0.004818209711840117,0.8257036987912487,0.0699603587336597,0.028979236208392645,Mitchell
2026,1628379,443,1.329571106094808,1.0556918881794932,0.2738792179153149,0.003574804122209768,0.004818209711840117,0.5740738436880646,0.15722689533492584,0.045301231140763704,Kennard
2026,1628380,64,1.296875,1.155029914043055,0.1418450859569449,0.02011794354926534,0.004818209711840117,0.19322185187862925,0.02740757018848424,0.06234762472282944,Collins
2026,1628381,659,1.2397572078907435,1.1376989907558275,0.10205821713491603,0.0019272387170483271,0.004818209711840117,0.7142904971603334,0.07289921465659643,0.03710267242864175,Collins
2026,1628384,804,1.1629353233830846,1.1966016161003028,-0.033666292717218216,0.001769855127914546,0.004818209711840117,0.7313543246820178,-0.024621988774748263,0.03597764864274691,Anunoby
2026,1628386,528,1.2784090909090908,1.1985187686741758,0.07989032223491499,0.001574995808247064,0.004818209711840117,0.7536453656466238,0.0602089711123591,0.034452696437263924,Allen
2026,1628389,1145,0.994759825327511,1.0694999779839933,-0.07474015265648237,0.0011513963098858664,0.004818209711840117,0.8071235680050851,-0.06032453868534479,0.030484735488814217,Adebayo
2026,1628392,296,1.2432432432432432,1.2596831542356708,-0.016439910992427587,0.0027153904561694558,0.004818209711840117,0.6395627063273149,-0.010514353966097161,0.041673282434709885,Hartenstein
2026,1628396,117,1.1111111111111112,1.0970397194990738,0.01407139161203741,0.008074528507946307,0.004818209711840117,0.37371500372555716,0.005258690168716334,0.05493243533131652,Bradley
2026,1628398,688,1.1061046511627908,1.0904098891012084,0.01569476206158238,0.001889834556943786,0.004818209711840117,0.7182733921810577,0.011273129985447345,0.03684315238788613,Kuzma
2026,1628401,1107,0.978319783197832,1.0122460484643878,-0.033926265266555844,0.0014332338516786331,0.004818209711840117,0.7707355369818122,-0.02614817827800632,0.033236189045888556,White
2026,1628404,592,1.1858108108108107,1.1099825807710992,0.07582823003971151,0.002311531530402536,0.004818209711840117,0.6757902633678966,0.05124397954925809,0.03952354363811432,Hart
2026,1628415,959,1.0020855057351408,0.9862384622274871,0.015847043507653646,0.0014455919585266755,0.004818209711840117,0.7692149217677855,0.012189782331990492,0.033346227751969736,Brooks
2026,1628418,267,1.1872659176029963,1.1662726803745365,0.020993237228459805,0.005257420974143509,0.004818209711840117,0.47820427941476723,0.010039055881418886,0.050141013237871256,Bryant
2026,1628420,20,0.8,1.049497521215054,-0.24949752121505386,0.06923438161851114,0.004818209711840117,0.06506470098184561,-0.016233481613569162,0.06711716872508416,Morris
2026,1628436,272,1.286764705882353,1.3816943800164685,-0.09492967413411546,0.0026882137356819156,0.004818209711840117,0.641878218771507,-0.06093329014176563,0.041539208518417955,Kornet
2026,1628449,25,0.72,1.1012802347374855,-0.3812802347374855,0.06290784245068956,0.004818209711840117,0.07114263356554916,-0.0271252800257155,0.0668986515848317,Boucher
2026,1628467,73,0.9863013698630136,1.1549644123701799,-0.16866304250716624,0.01733285503038218,0.004818209711840117,0.21751594191569917,-0.03668690055731387,0.061401728705483896,Kleber
2026,1628502,46,0.6956521739130435,0.9538149987798843,-0.25816282486684083,0.029335001337175405,0.004818209711840117,0.14107633115156248,-0.03642066417193727,0.06433097514397622,Hayes-Davis
2026,1628960,667,1.0449775112443778,1.0214637018740638,0.023513809370314,0.0025219870294319138,0.004818209711840117,0.6564142463305607,0.015434799456175138,0.040687445424602404,Allen
2026,1628963,411,1.294403892944039,1.1777825012964598,0.11662139164757912,0.002402650761320205,0.004818209711840117,0.6672625415972554,0.07781708619537257,0.04003996570389516,Bagley III
2026,1628964,11,0.9090909090909091,1.253424439431352,-0.344333530340443,0.07619512041480805,0.004818209711840117,0.05947428286564455,-0.02047898978359351,0.06731753222253577,Bamba
2026,1628969,963,1.142263759086189,1.102548367949071,0.03971539113711797,0.001465944368437527,0.004818209711840117,0.7667236751819492,0.030450730653939703,0.033525725253612366,Bridges
2026,1628970,1041,1.0595581171950048,1.0778213695980647,-0.018263252403059926,0.0013383841891162808,0.004818209711840117,0.7826096360020808,-0.014292997315372856,0.032364059743413415,Bridges
2026,1628971,522,1.0593869731800767,1.0831697434655327,-0.023782770285456056,0.0023591724310489744,0.004818209711840117,0.6713046088278444,-0.01596548330332056,0.03979602148434899,Brown
2026,1628973,1475,1.0664406779661018,0.9929355820617398,0.07350509590436194,0.0009246319837633305,0.004818209711840117,0.8389939976107643,0.06167033425756324,0.02785248075802886,Brunson
2026,1628975,307,1.0553745928338762,1.0542859662148525,0.0010886266190237581,0.005676599120464575,0.004818209711840117,0.459104095065448,0.0004997929387910607,0.051050464270662683,Carter
2026,1628976,637,1.1365777080062793,1.1336912497841691,0.0028864582221101998,0.0020207858890332517,0.004818209711840117,0.7045200776594754,0.0020335677708019093,0.03773174037166691,Carter Jr.
2026,1628978,835,1.1041916167664672,1.098316974966302,0.00587464180016517,0.002168264308355382,0.004818209711840117,0.6896482686276834,0.0040514365462917265,0.03866962278306437,DiVincenzo
2026,1628983,1321,1.1937925813777441,1.0014913446380147,0.19230123673972943,0.0009062712458400263,0.004818209711840117,0.8416849924840532,0.16185706499995328,0.02761874194715205,Gilgeous-Alexander
2026,1628988,252,1.0992063492063493,1.0402791803108418,0.05892716889550753,0.0067650437499573715,0.004818209711840117,0.4159634188901214,0.02451154663929093,0.05304724994920581,Holiday
2026,1628989,596,1.070469798657718,1.1134896333577537,-0.043019834700035675,0.0025779267524419823,0.004818209711840117,0.6514495419478166,-0.028025251610009027,0.040980351414468756,Huerter
2026,1628991,719,1.0681502086230876,0.9907025381247082,0.07744767049837942,0.001829545995060846,0.004818209711840117,0.7247874206385752,0.05613309733498669,0.03641472123605762,Jackson Jr.
2026,1628997,189,1.0052910052910053,1.0884280968898206,-0.08313709159881522,0.006636896918357285,0.004818209711840117,0.4206167491395134,-0.03496885320120761,0.05283549948825596,Martin
2026,1628998,10,0.4,1.0657050700257926,-0.6657050700257926,0.14687551023270434,0.004818209711840117,0.03176275005716478,-0.02114462375101663,0.06830205063568688,Martin
2026,1629001,528,0.9507575757575758,1.0219599760057716,-0.0712024002481958,0.002768056195618369,0.004818209711840117,0.6351227033978685,-0.04522226093405118,0.041929170443956526,Melton
2026,1629004,362,1.2265193370165746,1.0940669876511686,0.13245234936540595,0.004712694515658527,0.004818209711840117,0.5055354242190975,0.06695935462525661,0.04881018358076978,Mykhailiuk
2026,1629006,294,1.0612244897959184,1.1438779994126225,-0.08265350961670404,0.005200059714502422,0.004818209711840117,0.48094231716017494,-0.039751570436478444,0.050009286822190066,Okogie
2026,1629008,957,1.1118077324973876,1.071118197253827,0.04068953524356056,0.001550769649066043,0.004818209711840117,0.7565120624216619,0.0307821242260849,0.034251656099462825,Porter Jr.
2026,1629011,206,1.4466019417475728,1.4489754969535735,-0.002373555206000688,0.003415746793857134,0.004818209711840117,0.5851633669070628,-0.0013889175558831498,0.044707604435883674,Robinson
2026,1629012,742,1.1212938005390836,1.0540613250514923,0.06723247548759126,0.0018437126492998703,0.004818209711840117,0.7232461518833471,0.04862562917799183,0.036516545274502384,Sexton
2026,1629013,364,1.1565934065934067,1.133062887925945,0.023530518667461697,0.004816392866776097,0.004818209711840117,0.5000942874939156,0.011767477967366538,0.04907800483924718,Shamet
2026,1629014,648,1.1049382716049383,0.99864431254128,0.10629395906365824,0.0024699636448616133,0.004818209711840117,0.6610997675308594,0.07027091162691915,0.0404090632337312,Simons
2026,1629018,473,1.0338266384778012,1.0510255267352502,-0.017198888257448974,0.003744290283647979,0.004818209711840117,0.562710623577111,-0.009677997136182163,0.045901545947443556,Trent Jr.
2026,1629020,240,1.0625,1.2461275564052492,-0.1836275564052492,0.005497674000925827,0.004818209711840117,0.4670670827626298,-0.08576638708503,0.05067329235003762,Vanderbilt
2026,1629021,195,0.9641025641025641,1.0666026730643894,-0.10250010896182526,0.0067722091859777145,0.004818209711840117,0.4157062617251269,-0.04260993712293856,0.053058927282064045,Wagner
2026,1629023,658,1.0151975683890577,1.0866639305327814,-0.0714663621437237,0.001990640450769288,0.004818209711840117,0.7076392631312655,-0.05057240384605681,0.03753205752076042,Washington
2026,1629026,296,1.114864864864865,1.0826495041764848,0.03221536068838016,0.004760175505429092,0.004818209711840117,0.5030294358127503,0.016205274711580123,0.04893371433751651,Williams
2026,1629027,177,1.0677966101694916,1.0029524287146772,0.06484418145481441,0.008156931443387805,0.004818209711840117,0.37134160269992683,0.024079342267195655,0.05503642425976687,Young
2026,1629028,601,1.341098169717138,1.1571093609297627,0.18398880878737534,0.0014164603661613612,0.004818209711840117,0.7728090903864784,0.14218822396026323,0.033085547405803335,Ayton
2026,1629029,1457,1.1256005490734386,0.9875669095781577,0.1380336394952809,0.0010204017183115077,0.004818209711840117,0.82523212402148,0.11390979350710592,0.029018412729806115,Dončić
2026,1629048,225,1.36,1.2993004470842862,0.06069955291571394,0.0037781632521702723,0.004818209711840117,0.5604933303862052,0.0340216945666822,0.04601777161001706,Bitadze
2026,1629057,250,1.452,1.375558464796201,0.07644153520379904,0.003325664228855406,0.004818209711840117,0.5916360870670133,0.045225570777371014,0.04435744549969879,Williams III
2026,1629060,597,1.2227805695142377,1.0593410605951188,0.16343950891911896,0.0023846716338102657,0.004818209711840117,0.6689280970523966,0.10932927968444445,0.039939627666010245,Hachimura
2026,1629111,548,1.1642335766423357,1.1277020789741907,0.03653149766814501,0.0023926694554377618,0.004818209711840117,0.6681861670494473,0.024409841403453637,0.039984354845930006,Landale
2026,1629130,698,1.2263610315186246,1.094174004119365,0.13218702739925958,0.002607125723560893,0.004818209711840117,0.6488878184369735,0.08577455183477399,0.04113067131900894,Robinson
2026,1629162,79,1.0506329113924051,1.092920972546943,-0.04228806115453798,0.019127482795697894,0.004818209711840117,0.20121404759220737,-0.008508951949731381,0.062038038601914904,McLaughlin
2026,1629216,216,0.9768518518518519,1.0662774601986647,-0.08942560834681279,0.008576924281422317,0.004818209711840117,0.35969850800026404,-0.03216625789936452,0.05554373832628521,Vincent
2026,1629234,156,1.1987179487179487,1.1347698051362596,0.0639481435816891,0.005787864607201025,0.004818209711840117,0.45428775689323236,0.029050858705211895,0.05127724670462605,Eubanks
2026,1629312,23,1.391304347826087,1.0498569797142037,0.34144736811188325,0.07140136122741272,0.004818209711840117,0.06321486269819387,0.02158454849385236,0.06718353404261375,Highsmith
2026,1629599,113,1.1238938053097345,1.047539166025642,0.07635463928409258,0.012626637051005526,0.004818209711840117,0.27619673461976346,0.021088902043336286,0.05905451653105497,Coffey
2026,1629610,19,1.368421052631579,1.2288492671300013,0.13957178550157767,0.07153071630093152,0.004818209711840117,0.06310776016723703,0.008808062765546614,0.06718737447549099,Jeffries
2026,1629611,368,1.065217391304348,1.0807827908478163,-0.015565399543468361,0.0038107133945838416,0.004818209711840117,0.5583790297369915,-0.008691392694550474,0.04612832587330135,Mann
2026,1629614,752,1.0279255319148937,0.9946232260300619,0.03330230588483174,0.0018409243089722155,0.004818209711840117,0.7235489925238588,0.02409584987169138,0.036496560510129276,Nembhard
2026,1629618,232,1.0560344827586208,1.0292607482051592,0.026773734553461548,0.006768374707181299,0.004818209711840117,0.4158438360773671,0.011133692482828602,0.05305268044352988,Pickett
2026,1629622,106,1.1981132075471699,1.1141483284380558,0.0839648791091141,0.016968399945428144,0.004818209711840117,0.22115463523865483,0.01856922221223388,0.061258797739710595,Strus
2026,1629627,807,1.2007434944237918,1.1058892096927193,0.09485428473107249,0.0011034762545206582,0.004818209711840117,0.8136550535119292,0.07717866811869656,0.029964129069958788,Williamson
2026,1629628,816,1.1004901960784315,1.1162084583604661,-0.015718262282034656,0.0015870134350052009,0.004818209711840117,0.7522313589048287,-0.011823769796037444,0.03455142938887163,Barrett
2026,1629630,322,0.8819875776397516,1.0022009073930034,-0.12021332975325183,0.003807485048395598,0.004818209711840117,0.5585880147361544,-0.06714972521169162,0.04611741009988406,Morant
2026,1629631,501,0.9800399201596807,1.0520573400096613,-0.07201741984998067,0.0029609297313745965,0.004818209711840117,0.6193756709224126,-0.044605837737682855,0.04282438369579018,Hunter
2026,1629632,623,1.0770465489566614,1.0472222191969025,0.029824329759758905,0.0024201358581104845,0.004818209711840117,0.6656506884449562,0.019852585636992912,0.04013682972136151,White
2026,1629634,9,0.6666666666666666,1.0814550780889254,-0.41478841142225875,0.10341210099158099,0.004818209711840117,0.0445181177114353,-0.01846559932503537,0.0678506601642905,Clarke
2026,1629636,672,1.1011904761904763,1.0175651476848682,0.08362532850560811,0.002174337098232086,0.004818209711840117,0.6890493324835341,0.05762197678550552,0.03870691832387336,Garland
2026,1629637,262,1.5229007633587786,1.4011644137380972,0.12173634962068136,0.002748038534558427,0.004818209711840117,0.6368030171536514,0.07752207473572166,0.041832514029894324,Hayes
2026,1629638,1194,1.1256281407035176,1.082371080327938,0.043257060375579526,0.0012813595248326122,0.004818209711840117,0.78992622673604,0.0341698864821746,0.03181476849740243,Alexander-Walker
2026,1629639,515,1.1223300970873786,0.9997210556335981,0.12260904145378049,0.002791905115014817,0.004818209711840117,0.6331323273648106,0.07762774777160059,0.042043375022125073,Herro
2026,1629640,797,1.163111668757842,1.1071677388959307,0.05594392986191132,0.0016489942057346819,0.004818209711840117,0.7450220795955581,0.04167946296646922,0.03505049346867285,Johnson
2026,1629645,514,1.0194552529182879,1.0457114632891624,-0.026256210370874555,0.002373483614703661,0.004818209711840117,0.6699687393588678,-0.017590840162516056,0.039876808112384574,Porter Jr.
2026,1629646,47,1.3191489361702127,1.1418265590997074,0.17732237707050524,0.018767834186250026,0.004818209711840117,0.20428223286018163,0.036223811124037886,0.06191877803636636,Bassey
2026,1629651,583,1.1475128644939965,1.1735803027192526,-0.026067438225256145,0.0014826747420001061,0.004818209711840117,0.764687838213498,-0.019933452984235024,0.03367169944083335,Claxton
2026,1629652,524,1.015267175572519,1.0955223002060686,-0.08025512463354945,0.003313663671086181,0.004818209711840117,0.5925091900663926,-0.04755189889530177,0.04431000087912098,Dort
2026,1629655,316,1.3101265822784811,1.269891335088707,0.040235247189774004,0.0025018662301117232,0.004818209711840117,0.6582185417266831,0.02648358573126567,0.04058047241690728,Gafford
2026,1629656,754,1.06631299734748,1.097461519893027,-0.03114852254554701,0.001956446986740181,0.004818209711840117,0.7112109035502602,-0.022153168863874136,0.03730209684706301,Grimes
2026,1629660,215,1.1441860465116278,0.9973356350644167,0.14685041144721112,0.006871690675651751,0.004818209711840117,0.41216858588423694,0.06052712642271536,0.053219310672135534,Jerome
2026,1629661,475,1.191578947368421,1.118946622961901,0.07263232440652012,0.003226613276592567,0.004818209711840117,0.5989205379370087,0.04350099080516836,0.043960038208940566,Johnson
2026,1629673,444,0.9594594594594594,1.040611645486734,-0.08115218602727459,0.0037423786349073665,0.004818209711840117,0.5628362814187592,-0.045675394612594615,0.04589495042520772,Poole
2026,1629674,499,1.308617234468938,1.225582114169834,0.08303512029910398,0.0016642079301424806,0.004818209711840117,0.7432735713656525,0.06171781041349161,0.03517046732319663,Queta
2026,1629675,870,1.0988505747126436,1.0543780749512877,0.04447249976135592,0.001745433867440984,0.004818209711840117,0.7340754648910786,0.03264617093718573,0.035794974195805386,Reid
2026,1629680,134,1.1417910447761195,1.1219273545719928,0.019863690204126705,0.012868881051386994,0.004818209711840117,0.27241391907467133,0.0054111456957913135,0.05920863384097042,Thybulle
2026,1629684,183,1.1366120218579234,1.0751361636048438,0.06147585825307966,0.009742415338889743,0.004818209711840117,0.3309067910926393,0.02034277898419254,0.05677879355255546,Williams
2026,1629723,199,1.085427135678392,1.1553014338989716,-0.06987429822057956,0.007515360746157326,0.004818209711840117,0.3906581413913155,-0.027296963473874114,0.0541842861074968,Konchar
2026,1629726,52,1.1346153846153846,1.0844987479843615,0.05011663663102306,0.03728267167021001,0.004818209711840117,0.1144443905607729,0.005735567936193141,0.06532069073252807,Mathews
2026,1629731,278,1.1330935251798562,1.1756409936872965,-0.04254746850744029,0.006161541015615421,0.004818209711840117,0.43882687607760434,-0.018670972690130273,0.05199855570789005,Wade
2026,1629750,414,1.1207729468599035,1.133922998532376,-0.013150051672472518,0.0038211780015684933,0.004818209711840117,0.5577026835318548,-0.0073338191063204786,0.046163635317505475,Green
2026,1630162,1231,1.1445978878960195,1.044150413663246,0.10044747423277345,0.001138458433842389,0.004818209711840117,0.8088766394234059,0.08124961539597494,0.030345879985422496,Edwards
2026,1630163,1244,1.0321543408360128,1.023881433696305,0.008272907139707852,0.0012968443699475417,0.004818209711840117,0.7879259361237856,0.006518438102519459,0.031965877341280306,Ball
2026,1630164,10,1.2,1.3044776244952518,-0.10447762449525189,0.0740761767837522,0.004818209711840117,0.061071641796838126,-0.006380620058958584,0.06726034295345638,Wiseman
2026,1630165,138,0.7318840579710145,0.9541877540973428,-0.22230369612632828,0.010568623840802984,0.004818209711840117,0.31313848267452404,-0.0696118420979369,0.05752775706966896,Hayes
2026,1630166,1064,1.0422932330827068,1.0541808791978395,-0.01188764611513271,0.0012587702977265487,0.004818209711840117,0.7928625245195914,-0.009425269109439634,0.03159164123697516,Avdija
2026,1630167,199,1.1909547738693467,1.137994923283281,0.05295985058606578,0.007352707852154718,0.004818209711840117,0.39587892091996435,0.02096568850209426,0.053951664018367027,Toppin
2026,1630168,860,1.127906976744186,1.1074863884815167,0.020420588262669348,0.001638215246497913,0.004818209711840117,0.746265889084288,0.015239188455465118,0.03496489893363344,Okongwu
2026,1630170,755,1.0940397350993378,1.064110973623293,0.02992876147604484,0.0021099683800430017,0.004818209711840117,0.6954511919208618,0.020813992841230554,0.03830639665664516,Vassell
2026,1630171,459,1.0784313725490196,1.1921223448471785,-0.11369097229815894,0.0031713444086583185,0.004818209711840117,0.6030636552643477,-0.06856289332468543,0.0437323970436979,Okoro
2026,1630172,478,0.9435146443514645,1.0763578824962623,-0.13284323814479782,0.00329239054241673,0.004818209711840117,0.5940632703863417,-0.0789172885010102,0.04422542586586526,Williams
2026,1630173,598,1.1020066889632107,1.1054309365891084,-0.0034242476258976584,0.0017887576542199176,0.004818209711840117,0.7292619207703736,-0.0024971734008555177,0.03611748666102232,Achiuwa
2026,1630174,512,1.033203125,1.0495287740406132,-0.016325649040613177,0.003024677006358878,0.004818209711840117,0.6143413624296933,-0.010029521474159314,0.043106660656982924,Nesmith
2026,1630175,231,0.9437229437229437,0.9723194966525858,-0.028596552929642027,0.005608166110775427,0.004818209711840117,0.4621174024236764,-0.013214964758117346,0.05090806572118049,Anthony
2026,1630178,1500,1.07,1.0415219688495905,0.02847803115040959,0.0009194451177046445,0.004818209711840117,0.8397524520000456,0.02391449648669013,0.02778680068075391,Maxey
2026,1630180,966,1.0590062111801242,1.0865872959375258,-0.02758108475740162,0.0014609373421892472,0.004818209711840117,0.7673350648394585,-0.02116393346066337,0.033481762949330675,Bey
2026,1630182,181,1.2375690607734806,1.1547155127932973,0.0828535479801833,0.009998256259283824,0.004818209711840117,0.325192911807067,0.02694338652122234,0.05702071611221434,Green
2026,1630183,809,1.1582200247218788,1.0830245056521286,0.0751955190697502,0.001544346462266344,0.004818209711840117,0.7572757835048541,0.05694374561959928,0.03419789726307299,McDaniels
2026,1630188,404,1.1683168316831682,1.160258905844487,0.008057925838681257,0.003721807757556203,0.004818209711840117,0.5641920205791697,0.004546217460602679,0.04582373008543567,Smith
2026,1630191,402,1.199004975124378,1.1502355175081524,0.04876945761622564,0.0030411649246567126,0.004818209711840117,0.6130525563020806,0.029898240661093103,0.0431786281764141,Stewart
2026,1630192,151,1.033112582781457,1.1891079090119454,-0.1559953262304885,0.008337529527362263,0.004818209711840117,0.3662439353831583,-0.057132342180033734,0.05525911350604929,Nnaji
2026,1630193,905,1.0828729281767955,1.0313225272043092,0.05155040097248631,0.001697493197012858,0.004818209711840117,0.7394765813053799,0.03812031427605571,0.03542959872925755,Quickley
2026,1630194,339,1.2713864306784661,1.1179779050248808,0.15340852565358531,0.003001219268710954,0.004818209711840117,0.6161843433611639,0.09452793164585874,0.04300353850991255,Reed
2026,1630198,542,1.2453874538745386,1.0897732078068403,0.15561424606769836,0.0033438751413344607,0.004818209711840117,0.5903160526401674,0.09186158747325938,0.04442908027355665,Joe
2026,1630200,617,1.1717990275526742,1.1050759200737414,0.06672310747893273,0.0018812994828199148,0.004818209711840117,0.7191884616981435,0.04798648902749353,0.03678326903692449,Jones
2026,1630202,1091,1.1219065077910173,0.9845565432292239,0.13734996456179338,0.0013897225317463335,0.004818209711840117,0.7761376127804736,0.10660247361047295,0.032842288717701076,Pritchard
2026,1630208,201,1.0497512437810945,1.2118801627955247,-0.16212891901443016,0.004520943478977872,0.004818209711840117,0.5159150528312625,-0.08364474981880521,0.048295163254761034,Richards
2026,1630209,26,0.8461538461538461,1.0549152510110789,-0.2087614048572327,0.0423771170681688,0.004818209711840117,0.102090822133708,-0.02131262345166275,0.06577472707009693,Yurtseven
2026,1630214,46,0.9347826086956522,1.0705285281514427,-0.1357459194557905,0.02975906387058162,0.004818209711840117,0.13934614307732984,-0.018915670314650277,0.06439573566593881,Tillman
2026,1630217,1205,1.1062240663900416,1.0065201936178427,0.09970387277219883,0.0011114744146115197,0.004818209711840117,0.8125575678385024,0.08101513636385736,0.030052236972502724,Bane
2026,1630224,512,0.982421875,1.0704051800045953,-0.08798330500459528,0.0027750893061328965,0.004818209711840117,0.6345344362754082,-0.055828436842738166,0.041962956622251385,Green
2026,1630228,338,1.0236686390532543,1.1128082177071956,-0.08913957865394129,0.003672233850825898,0.004818209711840117,0.5674862186266262,-0.05058548242029587,0.04565021469739089,Kuminga
2026,1630230,821,1.0962241169305724,1.0156325485925826,0.08059156833798986,0.001498063667586108,0.004818209711840117,0.7628247579552687,0.06147724361066261,0.03380473420436781,Marshall
2026,1630241,484,1.2479338842975207,1.0868157070534328,0.16111817724408795,0.003744247367471724,0.004818209711840117,0.5627134439577656,0.09066336440121842,0.045901397921847775,Merrill
2026,1630245,746,1.195710455764075,1.1266146437257858,0.06909581203828918,0.0017905918465124589,0.004818209711840117,0.7290595230160288,0.050374959767040296,0.03613098445288702,Dosunmu
2026,1630249,429,1.1934731934731935,1.0900686244737847,0.10340456899940875,0.004198191434437257,0.004818209711840117,0.534382802370037,0.0552576233597699,0.04736497971730239,Krejčí
2026,1630256,109,1.1192660550458715,1.0613437603396128,0.05792229470625876,0.011659564016083611,0.004818209711840117,0.29240659517462814,0.016936860979758512,0.05838949747312115,Tate
2026,1630264,215,1.3348837209302327,1.1473749806737432,0.18750874025648945,0.0052718089280795145,0.004818209711840117,0.4775223796691118,0.08953961985603623,0.05017376550048241,Gill
2026,1630286,50,0.88,1.1236300785738782,-0.2436300785738782,0.02618147786641564,0.004818209711840117,0.15542768615577193,-0.0378668593906868,0.06379127310938024,Scott
2026,1630311,436,0.9908256880733946,0.9996334134540752,-0.008807725380680642,0.0031718911445667362,0.004818209711840117,0.6030223896331222,-0.005311255606290342,0.04373467020171493,Spencer
2026,1630314,616,1.0032467532467533,1.0342798342601605,-0.031033081013407182,0.001967593406482325,0.004818209711840117,0.7100426622797825,-0.022034811461503805,0.037377469960162585,Williams
2026,1630322,88,1.0568181818181819,1.092200762146614,-0.03538258032843222,0.021985747173505366,0.004818209711840117,0.179757404194094,-0.00636028079352799,0.06286573662319535,Waters III
2026,1630526,100,0.84,1.1234463879318046,-0.28344638793180466,0.013886223768783103,0.004818209711840117,0.25759720105030287,-0.07301499617905123,0.05980846408324423,Robinson-Earl
2026,1630529,478,0.9330543933054394,1.1047682043237455,-0.17171381101830607,0.0032249000557512167,0.004818209711840117,0.5990481108755307,-0.10286483410175414,0.04395304638088422,Jones
2026,1630530,1050,1.1447619047619049,1.1147253085090132,0.03003659625289168,0.0014122766362532101,0.004818209711840117,0.773328026521493,0.023228141703671594,0.03304773977167134,Murphy III
2026,1630532,507,1.057199211045365,1.02865202991113,0.028547181134235045,0.002433279327058772,0.004818209711840117,0.664444183255877,0.018968008452994383,0.04020918172632932,Wagner
2026,1630533,433,1.048498845265589,1.140919935386252,-0.09242109012066302,0.0035838795461370304,0.004818209711840117,0.5734537641653343,-0.0529992220179578,0.0453341947766521,Williams
2026,1630534,280,0.9928571428571429,1.1960264865315569,-0.20316934367441397,0.004956202797670268,0.004818209711840117,0.4929411058876487,-0.10015052095333339,0.04942788775668085,Agbaji
2026,1630536,247,1.145748987854251,1.041262809889565,0.10448617796468596,0.005196724855344862,0.004818209711840117,0.4811024654746626,0.05026855782683478,0.05000157137830642,Cooper
2026,1630538,468,1.1538461538461537,1.0822312231119504,0.07161493073420333,0.003536294143853965,0.004818209711840117,0.5767200297066386,0.041301764980468614,0.04516028856965897,Hyland
2026,1630540,404,1.1237623762376239,1.0650132608791167,0.05874911535850713,0.004253321536871181,0.004818209711840117,0.5311352162871722,0.031203724092620715,0.047529873284335215,McBride
2026,1630541,557,1.1508078994614004,1.0823392992821579,0.0684686001792425,0.0030738585598984658,0.004818209711840117,0.6105129284162528,0.041800965599990914,0.04332009223144588,Moody
2026,1630543,237,1.2742616033755274,1.1957358547870203,0.07852574858850714,0.003638773318373183,0.004818209711840117,0.5697315099990916,0.04473859331713921,0.045531569457038915,Jackson
2026,1630544,303,0.8844884488448845,1.0059836493799816,-0.1214952005350971,0.004984303622358745,0.004818209711840117,0.4915279936453051,-0.05971829215655028,0.04949671463053907,Mann
2026,1630545,171,1.0818713450292399,1.1029599147248055,-0.021088569695565607,0.008217604001199004,0.004818209711840117,0.3696132683317409,-0.00779461516961971,0.05511202657078721,Shannon Jr.
2026,1630548,38,1.0,1.0265386994629484,-0.0265386994629484,0.0431651545866026,0.004818209711840117,0.10041417025017753,-0.002664861486090796,0.06583610849324513,Juzang
2026,1630549,356,1.2275280898876404,1.1873443258957104,0.04018376399193002,0.0027704181521015364,0.004818209711840117,0.6349250217861471,0.025513677228025562,0.04194052700646244,Sharpe
2026,1630551,462,1.119047619047619,1.1534943410768361,-0.03444672202921706,0.0028085871394571017,0.004818209711840117,0.6317474826959109,-0.021761629929083655,0.04212265251956639,Champagnie
2026,1630552,1228,1.0749185667752443,1.0621517347612088,0.0127668320140355,0.0009902876336746443,0.004818209711840117,0.8295105300445166,0.010590221590951892,0.028661019170748,Johnson
2026,1630557,394,1.1548223350253808,1.1267759201122443,0.02804641491313653,0.004056692548591967,0.004818209711840117,0.5429028478794242,0.015226478529149776,0.04692962750333544,Kispert
2026,1630558,533,1.148217636022514,1.0285949543546333,0.1196226816678807,0.0026866723520755187,0.004818209711840117,0.6420100503653003,0.07679896388242838,0.04153156211932154,Mitchell
2026,1630559,762,1.1338582677165354,0.999597543899775,0.13426072381676046,0.0018725472037208189,0.004818209711840117,0.7201292428714952,0.09668507338954263,0.03672160127304648,Reaves
2026,1630560,460,0.9347826086956522,0.9868247032060788,-0.05204209451042663,0.0029516955692370215,0.004818209711840117,0.6201117693898285,-0.03227191530961333,0.04278295410721058,Thomas
2026,1630567,1123,1.0739091718610865,1.094362854761881,-0.020453682900794634,0.0009837286137563503,0.004818209711840117,0.8304482814964742,-0.016985725815238724,0.028582087690595136,Barnes
2026,1630568,357,1.30812324929972,1.092654749538215,0.21546849976150484,0.003722867212195707,0.004818209711840117,0.5641220369156235,0.12155052897661364,0.045827409210102976,Garza
2026,1630570,268,1.0671641791044777,1.0412292402824037,0.025934938822073983,0.004275633762509278,0.004818209711840117,0.5298320479597686,0.013741161749810766,0.04759587999728781,Watford
2026,1630572,631,1.2282091917591125,1.174180593241313,0.05402859851779951,0.0022232626373645315,0.004818209711840117,0.6842616817751682,0.03696969968574485,0.039003761757950346,Mamukelashvili
2026,1630573,601,1.1680532445923462,1.080399227579643,0.08765401701270314,0.003153616267902115,0.004818209711840117,0.6044047780375549,0.0529785066966629,0.04365845554319346,Hauser
2026,1630574,80,1.1375,1.278491039294629,-0.14099103929462897,0.010147859466853029,0.004818209711840117,0.321942231745106,-0.045390969846574786,0.05715789118043427,Hukporti
2026,1630577,688,1.1584302325581395,1.1386873420350163,0.01974289052312317,0.002579260850333529,0.004818209711840117,0.6513320561865611,0.012859177479491984,0.04098725744776339,Champagnie
2026,1630578,1123,1.0739091718610865,1.033982818759419,0.03992635310166737,0.0009363579259126269,0.004818209711840117,0.8372844000008504,0.03342971260095165,0.02799996221754227,Sengun
2026,1630579,185,1.5675675675675675,1.4880228469361798,0.07954472063138773,0.0033599828258578054,0.004818209711840117,0.5891533721699824,0.046864040398301256,0.04449208033220466,Sims
2026,1630581,716,1.0405027932960893,1.0644295935848052,-0.023926800288715855,0.001914964738572959,0.004818209711840117,0.7155925852395705,-0.01712184087511308,0.037018030308459716,Giddey
2026,1630583,476,1.1050420168067228,1.0595008303542952,0.04554118645242755,0.00295389165695287,0.004818209711840117,0.6199365503886098,0.02823264602992243,0.04279281953824797,Aldama
2026,1630587,64,0.875,1.103398205967084,-0.22839820596708393,0.02495476601218467,0.004818209711840117,0.16183164748131462,-0.036962057953429814,0.06354896455696632,Livers
2026,1630590,96,1.0,1.063385649549372,-0.06338564954937209,0.01352261118239784,0.004818209711840117,0.26270414719298796,-0.016651673009141398,0.05960239960349069,Pippen Jr.
2026,1630591,649,1.0570107858243452,1.0637252016751113,-0.006714415850766153,0.0024154977812600054,0.004818209711840117,0.6660774874344823,-0.004472321239468581,0.04011120408371246,Suggs
2026,1630592,278,0.9856115107913669,1.0387806993373208,-0.05316918854595387,0.0055925166033395715,0.004818209711840117,0.46281206190338264,-0.024607341780682628,0.05087518196940911,Wilson
2026,1630595,1189,1.0269133725820017,1.0002656882988525,0.02664768428314912,0.0010679681468548253,0.004818209711840117,0.8185633916451838,0.021812818826304602,0.02956686707208776,Cunningham
2026,1630596,858,1.1655011655011656,1.2083572864415528,-0.042856120940387266,0.0012664288798450896,0.004818209711840117,0.7918645683285623,-0.033936243708696426,0.03166765160628992,Mobley
2026,1630598,536,1.041044776119403,1.0890551343545167,-0.04801035823511368,0.0027891523514917724,0.004818209711840117,0.6333614295899341,-0.030407909126916467,0.04203024530840803,Wiggins
2026,1630604,111,1.135135135135135,1.0673791146666058,0.06775602046852924,0.013011698401996358,0.004818209711840117,0.2702318868430433,0.01830983725618652,0.05929735078571459,Liddell
2026,1630610,83,0.8433734939759037,1.0861510654535251,-0.24277757147762147,0.016079409503156186,0.004818209711840117,0.2305626139642993,-0.05597543149178492,0.060887689117341985,Jarreau
2026,1630611,460,1.1695652173913043,1.0802516292735675,0.08931358811773671,0.0031975240653890334,0.004818209711840117,0.6010940290366852,0.05368586452941337,0.04384076440262482,Santos
2026,1630619,115,1.1478260869565218,1.3827760902590132,-0.23495000330249138,0.006290509237649771,0.004818209711840117,0.43373225425433676,-0.10190539456945345,0.052234057396047306,Cisse
2026,1630621,14,0.7142857142857143,0.9495590651703701,-0.23527335088465584,0.0918771956509719,0.004818209711840117,0.049828734816940404,-0.011723373410724486,0.06766183871146592,Dickinson
2026,1630623,145,1.096551724137931,1.0562840318600821,0.04026769227784888,0.012273222803192055,0.004818209711840117,0.28190789201563,0.01135178024638244,0.05882107078833258,Etienne
2026,1630625,12,0.6666666666666666,0.8705954057678237,-0.20392873910115705,0.08346562880664203,0.004818209711840117,0.05457635047021011,-0.011129686336132788,0.06749258781501684,Banton
2026,1630631,449,1.0579064587973275,1.0669942011193438,-0.009087742322016368,0.003723416679290193,0.004818209711840117,0.5640857479839417,-0.005126265925199926,0.045829316846242564,Alvarado
2026,1630639,78,1.1153846153846154,1.2104586418340326,-0.0950740264494172,0.019683746261747945,0.004818209711840117,0.19664592153515892,-0.01869591954520372,0.06221517839647865,Lawson
2026,1630643,611,1.1472995090016367,1.1672112448287901,-0.019911735827153443,0.0025488097562681,0.004818209711840117,0.654024294723004,-0.013022758981064803,0.04082870930149955,Huff
2026,1630644,59,0.8983050847457628,1.117077601918285,-0.21877251717252233,0.024602169027164264,0.004818209711840117,0.16377116537430306,-0.03582863008921371,0.06347539596027957,McClung
2026,1630649,2,1.0,1.0307344021181577,-0.0307344021181577,0.7812432009966984,0.004818209711840117,0.0061295588947650895,-0.00018838832787864052,0.06920026164433242,Umude
2026,1630658,5,0.8,0.958004106219903,-0.1580041062199029,0.19429770309921263,0.004818209711840117,0.02419801433154298,-0.00382338562675185,0.0685683498720848,Castleton
2026,1630679,196,0.9489795918367347,1.0727803299515737,-0.12380073811483894,0.008310558101527367,0.004818209711840117,0.366996338143348,-0.0454344175475895,0.05522630162511408,Thompson
2026,1630692,555,1.027027027027027,1.0811411250090577,-0.05411409798203071,0.002798346588690125,0.004818209711840117,0.6325968747194435,-0.034232409261694366,0.042074045519621586,Goodwin
2026,1630695,293,1.273037542662116,1.1458354556051635,0.12720208705695257,0.005262767874815775,0.004818209711840117,0.47795064222917644,0.060796319201762095,0.05015319815995066,Potter
2026,1630696,325,0.9476923076923077,1.0451899788625405,-0.09749767117023278,0.004273442049243494,0.004818209711840117,0.5299597739174565,-0.05166984377085508,0.047589414603107213,Smith
2026,1630699,76,1.0789473684210527,1.0942950337080661,-0.015347665287013479,0.021293349678517738,0.004818209711840117,0.18452401251911918,-0.002832012781560126,0.06268280723334581,Beauchamp
2026,1630700,777,1.063063063063063,1.1192258547590699,-0.0561627916960068,0.0013696410080393131,0.004818209711840117,0.7786564236853469,-0.043731518526197756,0.03265700183808497,Daniels
2026,1630702,429,1.0909090909090908,1.0554725832853686,0.03543650762372219,0.0037931704267454907,0.004818209711840117,0.5595165506921279,0.019827312514200335,0.04606887922839043,Hardy
2026,1630703,341,0.9970674486803519,1.0572201591949926,-0.06015271051464066,0.004269221878816681,0.004818209711840117,0.5302058853234106,-0.031893321133017884,0.04757695414694044,Henderson
2026,1630811,171,1.0175438596491229,0.9988171002865459,0.01872675936257695,0.009341964430116442,0.004818209711840117,0.3402648628143473,0.00637205820546454,0.056380335625376365,Wallace
2026,1630828,8,1.0,1.0078281239963622,-0.007828123996362235,0.23559783951898086,0.004818209711840117,0.020041131726668562,-0.0001568844641837907,0.06871424405695238,Antetokounmpo
2026,1630846,7,1.7142857142857142,1.371935706404582,0.3423500078811321,0.1733252111556013,0.004818209711840117,0.027046801326586194,0.009259472647316198,0.06846818641540134,Sarr
2026,1631093,256,1.0859375,1.047459202023137,0.038478297976862974,0.0059167997201667955,0.004818209711840117,0.4488314372108894,0.017270269782384266,0.05153295762996193,Ivey
2026,1631094,1152,0.9913194444444444,1.0434037273683645,-0.05208428292392009,0.001024750913646708,0.004818209711840117,0.8246178642421832,-0.042949630145308594,0.029069363766542507,Banchero
2026,1631095,974,1.0811088295687885,1.0757152414556628,0.005393588113125736,0.0015324502100403515,0.004818209711840117,0.7586943358814616,0.004092084751506075,0.034097819495943885,Smith Jr.
2026,1631096,779,1.227214377406932,1.162064273816894,0.06515010359003792,0.001545804479028995,0.004818209711840117,0.7571022891107209,0.049325292563818304,0.034210117064845856,Holmgren
2026,1631097,677,0.9704579025110783,1.049528650965159,-0.07907074845408057,0.0019433951508838825,0.004818209711840117,0.7125837444897718,-0.05634453001301757,0.0372133281720421,Mathurin
2026,1631099,300,0.9433333333333334,0.9925268440336074,-0.049193510700274,0.004530307410526481,0.004818209711840117,0.5153982871050652,-0.025354251151605917,0.048320934173965754,Murray
2026,1631101,868,1.021889400921659,1.0674966768467384,-0.045607275925079405,0.0015015162683012745,0.004818209711840117,0.7624080105657237,-0.03477135250536181,0.03383442080112565,Sharpe
2026,1631102,19,1.105263157894737,1.005708178765569,0.09955497912916789,0.0706683074401528,0.004818209711840117,0.06382874576314866,0.0063544694522912285,0.06716151747176012,Washington Jr.
2026,1631103,91,1.098901098901099,1.03940710148124,0.059493997419858946,0.015133419267110926,0.004818209711840117,0.2414945524961057,0.014367476283113304,0.060453604637332396,Branham
2026,1631104,124,0.9838709677419355,1.0989920418987473,-0.11512107415681183,0.010107896723169562,0.004818209711840117,0.32280419095356616,-0.037161565204895136,0.05712154955850684,Wesley
2026,1631105,803,1.3001245330012454,1.1678538815185733,0.13227065148267214,0.001049483598880692,0.004818209711840117,0.8211420496427122,0.10861299386605826,0.02935600642886054,Duren
2026,1631106,579,0.9879101899827288,1.0892365584042378,-0.101326368421509,0.0024653706898400208,0.004818209711840117,0.6615166506198898,-0.0670290798576736,0.04038420187745968,Eason
2026,1631107,314,0.8757961783439491,1.0726398984291075,-0.19684372008515838,0.004875015633965876,0.004818209711840117,0.4970698131891498,-0.09784507117018697,0.04922624412312605,Jović
2026,1631108,725,1.1310344827586207,1.0983782420155537,0.032656240743067055,0.002258590094604293,0.004818209711840117,0.6808458404394127,0.02223386567430528,0.039214176915612964,Christie
2026,1631109,438,1.2899543378995433,1.2791998759025633,0.010754461996979936,0.001821121580642646,0.004818209711840117,0.7257070779545869,0.007804589190801961,0.0363538281462656,Williams
2026,1631110,129,1.0775193798449612,1.215158319792849,-0.1376389399478879,0.009436696289317422,0.004818209711840117,0.33800361163018994,-0.046522458803336934,0.056476875158302624,Sochan
2026,1631111,7,1.1428571428571428,1.1689069614277778,-0.02604981857063504,0.14459679878894807,0.004818209711840117,0.03224716017611243,-0.0008400326720059362,0.06828496270409985,Moore Jr.
2026,1631113,137,1.0,1.0158166077670858,-0.015816607767085822,0.00919074460559396,0.004818209711840117,0.34393785593574805,-0.005439930163588197,0.056223171327318675,Chandler
2026,1631114,446,1.0201793721973094,1.038779115428275,-0.018599743230965693,0.0024651603717821538,0.004818209711840117,0.6615357528892525,-0.012304395141843668,0.040383062322459605,Williams
2026,1631115,5,1.4,0.9606766152906447,0.43932338470935517,0.27761137994547147,0.004818209711840117,0.01705986160191761,0.007494796141627606,0.06881868729485553,Robinson
2026,1631116,27,1.037037037037037,1.0701136122101944,-0.03307657517315743,0.055791643158504337,0.004818209711840117,0.07949548602513765,-0.0026294384194371512,0.06659717553339893,Baldwin Jr.
2026,1631117,37,1.5675675675675675,1.2353227603250363,0.33224480724253125,0.030176401597947808,0.004818209711840117,0.13768433285876996,0.045744904630978536,0.0644578755629734,Kessler
2026,1631119,352,1.125,1.101258080208755,0.02374191979124496,0.0049396362306932525,0.004818209711840117,0.4937780059467915,0.0117232378118696,0.04938708057877323,Williams
2026,1631120,64,0.875,0.9818397446309663,-0.10683974463096635,0.023545013339930546,0.004818209711840117,0.16987525370602494,-0.018149428725072324,0.06324330094668085,Davison
2026,1631121,237,1.1223628691983123,1.1180363255671124,0.004326543631199886,0.005676012591998044,0.004818209711840117,0.4591297546725214,0.0019864449159727633,0.051049253362632094,McGowens
2026,1631123,236,1.0127118644067796,1.018644395600399,-0.005932531193619361,0.005438056599569985,0.004818209711840117,0.4697820401250556,-0.002786996607244035,0.0505440532967184,Bouyea
2026,1631124,319,1.115987460815047,1.042682181071645,0.07330527974340217,0.004645767488532786,0.004818209711840117,0.5091104521733493,0.037320484116857344,0.04863341224692312,Strawther
2026,1631126,490,0.9653061224489796,1.0318153400995842,-0.06650921765060458,0.0032537197802909013,0.004818209711840117,0.5969092912093924,-0.03969996996671359,0.0440701210328202,Love
2026,1631127,6,1.8333333333333333,1.0953866044857299,0.7379467288476034,0.17655273914466585,0.004818209711840117,0.026565498731839946,0.019603922889366444,0.06848511931690336,Ingram
2026,1631128,389,1.1491002570694087,1.1854428746073467,-0.03634261753793799,0.003336622875671293,0.004818209711840117,0.5908410332321092,-0.02147270969647466,0.044400604808577986,Braun
2026,1631131,145,1.2689655172413794,1.1441791136744575,0.12478640356692194,0.006116097011824799,0.004818209711840117,0.4406506817128292,0.054987213800256375,0.051913989614384246,Tshiebwe
2026,1631132,74,0.8513513513513513,1.244673851224018,-0.39332249987266676,0.012415704584491557,0.004818209711840117,0.2795772120594621,-0.10996400795465831,0.05891644993960543,Koloko
2026,1631133,213,1.0610328638497653,1.149870252217673,-0.08883738836790767,0.006594986072071401,0.004818209711840117,0.4221613124898858,-0.03750370847156961,0.052765026068771904,Walker
2026,1631157,1030,1.1223300970873786,1.0500945037487859,0.07223559333859275,0.0013907865517774553,0.004818209711840117,0.7760046080351262,0.05605515329489944,0.03285204366508405,Rollins
2026,1631159,262,1.2290076335877862,1.2349836486206351,-0.005976015032848947,0.004811444336015532,0.004818209711840117,0.5003512782386036,-0.0029901067604590813,0.049065388245679464,Miller
2026,1631165,384,1.1171875,1.1153693844190544,0.0018181155809455785,0.004258444724049726,0.004818209711840117,0.5308354246459486,0.0009651201564666617,0.0475450661312216,Ellis
2026,1631166,66,1.3181818181818181,1.0106353913899568,0.3075464267918613,0.020353198847068148,0.004818209711840117,0.19141597501642124,0.058869299147180545,0.062417364587225646,Timme
2026,1631169,252,1.253968253968254,1.1226261023456887,0.13134215162256524,0.00624622138012351,0.004818209711840117,0.4354683645090169,0.0571953519581738,0.05215392419333026,Minott
2026,1631170,915,1.0775956284153005,1.021518427934314,0.05607720048098663,0.0012570555848272537,0.004818209711840117,0.7930863059565777,0.04447405977785211,0.03157457157512564,Jaquez Jr.
2026,1631172,398,1.0025125628140703,1.0321349409075022,-0.029622378093431934,0.0036305879594902626,0.004818209711840117,0.5702834769247614,-0.01689315277390225,0.04550235515684086,Dieng
2026,1631174,112,0.9464285714285714,1.1171694024301595,-0.1707408310015881,0.014334378902247922,0.004818209711840117,0.25156963421101175,-0.042953208399953695,0.06005076566606419,Burton
2026,1631199,110,1.0909090909090908,1.0713516919478654,0.019557398961225436,0.016021256318613532,0.004818209711840117,0.231206006180727,0.004521788105108032,0.06086222709878741,Harper Jr.
2026,1631200,276,1.0579710144927537,1.18502450919491,-0.12705349470215643,0.004978847337370425,0.004818209711840117,0.49180174083281203,-0.062485129873412995,0.04948338900944019,Murray
2026,1631204,177,1.0282485875706215,1.0428555631166427,-0.014606975546021195,0.009237405313814357,0.004818209711840117,0.3427960785099666,-0.005007213936067043,0.05627207404372696,Sasser
2026,1631205,6,1.0,1.1013579327298324,-0.1013579327298324,0.34709481187058394,0.004818209711840117,0.013691478906277442,-0.0013877399979543882,0.0689365019072221,Boeheim
2026,1631207,155,1.032258064516129,1.1154524155699561,-0.08319435105382711,0.009003524192608586,0.004818209711840117,0.3485966192916877,-0.02900126952152999,0.056023192476458136,Terry
2026,1631210,6,1.3333333333333333,1.3562372746706082,-0.022903941337274913,0.1008795057315626,0.004818209711840117,0.04558480466325777,-0.0010440716918783917,0.06781277581178397,Toppin
2026,1631211,12,0.6666666666666666,1.0314318281950066,-0.36476516152833993,0.1450313991091214,0.004818209711840117,0.0321536355666891,-0.011728526071206724,0.06828826218818083,Keels
2026,1631212,581,1.1204819277108433,1.107337463670852,0.013144464039991366,0.002190915450864759,0.004818209711840117,0.6874195566484552,0.009035761642752427,0.03880822242628104,Watson
2026,1631213,277,0.9783393501805054,1.0572941237085423,-0.07895477352803681,0.005715327317297646,0.004818209711840117,0.4574161270342558,-0.03611518671806139,0.05113005853909589,Martin
2026,1631214,26,1.4230769230769231,1.2289085124593282,0.19416841061759493,0.05539262358390448,0.004818209711840117,0.08002230575640686,0.015537803922676736,0.06657811548159619,Williams
2026,1631216,26,1.5,1.1045247523585755,0.3954752476414245,0.06983036831143999,0.004818209711840117,0.06454523099338204,0.02552604121118071,0.06713581200086016,Houstan
2026,1631217,363,1.2644628099173554,1.2655344898195993,-0.0010716799022438828,0.0021978877458836868,0.004818209711840117,0.6867364287444296,-0.0007359616288241435,0.03885060593336103,Diabaté
2026,1631218,123,1.1382113821138211,1.313925055635467,-0.1757136735216458,0.006250644032191014,0.004818209711840117,0.43529436952207734,-0.07648717273201294,0.05216196078656862,Jackson-Davis
2026,1631221,842,1.1116389548693586,1.028677902264076,0.08296105260528264,0.002040548530329809,0.004818209711840117,0.7024900924800296,0.0582793175169256,0.037861129483698394,Gillespie
2026,1631222,522,1.0689655172413792,1.1213124433088832,-0.05234692606750402,0.0027408656717428695,0.004818209711840117,0.637407284269772,-0.03336631198455827,0.04179770022828848,LaRavia
2026,1631223,30,1.1,1.1869732994822693,-0.08697329948226917,0.04357442641102767,0.004818209711840117,0.09956493586352257,-0.00865949098479107,0.06586717673396783,Roddy
2026,1631230,399,1.1303258145363408,1.2056243194790313,-0.07529850494269041,0.0027087593214735533,0.004818209711840117,0.640126150448496,-0.048200542103491464,0.041640697363833204,Barlow
2026,1631243,290,1.0413793103448277,1.2088405972559169,-0.1674612869110892,0.004734237439362072,0.004818209711840117,0.5043953277704069,-0.08446669070037298,0.048866422469523635,Gueye
2026,1631245,328,1.0670731707317074,1.1048288702577254,-0.03775569952601798,0.003962156567862221,0.004818209711840117,0.5487481453909754,-0.020718370092841297,0.046628597109103186,Jackson
2026,1631246,292,0.8938356164383562,1.047657849402503,-0.15382223296414688,0.00556674579681139,0.004818209711840117,0.46396055407518677,-0.07136744843512804,0.050820768041070864,Williams Jr.
2026,1631247,36,0.5277777777777778,1.142018135493772,-0.6142403577159942,0.038735073073731384,0.004818209711840117,0.11062793442142808,-0.06795214201239953,0.06546129485283636,Travers
2026,1631248,333,1.1981981981981982,1.0805882651514054,0.11760993304679279,0.00534165959669531,0.004818209711840117,0.47423933965295023,0.0557752569847387,0.050331154564420916,Scheierman
2026,1631250,194,1.288659793814433,1.154199231730761,0.13446056208367207,0.008178619707361062,0.004818209711840117,0.3707219319753338,0.04984747935014823,0.05506354237428275,Nance
2026,1631255,235,1.3702127659574468,1.3076448350643004,0.06256793089314638,0.0051422388874863625,0.004818209711840117,0.4837342077309572,0.030266248479961448,0.049874611318801616,Matković
2026,1631260,618,1.2233009708737863,1.087705729622782,0.13559524125100442,0.003178171793809582,0.004818209711840117,0.60254875388773,0.08170274364889883,0.04376075243869894,Green
2026,1631288,152,1.1578947368421053,1.1219903847402346,0.03590435210187071,0.009593472943949506,0.004818209711840117,0.33432665892795604,0.01200378207919137,0.056633503837096116,Cain
2026,1631321,334,0.9730538922155688,1.154556585354781,-0.1815026931392122,0.0046753526316879405,0.004818209711840117,0.5075238922431243,-0.0921169532746224,0.04871194068442971,Cissoko
2026,1631323,470,1.0872340425531914,1.103703037605642,-0.016468995052450586,0.003674974086646443,0.004818209711840117,0.5673031252071451,-0.009342912362276228,0.04565987608841926,Fontecchio
2026,1631338,11,1.1818181818181819,1.3554588972695898,-0.1736407154514079,0.11609945914077398,0.004818209711840117,0.03984702779635131,-0.00691906641517058,0.06801630962882192,Gueye
2026,1631342,279,1.082437275985663,1.0949565296821409,-0.012519253696477772,0.005925253256534147,0.004818209711840117,0.4484782724177085,-0.005614613269755362,0.05154946502271227,Plowden
2026,1631351,75,0.8666666666666667,1.1030666147638784,-0.23639994809721165,0.023124982204967167,0.004818209711840117,0.1724287520976463,-0.04076214804635056,0.06314595651253345,Williamson
2026,1631451,41,0.5121951219512195,1.040225517506731,-0.5280303955555115,0.03782967504769086,0.004818209711840117,0.11297652249361183,-0.05965503786078799,0.06537480503949111,Cooke
2026,1631457,7,0.8571428571428571,0.9923159803840699,-0.13517312324121278,0.16042051210411307,0.004818209711840117,0.029159083651147784,-0.003941524407977432,0.06839382378405084,Morales
2026,1631466,88,1.125,1.091076722917139,0.033923277082861025,0.014776102922742208,0.004818209711840117,0.24589837886613988,0.0083416788405024,0.06027785459570986,Williams
2026,1641705,1080,1.137037037037037,1.1420504951447081,-0.005013458107671065,0.0011198424829602512,0.004818209711840117,0.8114124891086615,-0.004067982522187379,0.03014389119719618,Wembanyama
2026,1641706,1044,1.0651340996168583,1.0487591508565488,0.016374948760309538,0.0014232826035385142,0.004818209711840117,0.7719643746045095,0.01264087707893324,0.03314699782674273,Miller
2026,1641707,355,1.095774647887324,1.1169622795472716,-0.021187631659947526,0.004224238177588022,0.004818209711840117,0.5328435143622187,-0.011289692114698649,0.047443207269840595,Hendricks
2026,1641708,1043,1.0920421860019176,1.135890529064393,-0.043848343062475426,0.0009306080180142321,0.004818209711840117,0.8381218431780391,-0.036750254107824884,0.027927816014403094,Thompson
2026,1641709,576,1.0572916666666667,1.1387383527722974,-0.08144668610563066,0.001566350534280504,0.004818209711840117,0.7546658698643736,-0.06146503421747635,0.03438126362519741,Thompson
2026,1641710,771,1.020752269779507,1.1064087398367493,-0.0856564700572422,0.0017285062524611627,0.004818209711840117,0.7359735382004399,-0.06304089533778857,0.035666999627462705,Black
2026,1641711,384,0.984375,1.1257969343408183,-0.1414219343408183,0.0037584620571769287,0.004818209711840117,0.561780821465705,-0.07944813044725389,0.045950319932820255,Dick
2026,1641712,313,0.9265175718849841,1.05705326745246,-0.1305356955674759,0.004559952273431371,0.004818209711840117,0.5137690860327611,-0.06706520500635284,0.04840209201960021,Rupert
2026,1641713,513,1.1130604288499026,1.115053164452241,-0.001992735602338369,0.002543534473493863,0.004818209711840117,0.6544929558186664,-0.0013042314145395298,0.040801046503535596,Jackson
2026,1641715,169,1.0059171597633136,1.1598777480378697,-0.15396058827455605,0.007416313809169521,0.004818209711840117,0.39382078947055715,-0.06063288042163707,0.05404348766769717,Whitmore
2026,1641716,733,1.019099590723056,1.0511407392299976,-0.03204114850694162,0.0019995681007732692,0.004818209711840117,0.7067126333929624,-0.022643884438275697,0.03759148890568238,Walker
2026,1641717,584,1.0359589041095891,1.1216092549257095,-0.08565035081612038,0.0024967030002940763,0.004818209711840117,0.658683145165564,-0.056416442460096104,0.040552881337557294,Wallace
2026,1641718,881,1.0646992054483542,0.9979230303069345,0.06677617514141965,0.0015874429956951024,0.004818209711840117,0.752180914549468,0.050227764487988484,0.034554946451949384,George
2026,1641722,257,0.914396887159533,1.0257522468544298,-0.11135535969489674,0.005934710392458116,0.004818209711840117,0.4480838381672852,-0.049896536972587946,0.0515678951583629,Hawkins
2026,1641723,50,0.7,1.005331948575635,-0.30533194857563495,0.030638260088687495,0.004818209711840117,0.13589084697226173,-0.04149181709963409,0.06452487205107954,Bufkin
2026,1641724,251,1.051792828685259,1.0685120950722873,-0.016719266387028364,0.0062335700686442595,0.004818209711840117,0.4359668585098196,-0.007289046043341577,0.052130892569835,Howard
2026,1641725,37,1.1891891891891893,1.0012910408436748,0.18789814834551444,0.03608241193717581,0.004818209711840117,0.11780284791725269,0.02213493699348002,0.06519670916482508,Alexander
2026,1641726,18,1.2222222222222223,1.427113919063558,-0.20489169684133568,0.03764891034958745,0.004818209711840117,0.11345741611088069,-0.02324648250619184,0.06535708138874001,Lively II
2026,1641727,93,1.0,1.0830002628410536,-0.08300026284105355,0.017661011593324505,0.004818209711840117,0.21434059687526313,-0.01779032587815514,0.06152618764667705,Whitehead
2026,1641729,857,1.1085180863477246,1.0543818570231558,0.05413622932456885,0.0017743510855566325,0.004818209711840117,0.7308555597610441,0.03956576418636002,0.0360110310300484,Sensabaugh
2026,1641730,631,0.9968304278922345,1.078765719303107,-0.08193529141087252,0.0025815897578927113,0.004818209711840117,0.6511270652060088,-0.05335028583316053,0.04099930441632604,Clowney
2026,1641731,541,0.9704251386321626,1.1256789272738188,-0.15525378864165618,0.0024297436175916443,0.004818209711840117,0.6647683135975524,-0.10320779925494461,0.040189756992806185,Coulibaly
2026,1641732,3,0.6666666666666666,0.9909480648001369,-0.32428139813347023,0.5715693716432004,0.004818209711840117,0.0083593225595057,-0.002710772807045167,0.06912259212948761,Jones
2026,1641733,161,1.0807453416149069,0.9787567078960826,0.10198863371882427,0.009576689209733081,0.004818209711840117,0.33471646713817577,0.034137275166614287,0.056616919548507276,Smith Jr.
2026,1641737,220,1.2,1.2872495473844592,-0.08724954738445923,0.0037102418466356665,0.004818209711840117,0.5649571529841971,-0.04929225588948389,0.04578348687636314,Bona
2026,1641738,271,1.1291512915129152,1.1327321943093756,-0.0035809027964603946,0.005474990189301589,0.004818209711840117,0.4680963896665106,-0.0016762076707698224,0.05062433348767803,Brown
2026,1641739,890,1.1269662921348316,1.12700840617145,-4.211403661846802e-05,0.001886009230408606,0.004818209711840117,0.7186832281798955,-3.0266651788646928e-05,0.03681634422491099,Camara
2026,1641740,227,1.0176211453744493,1.111801752341664,-0.09418060696721464,0.006235541082058427,0.004818209711840117,0.43588912050556405,-0.04105230193961939,0.05213448492250366,Clark
2026,1641744,98,1.2755102040816326,1.1699686512186205,0.10554155286301214,0.009009383929470004,0.004818209711840117,0.34844889406104984,0.03677583737260241,0.056029544584935,Edey
2026,1641747,61,1.3442622950819672,1.1574897895032241,0.18677250557874303,0.027818509746538714,0.004818209711840117,0.1476315570866341,0.02757351581956189,0.06408502094648341,Holmes II
2026,1641748,119,0.7815126050420168,1.1175904148050535,-0.3360778097630367,0.012010185535312664,0.004818209711840117,0.2863142706762439,-0.09622387299277328,0.058640323261638136,Jackson Jr.
2026,1641750,291,1.5051546391752577,1.3913183630466421,0.11383627612861558,0.0024612981447554414,0.004818209711840117,0.6618867383286914,0.07534672151025364,0.04036211839196053,Kalkbrenner
2026,1641752,27,0.8148148148148148,1.0292495579231171,-0.21443474310830235,0.0543584679321485,0.004818209711840117,0.08142075398059405,-0.017459438463512972,0.06652749389737656,Klintman
2026,1641753,7,1.1428571428571428,1.1364711789680448,0.006385963889097956,0.20500619056441116,0.004818209711840117,0.022963057230219856,0.00014664125425547372,0.06861172557573474,Livingston
2026,1641755,47,1.0212765957446808,1.0637814353009174,-0.04250483955623663,0.032500871643269424,0.004818209711840117,0.12910847579533014,-0.005487735049030768,0.06477760415361301,McCullar Jr.
2026,1641757,398,1.1532663316582914,1.0291755997280725,0.12409073193021891,0.003117050706039378,0.004818209711840117,0.6071898662561683,0.07534663492433966,0.0435045009316708,Miller
2026,1641761,9,1.1111111111111112,1.2522420464226889,-0.14113093531157772,0.08303721037310403,0.004818209711840117,0.05484248674904255,-0.007739971449705183,0.06748308758173722,Nelson
2026,1641763,121,1.0082644628099173,1.2165335783778688,-0.20826911556795147,0.012076184941362292,0.004818209711840117,0.2851957593477197,-0.059397468563079904,0.05868625677597198,Phillips
2026,1641764,866,1.0866050808314087,1.0232790036791628,0.06332607715224592,0.0017040690250472365,0.004818209711840117,0.7387310334638543,0.046780938419890394,0.03548025749578049,Podziemski
2026,1641765,350,1.2685714285714285,1.1664820851682263,0.10208934340320219,0.00386409534154425,0.004818209711840117,0.5549459138114452,0.056654063965300476,0.04630727718585733,Prosper
2026,1641767,387,1.0852713178294573,1.1198604648199697,-0.03458914699051241,0.00416810552149227,0.004818209711840117,0.5361718999093452,-0.01854572865814665,0.04727389402705411,Sheppard
2026,1641771,77,1.077922077922078,1.1478506748185715,-0.06992859689649356,0.019112695855010606,0.004818209711840117,0.20133837803924723,-0.01407931027770035,0.062033210326447555,Slawson
2026,1641772,314,1.0414012738853504,1.2606513799150616,-0.21925010602971118,0.0039693327829992435,0.004818209711840117,0.5483000184260498,-0.12021483717600401,0.046651744212382974,Tomlin
2026,1641774,317,1.1167192429022081,1.051939270660428,0.06477997224178011,0.004511578016841737,0.004818209711840117,0.5164329405939069,0.033454511556414164,0.048269322576108366,Vukcevic
2026,1641775,267,1.198501872659176,1.1689071269353983,0.029594745723777738,0.005217148401697244,0.004818209711840117,0.4801233456074192,0.01420912832930103,0.05004872371153215,Walsh
2026,1641778,103,0.9611650485436893,1.0678761739671627,-0.10671112542347339,0.015145061877054746,0.004818209711840117,0.24135371251074814,-0.025755126287155383,0.060459216917126565,Black
2026,1641780,24,0.3333333333333333,1.039650792148963,-0.7063174588156298,0.04797871885494045,0.004818209711840117,0.09125928046639627,-0.06445802307236785,0.06617026039242542,Broome
2026,1641783,620,1.0935483870967742,1.0928345885065256,0.00071379859024856,0.0024446552266974278,0.004818209711840117,0.6634034575356312,0.000473536452754954,0.040271487803080055,da Silva
2026,1641787,1,0.0,0.7350718773414359,-0.7350718773414359,0.9298130898246088,0.004818209711840117,0.005155198327115532,-0.003789441312380244,0.06923417425804937,Evbuomwan
2026,1641790,59,1.0677966101694916,1.2152834108050012,-0.14748680063550967,0.01623500345194598,0.004818209711840117,0.22885863902845868,-0.03375362846810436,0.06095507193527611,Hall
2026,1641794,9,0.5555555555555556,1.0757522372701045,-0.5201966817145489,0.16750005858986827,0.004818209711840117,0.027961108008606586,-0.014545275603139245,0.06843600828276908,Jones
2026,1641796,559,1.1019677996422181,1.0954790880053356,0.006488711636882583,0.002320707232049642,0.004818209711840117,0.6749216652484031,0.0043793720632814845,0.0395764524636678,Larsson
2026,1641801,13,1.0769230769230769,1.0407081540063703,0.03621492291670658,0.113217012020645,0.004818209711840117,0.040820101331788074,0.0014782968231828568,0.06798183509706837,Miller
2026,1641803,9,1.1111111111111112,1.061265057229884,0.04984605388122709,0.17525971042400448,0.004818209711840117,0.026756249229252675,0.0013336934407408697,0.06847840894728292,Newton
2026,1641807,10,1.4,1.1517827523110313,0.24821724768896858,0.09898657380106517,0.004818209711840117,0.046416066281195066,0.011521268220866979,0.06778323812343763,Omier
2026,1641809,16,0.25,1.1207465858624628,-0.8707465858624628,0.11150207134138372,0.004818209711840117,0.04142192288579051,-0.0360679979326603,0.06796050471199216,Peterson
2026,1641810,20,1.35,1.095870532323025,0.2541294676769752,0.08162187472410269,0.004818209711840117,0.05574045586929862,0.014165292378136787,0.06745102301691402,Reeves
2026,1641813,13,1.2307692307692308,1.0001417444663594,0.23062748630287144,0.12255066141700188,0.004818209711840117,0.03782878555126849,0.008724357721579435,0.06808775726890906,Sears
2026,1641815,7,0.8571428571428571,1.0462163988044573,-0.18907354166160018,0.15940107903414685,0.004818209711840117,0.029340096091226432,-0.005547435880659853,0.06838744750249894,Stevens
2026,1641816,52,0.6730769230769231,1.0550545626806351,-0.381977639603712,0.031359324668938864,0.004818209711840117,0.13318236840374664,-0.05087268671969514,0.06462591686739397,Tyson
2026,1641824,963,1.1059190031152648,1.1628926096334489,-0.05697360651818406,0.001518638614844088,0.004818209711840117,0.7603479621803217,-0.04331976561416475,0.033980785395353194,Buzelis
2026,1641842,544,0.9558823529411765,1.1151799085737069,-0.15929755563253034,0.0024056618971412427,0.004818209711840117,0.6669844056820846,-0.10624898547017206,0.0400566969524047,Holland II
2026,1641854,258,1.0271317829457365,1.0966361379561733,-0.06950435501043684,0.00509082541267658,0.004818209711840117,0.48624408444360223,-0.033796081466892954,0.049753228456544875,Porter Jr.
2026,1641869,99,1.1717171717171717,1.0288506077712845,0.14286656394588726,0.014904360287463357,0.004818209711840117,0.2442992831061204,0.034902199151814965,0.06034173127598038,Smith
2026,1641871,74,1.2027027027027026,1.134512793551785,0.06818990915091772,0.023807134133828928,0.004818209711840117,0.16831971478900162,0.011477706059770401,0.06330252781168845,Reath
2026,1641890,50,1.04,1.1759579422594026,-0.1359579422594026,0.0336471376026355,0.004818209711840117,0.12526104788417927,-0.01703023431558951,0.06492053384260864,Smith
2026,1641989,161,0.8012422360248447,1.0566278298279292,-0.25538559380308457,0.00970661979623814,0.004818209711840117,0.3317222903828495,-0.08471709410714327,0.05674418164608266,Harkless
2026,1641998,10,1.2,0.9575804550305401,0.24241954496945983,0.09198617631175157,0.004818209711840117,0.0497726385110887,0.012065860379787536,0.06766383599517604,Jemison III
2026,1642066,123,1.170731707317073,1.1180073592572368,0.05272434805983628,0.012260937822363422,0.004818209711840117,0.2821106675371785,0.014874101026622955,0.05881276522744688,Gardner
2026,1642258,536,1.087686567164179,1.1698501852253524,-0.08216361806117334,0.0026633857968726827,0.004818209711840117,0.6440083142999379,-0.052914053164360174,0.041415487409595615,Risacher
2026,1642259,656,1.0396341463414633,1.0614561240042382,-0.021821977662774827,0.0017684774226476808,0.004818209711840117,0.7315072985039841,-0.0159629359281107,0.035967403880545694,Sarr
2026,1642260,51,0.9803921568627451,0.9997745335947803,-0.019382376732035245,0.024737716483109264,0.004818209711840117,0.16302008876525986,-0.003159716775338093,0.06350389544686455,Topić
2026,1642261,191,1.1099476439790577,1.0872081168927326,0.022739527086325095,0.008144115201697347,0.004818209711840117,0.3717087593451791,0.008452481401353996,0.055020350394986886,Knecht
2026,1642262,509,0.9901768172888016,1.1137425443409523,-0.12356572705215074,0.0023039606674782206,0.004818209711840117,0.676508628020391,-0.08359328047839261,0.039479732397378724,Williams
2026,1642263,946,1.1004228329809724,1.0253045337873807,0.0751182991935917,0.0017117491008048133,0.004818209711840117,0.7378621902652588,0.055426952771984596,0.03553920287097653,Sheppard
2026,1642264,817,1.0416156670746635,1.0879880130151038,-0.046372345940440374,0.0015111925559946038,0.004818209711840117,0.7612424535450516,-0.03530059840034074,0.0339173101690619,Castle
2026,1642265,412,0.8932038834951457,1.0288460329858917,-0.13564214949074604,0.003163254523554245,0.004818209711840117,0.6036749109860605,-0.08188376251978403,0.04369871157062714,Dillingham
2026,1642266,404,1.1633663366336633,1.1623216274291528,0.0010447092045104966,0.004115073990202708,0.004818209711840117,0.5393548299309368,0.0005634689553260431,0.047111410848530134,Walter
2026,1642267,741,1.0755735492577598,1.0132608409038537,0.06231270835390612,0.0021286399250526077,0.004818209711840117,0.6935819779734382,0.0432189715129842,0.03842377245418803,Carrington
2026,1642268,515,1.0427184466019417,0.9822974084345034,0.06042103816743827,0.0022146431808367463,0.004818209711840117,0.6851003121161826,0.04139447210689574,0.03895192850703583,Collier
2026,1642269,292,0.9315068493150684,1.019014233839655,-0.08750738452458662,0.004585276780441559,0.004818209711840117,0.5123854557344102,-0.04483751109975659,0.04847091017110115,Carter
2026,1642270,684,1.1637426900584795,1.221443895480824,-0.05770120542234447,0.0018284330648382005,0.004818209711840117,0.7249087808278503,-0.041828110475009075,0.03640669147089844,Clingan
2026,1642271,657,1.095890410958904,1.0804967952210383,0.015393615737865796,0.001987578529281958,0.004818209711840117,0.707957629761007,0.010898027711231204,0.037511616661433336,Filipowski
2026,1642272,480,1.05625,1.0353414979675815,0.020908502032418452,0.0032044802059092697,0.004818209711840117,0.6005728454218724,0.012557078559118551,0.04386939474577918,McCain
2026,1642273,577,1.048526863084922,1.0136233339430571,0.0349035291418649,0.0025059989557630964,0.004818209711840117,0.6578471382379165,0.022961186760379546,0.040602515211202866,George
2026,1642274,294,1.08843537414966,1.215989789715463,-0.12755441556580305,0.0028799275458834817,0.004818209711840117,0.6258929336452103,-0.07983540735788074,0.042456169167491585,Missi
2026,1642275,159,1.2327044025157232,1.1039581441856967,0.1287462583300265,0.009425925061552185,0.004818209711840117,0.338259205525099,0.04354960705704393,0.05646597136913313,Salaün
2026,1642276,649,1.201848998459168,1.2219751761523288,-0.02012617769316072,0.0019136369777996358,0.004818209711840117,0.7157337256737137,-0.01440498414389711,0.0370088438580229,Ware
2026,1642277,149,1.0939597315436242,1.17069644891128,-0.07673671736765586,0.009449839477325151,0.004818209711840117,0.337692255469579,-0.025913395165215323,0.056490154955738954,Furphy
2026,1642278,248,1.0483870967741935,1.0195006490275251,0.028886447746668376,0.0058879994214063305,0.004818209711840117,0.4500388187708687,0.013000022822397058,0.05147648302412727,Kolek
2026,1642280,3,1.3333333333333333,1.4665977944380104,-0.13326446110467716,0.3447263974482937,0.004818209711840117,0.01378424845682941,-0.001836950442332349,0.06893325983917346,Flowers
2026,1642281,670,1.1835820895522389,1.1406351168083262,0.04294697274391268,0.002105490810354667,0.004818209711840117,0.6959009414683298,0.029886838765703534,0.038278101274471926,Tyson
2026,1642282,5,1.2,1.0036704868039863,0.19632951319601366,0.19296579575346648,0.004818209711840117,0.024360967412429525,0.0047827768730662416,0.06856262438139112,Sallis
2026,1642285,556,1.20863309352518,1.0190750135045472,0.18955808002063268,0.0029071579342038766,0.004818209711840117,0.623686785224704,0.11822486954143559,0.04258116938417858,Spencer
2026,1642345,366,1.3060109289617485,1.2656380790087365,0.04037284995301205,0.0020791839951316165,0.004818209711840117,0.6985551233605786,0.02820266117934446,0.03811068921193248,Ighodaro
2026,1642346,362,1.0607734806629834,1.1807825693257739,-0.12000908866279048,0.003938726209567557,0.004818209711840117,0.5502163947621523,-0.06603096810273207,0.046552676990517516,Dunn
2026,1642347,504,0.9007936507936508,1.0526981386464975,-0.15190448785284671,0.00301343861922453,0.004818209711840117,0.6152229400710492,-0.09345512562681534,0.04305736367966527,Shead
2026,1642348,320,1.103125,1.0677179778811843,0.035407022118815634,0.004868766895404179,0.004818209711840117,0.49739045598983617,0.017611114876919923,0.04921054954187469,Edwards
2026,1642349,590,1.0728813559322035,0.9904466868383611,0.08243466909384234,0.0021711962238902855,0.004818209711840117,0.6893589750180403,0.05682707899248248,0.03868764148231379,Mitchell
2026,1642352,104,1.1057692307692308,1.2161790109397894,-0.11040978017055858,0.01247832133057068,0.004818209711840117,0.27856508915145756,-0.030756310256404483,0.05895782131245146,Johnson
2026,1642353,139,0.8489208633093526,1.066122781216943,-0.21720191790759036,0.00934686212687308,0.004818209711840117,0.3401472132793517,-0.07388062709519738,0.056385362509805616,Christie
2026,1642354,99,0.8080808080808081,1.0355178445830284,-0.22743703650222036,0.01410888637718327,0.004818209711840117,0.2545667697346556,-0.057897911700393184,0.05993040655287458,Simpson
2026,1642355,115,1.008695652173913,1.0409512014814442,-0.03225554930753116,0.012551041268779699,0.004818209711840117,0.2773988191670531,-0.008947651289493801,0.05900545760585575,James
2026,1642357,25,1.16,1.1470817102105775,0.012918289789422444,0.04415435713653968,0.004818209711840117,0.09838589279498879,0.0012709774743167148,0.06591028635704173,Jones Garcia
2026,1642358,176,0.7159090909090909,1.0851629166884502,-0.3692538257793593,0.007088258171314378,0.004818209711840117,0.40467162546644203,-0.14942654588783572,0.05355760409047047,Johnson
2026,1642359,48,0.8125,1.0817800585182875,-0.2692800585182875,0.03444982393409886,0.004818209711840117,0.12270055983153123,-0.03304081393166137,0.0650154803320841,Dadiet
2026,1642362,26,1.2692307692307692,1.1379242243346963,0.13130654489607285,0.06490550918062618,0.004818209711840117,0.06910431325774748,0.009073848611290701,0.06697201384587144,Sandfort
2026,1642363,596,0.964765100671141,1.0048885701592587,-0.040123469488117736,0.0023042895163620744,0.004818209711840117,0.6764773933231151,-0.02714262005040143,0.03948163833341263,Clifford
2026,1642364,296,1.0506756756756757,1.1392918194742632,-0.08861614379858751,0.005002350176074993,0.004818209711840117,0.49062474714596094,-0.04347727314423211,0.04954065795154871,Watkins
2026,1642366,439,1.0911161731207288,1.0951758052259486,-0.004059632105219757,0.003759350670623239,0.004818209711840117,0.5617226224009856,-0.002280387192127276,0.045953371119292104,Post
2026,1642367,44,1.1818181818181819,1.2187126433429143,-0.036894461524732414,0.019517043719354567,0.004818209711840117,0.19799299503755272,-0.007304844937579524,0.06216299494292298,Mogbo
2026,1642368,4,0.5,1.1970578978264255,-0.6970578978264255,0.19606144557008912,0.004818209711840117,0.02398555346522219,-0.016719319476671116,0.06857581414165,Dante
2026,1642377,698,1.0472779369627507,1.0693905801738983,-0.022112643211147587,0.002193729659345331,0.004818209711840117,0.6871436640824155,-0.015194562678655103,0.03882534528022667,Wells
2026,1642380,68,1.088235294117647,1.0818412665777886,0.0063940275398584046,0.02482114880256771,0.004818209711840117,0.1625612008268655,0.001039420794999431,0.06352130158653647,Bal
2026,1642382,186,1.2204301075268817,1.2310994432914193,-0.010669335764537546,0.007158760681425951,0.004818209711840117,0.4022895234465226,-0.004292162000206749,0.05366464779534614,Carlson
2026,1642383,461,0.93058568329718,1.0280056743451615,-0.09741999104798149,0.003330103104851702,0.004818209711840117,0.5913137873118977,-0.0576057838664731,0.04437494652468856,Clayton Jr.
2026,1642384,24,0.9583333333333334,1.1419999640972325,-0.1836666307638991,0.06394648515418086,0.004818209711840117,0.07006807375831113,-0.01286916703130538,0.06693733665427608,Crawford
2026,1642389,13,1.4615384615384615,1.060218780379634,0.40131968115882755,0.08600760621879182,0.004818209711840117,0.053048900937152234,0.021289568009924164,0.06754708714772448,Pullin
2026,1642396,115,1.3478260869565217,1.09104704711665,0.2567790398398717,0.014940100571859962,0.004818209711840117,0.2438573766004157,0.06261746302132475,0.060359371530857915,Hinson
2026,1642400,28,1.1071428571428572,1.17211745167697,-0.0649745945341127,0.046473359705484635,0.004818209711840117,0.09393765421053134,-0.0061035609938149575,0.0660726750935321,Enaruna
2026,1642402,8,1.25,1.1946774659074715,0.05532253409252852,0.17777883543753553,0.004818209711840117,0.02638711764420133,0.0014598022154748889,0.06849139395091444,Freeman
2026,1642403,7,0.8571428571428571,1.1906785022081114,-0.33353564506525435,0.1731993019024337,0.004818209711840117,0.027065931144348063,-0.00902745280352189,0.06846751331500527,Jones
2026,1642404,89,0.8426966292134831,1.03861529907338,-0.1959186698598968,0.0202368977847372,0.004818209711840117,0.19230449170885874,-0.037676040223683156,0.062383061340864125,Lanier
2026,1642419,144,1.2708333333333333,1.1328362974038368,0.13799703592949641,0.010674285403048695,0.004818209711840117,0.31100282272864194,0.0429174677022592,0.0576171232443905,Battle
2026,1642434,23,1.391304347826087,1.16653671153526,0.22476763629082686,0.06363043103811965,0.004818209711840117,0.0703916054292568,0.015821754767050587,0.06692569159096418,Minix
2026,1642443,25,0.92,1.0147029775848682,-0.09470297758486812,0.05378120963206426,0.004818209711840117,0.0822228234645693,-0.007786746207529675,0.06649844287867358,Young
2026,1642449,36,1.0,1.167465082508964,-0.16746508250896408,0.02411224129478986,0.004818209711840117,0.16654457653411384,-0.027890401250705858,0.06337004825411725,Smith
2026,1642450,567,0.9417989417989417,0.9848205481240138,-0.043021606325072015,0.002319394321356388,0.004818209711840117,0.6750458122124673,-0.029041555184393258,0.03956889464593378,Jenkins
2026,1642461,262,1.2251908396946565,1.1794128281466798,0.04577801154797667,0.005892135393832664,0.004818209711840117,0.44986502902582765,0.0205939264937752,0.051484615760153424,Jones
2026,1642468,1,0.0,0.757270485660808,-0.757270485660808,0.9410823828686599,0.004818209711840117,0.005093780202310284,-0.0038573694076529177,0.06923631135899258,Brown
2026,1642484,83,0.7951807228915663,1.006966236416885,-0.2117855135253187,0.018679632742234272,0.004818209711840117,0.20504902615025694,-0.04342641330109867,0.061888936835589534,Dennis
2026,1642490,17,1.2941176470588236,1.1055283475182438,0.1885892995405798,0.06330073917482476,0.004818209711840117,0.07073229682179287,0.013339354312518295,0.06691342669713303,Oduro
2026,1642502,72,0.9444444444444444,1.0872538525381619,-0.14280940809371745,0.016137615346806487,0.004818209711840117,0.22992221486655665,-0.032835055412689475,0.060913022115162564,Leons
2026,1642504,102,1.303921568627451,1.093953862478479,0.20996770614897198,0.01557020636374264,0.004818209711840117,0.2363209429304527,0.04961976630206927,0.06065942506734956,Ryan
2026,1642530,52,0.8653846153846154,1.050890808952448,-0.1855061935678326,0.033740045634792694,0.004818209711840117,0.12495922516527652,-0.023180710211596164,0.06493173307070099,Kawamura
2026,1642843,1194,0.9966499162479062,1.0189786333120545,-0.022328717064148296,0.0009591726774913925,0.004818209711840117,0.833977982959446,-0.01862165841923056,0.028283014246789234,Flagg
2026,1642844,654,1.1009174311926606,1.1084123482957478,-0.00749491710308714,0.001856354756381895,0.004818209711840117,0.7218762714451097,-0.0054104028131667274,0.03660680879312423,Harper
2026,1642845,1030,1.0203883495145631,1.0740144489954662,-0.05362609948090302,0.0013293003578807954,0.004818209711840117,0.7837660544180054,-0.04203031640397481,0.03227786387964163,Edgecombe
2026,1642846,892,1.039237668161435,1.0759156034411754,-0.03667793527974039,0.0015935672706882476,0.004818209711840117,0.7514624611818838,-0.027562091516383558,0.03460499939734557,Bailey
2026,1642847,1006,0.9691848906560636,1.059223872647867,-0.09003898199180349,0.0012629360377359664,0.004818209711840117,0.792319393459036,-0.07133963159941481,0.03163303202977102,Fears
2026,1642848,647,1.0154559505409582,1.0083775300047815,0.007078420536176688,0.0023357841031631872,0.004818209711840117,0.6734992839573614,0.004767311162664082,0.039662941405793316,Johnson
2026,1642849,479,0.8872651356993737,1.0194922227303647,-0.13222708703099095,0.0029104647517403225,0.004818209711840117,0.6234199324275846,-0.08243300166195673,0.04259626437685374,Traore
2026,1642851,1083,1.2031394275161589,1.0608533252901773,0.1422861022259816,0.0014878924785089794,0.004818209711840117,0.7640551273041435,0.10871442594988275,0.03371693754008593,Knueppel
2026,1642852,748,0.9772727272727273,1.0683576103430448,-0.09108488307031748,0.0013835602424483104,0.004818209711840117,0.7769088094775911,-0.07076464806756595,0.032785669747635846,Queen
2026,1642853,215,1.0186046511627906,1.1841322532465706,-0.16552760208377992,0.007390711412094657,0.004818209711840117,0.39464664100371155,-0.06532491215576271,0.05400666100964726,Fleming
2026,1642854,169,1.2485207100591715,1.2547344668228013,-0.006213756763629785,0.007907048193817372,0.004818209711840117,0.3786335607153394,-0.002352736848832169,0.05471630298524256,Newell
2026,1642855,3,0.0,1.303961341485523,-1.303961341485523,0.5537004601502793,0.004818209711840117,0.008626765714080033,-0.011248968993213114,0.06911327040080485,Essengue
2026,1642856,449,1.0734966592427617,1.0666721123284393,0.006824546914322438,0.003889668892941277,0.004818209711840117,0.5533161324957486,0.0037761319046686866,0.046391987977788665,Dëmin
2026,1642857,238,1.134453781512605,1.0860185316440798,0.04843524986852521,0.007074767154009029,0.004818209711840117,0.40513067217642335,0.01962260533626864,0.05353695146901213,Jakučionis
2026,1642859,188,1.0957446808510638,1.0535757346977728,0.04216894615329103,0.007498571204165753,0.004818209711840117,0.39119066456550916,0.016496098069733088,0.0541606042493009,Richardson
2026,1642860,618,1.0032362459546926,1.038395049766518,-0.035158803811825345,0.0022137037387928295,0.004818209711840117,0.6851918394141252,-0.024090525455424967,0.03894626730126245,Riley
2026,1642862,95,1.0526315789473684,1.0261057927409083,0.026525786206460067,0.01722516656944084,0.004818209711840117,0.2185785721006677,0.0057979684728556285,0.061360022106780036,McNeeley
2026,1642863,105,1.1142857142857143,1.3113518809313727,-0.19706616664565835,0.00946457026882037,0.004818209711840117,0.33734397073708233,-0.06647908315418195,0.05650500611276844,Maluach
2026,1642864,246,1.1219512195121952,1.1224646029129173,-0.000513383400722045,0.005869761866289646,0.004818209711840117,0.4508067481859109,-0.00023143670145212952,0.05144053129165463,González
2026,1642866,98,1.3265306122448979,1.3785888915228883,-0.05205827927799045,0.007445647218999238,0.004818209711840117,0.39287882588747325,-0.020452595640459065,0.05408546142331367,Beringer
2026,1642867,342,1.2076023391812865,1.2801243908525308,-0.07252205167124437,0.002835456382199129,0.004818209711840117,0.6295296466607797,-0.045654781563713276,0.04224930596362348,Murray-Boyles
2026,1642868,265,1.0113207547169811,1.1843477249740908,-0.17302697025710967,0.005778282684077458,0.004818209711840117,0.45469854852124364,-0.07867511223093616,0.051257943280973106,Bryant
2026,1642869,203,0.9556650246305419,1.0659778491218386,-0.11031282449129665,0.006998019102049387,0.004818209711840117,0.407762052320492,-0.044981383711841356,0.05341841097626982,Penda
2026,1642873,20,1.0,1.2433936166580004,-0.2433936166580004,0.03899544749925561,0.004818209711840117,0.10997049820848814,-0.026766117284646083,0.06548548533343922,Williams
2026,1642874,440,0.9636363636363636,1.0762389774646381,-0.11260261382827452,0.003309593152907757,0.004818209711840117,0.5928059270159942,-0.06675149687489429,0.0442938645531779,Wolf
2026,1642875,671,1.1773472429210134,1.0067228421689527,0.17062440075206076,0.001572745949261236,0.004818209711840117,0.7539106774228184,0.12863555755584857,0.03443413951330179,Raynaud
2026,1642876,31,1.064516129032258,1.2617059720730226,-0.1971898430407646,0.028195903996319986,0.004818209711840117,0.14594393641557002,-0.028778661914537578,0.06414843115788912,Thiero
2026,1642877,275,0.8727272727272727,1.141694477697422,-0.26896720497014937,0.00486027562272872,0.004818209711840117,0.4978268339810179,-0.13389909209501297,0.049189181997042385,Peavy
2026,1642878,225,1.031111111111111,1.065602393019677,-0.034491281908565874,0.006975550835502886,0.004818209711840117,0.4085388788841913,-0.014091029642204093,0.053383365554599806,Proctor
2026,1642879,303,0.8547854785478548,1.043328565698258,-0.18854308715040324,0.00412169766310259,0.004818209711840117,0.538955216174261,-0.10161628029330812,0.047131841201277114,Saraf
2026,1642880,169,0.9349112426035503,1.0058389404920933,-0.07092769788854303,0.008481254829366718,0.004818209711840117,0.3622859925609379,-0.02569611142961315,0.055431397456850835,Jones
2026,1642882,119,1.0588235294117647,1.1185743317027512,-0.059750802290986504,0.007413343832036665,0.004818209711840117,0.39391641417881484,-0.023536821782772718,0.05403922482225774,Reese
2026,1642883,371,0.9595687331536388,1.108965264315242,-0.14939653116160312,0.004439139303673593,0.004818209711840117,0.5204740259620366,-0.07775701403844243,0.04806721029131301,James
2026,1642884,4,1.5,1.3900670070618555,0.10993299293814451,0.1887201876881034,0.004818209711840117,0.02489536844662083,0.002736822363634874,0.06854384440495566,Goldin
2026,1642885,213,1.0704225352112675,1.0803236773181781,-0.009901142106910621,0.007621707441864053,0.004818209711840117,0.3873184726479809,-0.0038348952383192333,0.054332569287238154,Diawara
2026,1642886,36,1.1944444444444444,1.0609483380976708,0.13349610634677367,0.05109896560411565,0.004818209711840117,0.08616690103917424,0.011502945784697526,0.06635540303859212,Brea
2026,1642905,99,0.6767676767676768,1.1009474226574227,-0.42417974588974594,0.013761162228341776,0.004818209711840117,0.25933114032879123,-0.11000301720596471,0.05973857960250949,Yang
2026,1642907,648,1.0848765432098766,1.0735060235643374,0.011370519645539146,0.0021519288721517033,0.004818209711840117,0.6912645500199959,0.007860037146267141,0.03856879753742634,Coward
2026,1642910,14,0.7857142857142857,1.0441401947804583,-0.2584259090661726,0.12447446471421568,0.004818209711840117,0.0372659141999241,-0.009630477754297375,0.0681076700682195,Tonje
2026,1642911,8,1.25,1.1208114733396517,0.1291885266603483,0.09975870500689343,0.004818209711840117,0.04607335877902888,0.005952149338956365,0.06779541730171668,Zikarsky
2026,1642914,288,1.1388888888888888,1.0457595540678888,0.09312933482100005,0.005121407770165707,0.004818209711840117,0.48474800167740434,0.04514425895202569,0.049825617731875216,Small
2026,1642917,8,0.625,0.9781582646012676,-0.35315826460126765,0.1901107693872475,0.004818209711840117,0.02471777020589069,-0.008729284830725274,0.06855008615150722,Shulga
2026,1642918,50,0.72,1.0887311572088894,-0.3687311572088894,0.02732187732211001,0.004818209711840117,0.1499127773596431,-0.05527751187621979,0.06399920712037736,Martin
2026,1642920,384,1.140625,1.0566963848765374,0.08392861512346261,0.0038995548381535647,0.004818209711840117,0.5526886719880051,0.04638639483437895,0.04642456014701156,Sanders
2026,1642928,179,1.1843575418994414,1.2045000680446842,-0.02014252614524281,0.004678636163723099,0.004818209711840117,0.5073484159870468,-0.010219278733766617,0.04872061829086971,Cardwell
2026,1642933,12,0.8333333333333334,1.028846430448474,-0.19551309711514053,0.10386130269946699,0.004818209711840117,0.044334112335774764,-0.00866789961061788,0.06785719314279125,Gilbert
2026,1642935,6,0.0,1.0332327063366589,-1.0332327063366589,0.31283433097661933,0.004818209711840117,0.015168176213536472,-0.015672255759303623,0.06888487684461049,Hepburn
2026,1642938,27,1.037037037037037,0.9812670498381956,0.05576998719884141,0.06212835636678191,0.004818209711840117,0.07197097616898845,0.004013820419632606,0.06686881526909298,Jones
2026,1642939,44,0.9545454545454546,1.1227133115667305,-0.1681678570212759,0.041188183641565825,0.004818209711840117,0.10472913351038449,-0.017612073950136455,0.06567802359730218,Kelly
2026,1642942,195,0.8871794871794871,1.0518961664573525,-0.16471667927786537,0.006950604325647228,0.004818209711840117,0.40940486411737115,-0.06743580969761907,0.053344270727747466,Mashack
2026,1642948,390,0.9538461538461539,0.9620054805455924,-0.00815932669943853,0.0034389990173799697,0.004818209711840117,0.5835155522700719,-0.004761094025174817,0.04479631023737008,Nembhard
2026,1642949,100,1.29,1.2543648363010893,0.03563516369891073,0.008493068692292388,0.004818209711840117,0.36196446092993567,0.012898662818426236,0.05544536978726473,Niederhäuser
2026,1642950,77,0.961038961038961,1.1585267850973289,-0.19748782405836784,0.014952628284048274,0.004818209711840117,0.24370285735193054,-0.048128347015239575,0.060365538494606824,Olbrich
2026,1642951,15,0.8666666666666667,0.9598418469945739,-0.09317518032790717,0.1117995878701043,0.004818209711840117,0.041316246848638015,-0.0038496487505941734,0.06796425067649334,Pedulla
2026,1642954,346,1.1416184971098267,1.1480798094682014,-0.006461312358374771,0.004649538395699906,0.004818209711840117,0.5089076786910861,-0.003288211473598532,0.04864345579767864,Richard
2026,1642955,16,1.375,1.1432204302935647,0.23177956970643532,0.07236742897527525,0.004818209711840117,0.06242365540786051,0.014468527989936704,0.06721189960940996,Richmond
2026,1642959,63,0.9841269841269841,1.0493629859793967,-0.06523600185241263,0.0302252424276826,0.004818209711840117,0.13749243917684817,-0.008969457016833597,0.0644650471658374,Youngblood
2026,1642962,358,0.946927374301676,1.0655218517216911,-0.11859447742001517,0.004210459589889708,0.004818209711840117,0.5336566830415401,-0.06328873544701012,0.047401897628902845,Powell
2026,1642964,71,0.8591549295774648,1.086383242498093,-0.22722831292062828,0.01816481848257586,0.004818209711840117,0.2096420746249079,-0.047636614934198275,0.06170988763457664,Barnhizer
2026,1642967,91,1.1978021978021978,1.0570889225603712,0.14071327524182653,0.02094922046544298,0.004818209711840117,0.18698836782287714,0.02631174566848041,0.06258802235248209,Poulakidas
2026,1643007,158,1.018987341772152,1.1252725120315812,-0.10628517025942918,0.011222406651003946,0.004818209711840117,0.3003755967258748,-0.031925471439787245,0.05805977173995551,Peter
2026,1643016,100,1.06,1.0686463385811291,-0.008646338581129065,0.01269812216535785,0.004818209711840117,0.27506956054607884,-0.0023783445538437787,0.05910048124834016,Mbeng
2026,1643018,117,1.1196581196581197,1.0407199859721057,0.07893813368601399,0.015831121237354664,0.004818209711840117,0.2333349067674274,0.018419022064020796,0.06077790057201705,Cryer
2026,1643024,6,0.6666666666666666,1.170509691911314,-0.5038430252446474,0.24582516786321426,0.004818209711840117,0.01922336731357412,-0.009685559542660255,0.06874290870159323,Mañon
2026,1643047,11,1.0909090909090908,1.3859063090271233,-0.2949972181180325,0.09310425580587173,0.004818209711840117,0.04920433412666286,-0.014515141686715714,0.06768406689381486,Huntley
2026,1643052,94,1.1808510638297873,1.1651096174582594,0.015741446371527967,0.012826005380611849,0.004818209711840117,0.2730758884197293,0.004298609452916524,0.0591816932352126,Johnson
2026,1643060,3,1.3333333333333333,0.8904640813230418,0.4428692520102915,0.44123126856947553,0.004818209711840117,0.010801962442384823,0.004783857027102228,0.069037407189822,Gray
2026,1643133,10,1.2,1.3767810247719985,-0.17678102477199853,0.07132400042990733,0.004818209711840117,0.06327908925772534,-0.011186542245619449,0.06718123093113244,Lovering
2026,1643141,4,0.0,1.0702184580884837,-1.0702184580884837,0.5156806074959553,0.004818209711840117,0.009256908089988173,-0.009906913902733953,0.06909130182142557,Telfort
2026,1643158,29,0.6551724137931034,1.1137331337695595,-0.4585607199764561,0.047645219900386504,0.004818209711840117,0.09183939646060102,-0.04211393976317639,0.06614913635025112,Garcia
2026,1643253,70,0.8428571428571429,1.051185415352305,-0.20832827249516217,0.020480135816063443,0.004818209711840117,0.19045552629225218,-0.03967727077962183,0.062454423745521556,Okani
2026,1643257,7,1.2857142857142858,1.2932280834778898,-0.007513797763603947,0.20310911898782608,0.004818209711840117,0.023172565828514163,-0.00017411397329925496,0.06860436888505655,Kent
